year,session_number,race_location,driver_number,driver_name,team_name,qualifying_position,qualifying_field_size,qualifying_position_percentile,qualified_top_10,teammate_qualifying_position,qualifying_vs_teammate,valid_qualifying_laps,best_qualifying_lap,median_qualifying_lap,mean_qualifying_lap,qualifying_lap_sd,qualifying_gap_to_pole,maximum_speed_i1,maximum_speed_i2,maximum_finish_line_speed,maximum_speed_trap,qualifying_stints,qualifying_compounds,average_qualifying_position_last_3,average_qualifying_position_last_5,average_gap_to_pole_last_5,race_air_temperature,race_track_temperature,race_humidity,race_pressure,race_wind_speed,race_max_wind_speed,race_min_air_temperature,race_max_air_temperature,race_rain,race_rain_fraction,previous_finish,previous_points,previous_dnf,driver_rating,average_finish_last_3,average_finish_last_5,finish_sd_last_5,average_points_last_5,total_points_last_5,dnf_rate_last_5,average_positions_gained_last_5,season_points_before_race,career_races_before,team_average_finish_last_3,team_average_finish_last_5,team_average_points_last_5,team_dnf_rate_last_5,target_position,target_championship_points,overtakes_made,best_pit_sec,fastest_lap_flag,fantasy_points
2020,1,Spielberg,23,Alexander Albon,Red Bull Racing,5,20,0.210526315789473684210526,1,3,2,12,63.746,64.853,75.224,12.106067502027084,0.8070000000000022,320.0,255.0,289.0,319.0,5,1,6.0,5.8,0.6438000000000045,28.68416666666667,52.02499999999999,33.8325,938.7708333333335,1.8874999999999997,3.6,26.9,30.0,0,0.00000,,,,79.0,,,,,,,,,0,,,,,13,0.0,8,17.129000000000815,,30
2020,2,Spielberg,23,Alexander Albon,Red Bull Racing,7,20,0.315789473684210526315789,1,2,5,26,79.014,82.673,84.02523076923077,4.295252181725235,1.188999999999993,294.0,216.0,265.0,295.0,3,1,5.666666666666667,5.6,0.6478000000000037,20.822499999999994,39.92,34.005,945.9099999999996,2.228333333333333,4.5,19.4,22.1,1,0.01667,13,0.0,1,79.0,13.0,13.0,,0.0,0.0,1.0,-9.0,0.0,1,16.5,16.5,0.0,1.0,4,12.0,4,20.201000000000022,,14
2020,3,Budapest,23,Alexander Albon,Red Bull Racing,13,20,0.631578947368421052631579,0,7,6,12,75.715,77.115,88.76341666666667,13.14084603238961,2.2680000000000007,283.0,256.0,264.0,312.0,4,1,6.0,6.0,0.7700000000000017,20.74179104477611,27.12985074626864,77.19253731343284,986.3149253731342,1.5597014925373138,2.8,19.9,21.8,1,0.01493,4,12.0,0,79.0,8.5,8.5,6.363961030678928,6.0,12.0,0.5,-3.5,12.0,2,10.0,10.0,13.5,0.5,5,10.0,10,22.13799999999992,,4
2020,4,Silverstone,23,Alexander Albon,Red Bull Racing,12,20,0.578947368421052631578947,0,3,9,7,86.545,86.643,99.05371428571428,18.167234844762753,2.2420000000000044,312.0,267.0,260.0,313.0,3,2,8.333333333333334,7.4,1.1198000000000008,21.291406249999998,40.63281250000001,44.16796875,998.40859375,3.114062500000001,4.7,20.8,22.1,0,0.00000,5,10.0,0,79.0,7.333333333333333,7.333333333333333,4.932882862316247,7.333333333333333,22.0,0.3333333333333333,0.3333333333333333,22.0,3,7.833333333333333,7.833333333333333,18.333333333333332,0.3333333333333333,8,4.0,10,28.835000000000036,,6
2020,5,Silverstone,23,Alexander Albon,Red Bull Racing,9,20,0.421052631578947368421053,1,4,5,11,86.642,88.482,99.27600000000001,14.383915864603772,1.4879999999999995,313.0,274.0,253.0,328.0,6,2,10.666666666666666,8.6,1.4818000000000011,25.28706896551725,43.22758620689654,58.55603448275865,1000.9508620689652,2.236206896551725,4.3,23.5,26.8,0,0.00000,8,4.0,0,79.0,5.666666666666667,7.5,4.041451884327381,6.5,26.0,0.25,1.25,26.0,4,4.0,7.125,19.5,0.25,5,10.0,15,28.09399999999914,,19
2020,6,Barcelona,23,Alexander Albon,Red Bull Racing,6,20,0.263157894736842105263158,1,3,3,11,77.029,77.785,89.8809090909091,14.486718734444631,1.4449999999999932,290.0,301.0,287.0,316.0,6,1,11.333333333333334,9.2,1.5988,29.796899224806182,47.55581395348835,56.38449612403102,997.7038759689932,1.5449612403100779,2.9,28.6,30.7,0,0.00000,5,10.0,0,79.0,6.0,7.0,3.6742346141747673,7.2,36.0,0.2,1.8,36.0,5,3.8333333333333335,6.3,22.6,0.2,8,4.0,10,21.688000000000102,,23
2020,7,Spa-Francorchamps,23,Alexander Albon,Red Bull Racing,5,20,0.210526315789473684210526,1,3,2,9,102.193,103.418,123.18444444444445,30.09882015590939,0.9409999999999883,330.0,219.0,228.0,309.0,5,1,9.0,9.4,1.7263999999999982,18.568595041322304,29.82396694214875,54.85289256198344,962.4297520661155,1.4652892561983484,3.3,17.4,20.1,0,0.00000,8,4.0,0,79.0,7.0,6.0,1.8708286933869707,8.0,40.0,0.0,3.2,40.0,6,4.333333333333333,4.0,27.0,0.0,6,8.0,2,22.68600000000015,,18
2020,8,Monza,23,Alexander Albon,Red Bull Racing,9,20,0.421052631578947368421053,1,5,4,12,80.064,81.104,92.56524999999999,13.500890550592983,1.1769999999999925,335.0,334.0,319.0,342.0,6,1,6.666666666666667,9.0,1.6767999999999972,28.090909090909104,41.20139860139859,40.12447552447552,990.7804195804187,1.5209790209790213,3.1,27.3,28.9,0,0.00000,6,8.0,0,79.0,6.333333333333333,6.4,1.51657508881031,7.2,36.0,0.0,2.6,48.0,7,4.166666666666667,4.2,26.2,0.0,15,0.0,8,29.672000000000025,,22
2020,9,Mugello,23,Alexander Albon,Red Bull Racing,4,20,0.157894736842105263157895,1,3,1,7,75.914,77.018,97.963,27.375881520053376,0.769999999999996,281.0,259.0,307.0,311.0,5,1,6.666666666666667,8.2,1.4585999999999957,30.169886363636337,43.10227272727272,39.94431818181818,993.6153409090938,2.36477272727273,4.4,29.6,30.7,0,0.00000,15,0.0,0,79.0,9.666666666666666,8.4,3.9115214431215892,5.2,26.0,0.0,-0.2,48.0,8,8.5,6.7,20.6,0.1,3,15.0,7,17.606000000000222,,27
2020,10,Sochi,23,Alexander Albon,Red Bull Racing,10,20,0.473684210526315789473684,1,2,8,10,93.00800000000001,93.919,106.2798,16.935514077425186,1.7040000000000077,274.0,320.0,169.0,322.0,6,1,6.0,6.6,1.164199999999994,28.80606060606062,40.342424242424265,51.36287878787878,1012.878787878789,1.428787878787879,3.2,27.6,30.5,0,0.00000,3,15.0,0,79.0,8.0,7.4,4.615192303685731,7.4,37.0,0.0,-0.8,63.0,9,10.5,7.9,19.0,0.2,10,1.0,14,30.105000000000473,,16
2020,11,Nürburgring,23,Alexander Albon,Red Bull Racing,5,20,0.210526315789473684210526,1,3,2,10,86.047,92.87,100.3171,14.210044440074384,0.7779999999999916,270.0,242.0,260.0,312.0,5,1,7.666666666666667,6.8,1.2073999999999956,9.499999999999998,16.36020408163265,59.40408163265304,947.35918367347,1.6173469387755104,3.1,8.9,9.9,1,0.02041,10,1.0,0,79.0,9.333333333333334,8.4,4.505552130427524,5.6,28.0,0.0,-0.6,64.0,10,11.0,8.5,15.8,0.2,17,0.0,8,23.616999999999962,,38
2020,12,Portimão,23,Alexander Albon,Red Bull Racing,6,20,0.263157894736842105263158,1,3,3,22,77.411,78.26,89.03886363636363,12.492510260134553,0.9449999999999932,280.0,199.0,306.0,319.0,6,2,6.333333333333333,6.6,1.0739999999999952,20.505468749999977,25.71562499999998,67.52812500000002,1007.3406250000008,4.0406249999999995,7.0,20.0,21.0,0,0.00000,17,0.0,1,79.0,10.0,10.2,5.890670590009257,4.8,24.0,0.2,-2.6,64.0,11,8.833333333333334,9.4,15.2,0.3,12,0.0,11,25.997999999999593,,28
2020,13,Imola,23,Alexander Albon,Red Bull Racing,6,20,0.263157894736842105263158,1,3,3,14,74.572,76.71000000000001,89.12007142857144,15.188320175836967,0.9630000000000081,238.0,265.0,283.0,294.0,6,2,7.0,6.8,1.0747999999999962,18.030400000000004,23.26079999999999,71.13680000000001,1017.8919999999997,1.3415999999999992,3.1,16.9,18.5,0,0.00000,12,0.0,0,79.0,13.0,11.4,5.412947441089743,3.2,16.0,0.2,-3.6,64.0,12,7.666666666666667,10.0,13.6,0.3,15,0.0,9,29.557999999999993,,32
2020,14,Istanbul,23,Alexander Albon,Red Bull Racing,4,20,0.157894736842105263157895,1,2,2,17,110.44800000000001,116.487,118.72541176470588,7.266159646426228,2.683000000000007,258.0,273.0,216.0,268.0,5,2,5.666666666666667,6.2,1.0319999999999994,13.095683453237404,15.20575539568346,80.16115107913672,1008.4964028776968,1.066187050359712,2.7,12.1,13.8,1,0.04317,15,0.0,0,79.0,14.666666666666666,11.4,5.412947441089743,3.2,16.0,0.2,-4.2,64.0,13,11.0,10.0,13.6,0.3,7,6.0,8,22.527000000000044,,27
2020,15,Sakhir,23,Alexander Albon,Red Bull Racing,4,20,0.157894736842105263157895,1,3,1,10,88.274,89.376,103.03320000000001,15.31473449401661,1.0100000000000051,246.0,272.0,293.0,324.0,6,2,5.333333333333333,6.2,1.4146000000000014,25.09907407407409,27.54814814814815,67.8472222222222,1015.8972222222209,0.8430555555555546,1.8,24.4,26.6,0,0.00000,7,6.0,0,79.0,11.333333333333334,12.2,3.96232255123179,1.4,7.0,0.2,-5.0,70.0,14,10.0,9.1,13.4,0.2,3,15.0,5,23.784999999999854,,25
2020,16,Sakhir,23,Alexander Albon,Red Bull Racing,12,20,0.578947368421052631578947,0,3,9,9,54.026,72.992,70.09166666666667,17.46882472434823,0.6490000000000009,289.0,269.0,296.0,323.0,3,1,4.666666666666667,5.0,1.275800000000001,20.947244094488184,23.46929133858268,58.16929133858269,1015.9417322834645,1.9480314960629923,3.4,20.4,22.0,0,0.00000,3,15.0,0,79.0,8.333333333333334,10.8,5.761944116355173,4.2,21.0,0.2,-5.8,85.0,15,8.333333333333334,8.4,16.4,0.2,6,8.0,16,23.65900000000056,,12
2020,17,Yas Island,23,Alexander Albon,Red Bull Racing,5,20,0.210526315789473684210526,1,1,4,10,95.571,96.12100000000001,112.43409999999999,17.8353102608281,0.32499999999998863,288.0,320.0,228.0,321.0,5,2,6.666666666666667,6.4,1.2500000000000029,23.121481481481517,27.980000000000008,55.44666666666665,1015.8474074074076,2.5044444444444425,4.0,22.1,23.7,0,0.00000,6,8.0,0,79.0,5.333333333333333,8.6,4.8270073544588685,5.8,29.0,0.0,-2.2,93.0,16,7.166666666666667,9.0,14.2,0.2,4,12.0,1,21.49499999999989,,17
2022,1,Sakhir,23,Alexander Albon,Williams,14,20,0.684210526315789473684211,0,20,-6,8,92.664,101.304,103.14125,10.174589479258048,2.1060000000000088,240.0,272.0,288.0,316.0,5,2,7.0,6.2,1.1260000000000019,23.617791411042962,28.610429447852766,29.49079754601227,1010.3858895705521,0.3049079754601232,0.8,22.3,25.7,0,0.00000,4,12.0,0,,4.333333333333333,7.0,4.743416490252569,8.2,41.0,0.0,-0.8,,17,16.833333333333332,16.3,0.0,0.4,13,0.0,11,24.90599999999995,,9
2022,2,Jeddah,23,Alexander Albon,Williams,17,20,0.842105263157894736842105,0,19,-2,6,90.492,93.551,112.11616666666667,23.56933519144455,16.822000000000003,288.0,323.0,304.0,327.0,2,1,10.333333333333334,7.8,1.354600000000002,25.42039473684213,28.4092105263158,59.66447368421053,1012.7776315789473,2.3592105263157874,4.0,25.3,25.6,0,0.00000,13,0.0,0,,7.666666666666667,6.6,3.9115214431215892,8.2,41.0,0.0,1.2,0.0,18,15.666666666666666,15.9,0.0,0.4,14,0.0,6,20.667999999999665,,0
2022,3,Melbourne,23,Alexander Albon,Williams,16,20,0.789473684210526315789474,0,19,-3,7,80.135,81.152,91.57585714285713,14.887625414289225,2.26700000000001,283.0,305.0,303.0,317.0,3,1,12.0,10.4,4.182400000000001,26.697435897435888,37.40833333333329,43.65384615384615,1014.2461538461532,1.8128205128205122,4.4,25.8,27.4,0,0.00000,14,0.0,1,,10.333333333333334,8.0,5.1478150704935,7.0,35.0,0.2,2.2,0.0,19,15.833333333333334,16.2,0.0,0.6,10,1.0,10,19.888999999999214,,-1
2022,4,Imola,23,Alexander Albon,Williams,20,20,1.000000000000000000000000,0,18,2,1,123.171,123.171,123.171,,44.49300000000001,192.0,239.0,271.0,241.0,1,1,15.666666666666666,12.8,4.433800000000002,12.899367088607601,17.418987341772137,83.17088607594937,1001.0386075949358,1.4822784810126568,2.5,11.1,14.2,0,0.00000,10,1.0,0,,12.333333333333334,9.4,4.33589667773576,4.2,21.0,0.2,4.0,1.0,20,14.5,15.2,0.2,0.5,11,0.0,3,30.76299999999992,,-15
2022,5,Miami,23,Alexander Albon,Williams,18,20,0.894736842105263157894737,0,19,-1,7,91.26599999999999,92.495,102.04828571428573,12.873966388468965,2.469999999999999,221.0,190.0,288.0,330.0,2,1,17.666666666666668,14.4,13.202600000000004,30.61728395061729,42.81975308641976,58.858024691358025,1009.3049382716049,2.26728395061728,5.0,29.4,32.3,1,0.05556,11,0.0,0,,11.666666666666666,10.4,3.9115214431215897,2.6,13.0,0.2,4.2,1.0,21,14.166666666666666,14.8,0.2,0.4,9,2.0,12,20.05200000000059,,-4
2022,6,Barcelona,23,Alexander Albon,Williams,19,20,0.947368421052631578947368,0,20,-1,4,81.645,82.429,99.3185,20.990906562922277,2.894999999999996,283.0,293.0,289.0,333.0,2,1,18.0,17.0,13.631600000000006,36.56585365853659,48.95731707317072,7.109756097560975,996.0158536585362,3.4884146341463396,5.5,35.9,37.2,0,0.00000,9,2.0,0,,10.0,11.4,2.073644135332772,0.6,3.0,0.2,5.8,3.0,22,12.666666666666666,13.7,0.6,0.2,18,0.0,7,22.655000000000655,,5
2022,7,Monaco,23,Alexander Albon,Williams,16,20,0.789473684210526315789474,0,19,-3,12,73.611,95.122,89.2235,13.685974522713519,2.2349999999999994,210.0,200.0,272.0,285.0,3,1,19.0,18.0,13.789400000000004,22.274693877550995,31.038367346938788,75.66530612244898,1002.9922448979627,0.9902040816326523,3.2,20.9,24.3,1,0.43673,18,0.0,0,,12.666666666666666,12.4,3.6469165057620936,0.6,3.0,0.2,5.6,3.0,23,14.0,14.2,0.6,0.2,18,0.0,5,26.94800000000032,,9
2022,8,Baku,23,Alexander Albon,Williams,17,20,0.842105263157894736842105,0,18,-1,6,104.719,104.989,120.28849999999998,16.960838431516287,3.359999999999985,221.0,237.0,336.0,318.0,2,1,17.666666666666668,17.8,10.872000000000003,25.435403726708074,47.149689440993804,59.49068322981366,1009.9012422360254,1.5291925465838494,2.9,24.9,26.1,0,0.00000,18,0.0,1,,15.0,13.2,4.43846820423443,0.6,3.0,0.2,4.8,3.0,24,15.0,14.3,0.6,0.1,12,0.0,5,21.52900000000045,,-5
2022,9,Montréal,23,Alexander Albon,Williams,12,20,0.578947368421052631578947,0,19,-7,17,86.858,97.40100000000001,102.4639411764706,14.149318382304623,5.5589999999999975,225.0,279.0,278.0,309.0,3,2,17.333333333333332,18.0,11.090599999999998,20.762962962962966,41.261111111111084,28.925925925925927,1012.4012345679009,3.5524691358024683,5.6,18.8,22.3,0,0.00000,12,0.0,0,,16.0,13.6,4.159326868617084,0.4,2.0,0.2,3.8,3.0,25,15.666666666666666,14.4,0.4,0.1,13,0.0,6,23.55999999999949,,8
2022,10,Silverstone,23,Alexander Albon,Williams,16,20,0.789473684210526315789474,0,10,6,10,102.078,107.60900000000001,113.26329999999999,12.486978186628393,2.9490000000000123,296.0,244.0,227.0,300.0,2,1,15.0,16.4,3.3037999999999954,18.253201970443335,30.026108374384233,59.748768472906406,1002.3581280788169,1.4561576354679806,3.9,17.5,19.2,1,0.04433,13,0.0,0,,14.333333333333334,14.0,3.9370039370059056,0.4,2.0,0.2,2.2,3.0,26,14.833333333333334,14.6,0.4,0.1,20,0.0,0,,,8
2022,11,Spielberg,23,Alexander Albon,Williams,11,20,0.526315789473684210526316,0,19,-8,10,66.23,67.283,75.8214,10.324999394135036,1.2460000000000093,316.0,247.0,286.0,320.0,5,1,15.0,16.0,3.399599999999998,20.255921052631592,30.74671052631582,35.13815789473684,939.7124999999984,1.2552631578947366,3.9,19.7,21.1,0,0.00000,20,0.0,1,,15.0,16.2,3.492849839314596,0.0,0.0,0.4,-0.4,3.0,27,14.666666666666666,15.5,0.0,0.2,12,0.0,12,22.096999999999753,,14
2022,12,Le Castellet,23,Alexander Albon,Williams,15,20,0.736842105263157894736842,0,20,-5,7,93.307,125.194,117.11528571428572,22.818193243654548,2.4350000000000023,119.0,280.0,302.0,333.0,4,1,13.0,14.4,3.0698000000000008,30.164843750000003,54.46171874999998,47.734375,967.9078124999985,1.9460937500000002,4.0,29.1,30.8,0,0.00000,12,0.0,0,,15.0,15.0,3.7416573867739413,0.0,0.0,0.4,0.2,3.0,28,15.333333333333334,15.2,0.0,0.3,13,0.0,2,37.345000000000255,,-2
2022,13,Budapest,23,Alexander Albon,Williams,17,20,0.842105263157894736842105,0,20,-3,8,79.256,80.781,94.51362499999999,16.99635770172539,1.8790000000000049,283.0,249.0,258.0,310.0,2,1,14.0,14.2,3.1098000000000012,18.55988023952095,26.72095808383233,69.31736526946108,985.5814371257485,4.034131736526945,5.8,17.8,19.4,1,0.27545,13,0.0,0,,15.0,14.0,3.391164991562634,0.0,0.0,0.2,0.6,3.0,29,15.5,14.9,0.0,0.3,17,0.0,13,21.787000000000262,,13
2022,14,Spa-Francorchamps,23,Alexander Albon,Williams,9,20,0.421052631578947368421053,1,17,-8,11,105.672,106.806,117.59645454545453,13.90652557156989,2.007000000000005,338.0,204.0,223.0,314.0,6,1,14.333333333333334,14.2,2.8136000000000054,21.78717948717949,36.083974358974366,40.51923076923077,971.0519230769214,1.5192307692307678,3.5,20.7,22.5,0,0.00000,17,0.0,0,,14.0,15.0,3.391164991562634,0.0,0.0,0.2,-0.4,3.0,30,16.0,15.7,0.0,0.3,10,1.0,12,23.333999999999833,,17
2022,15,Zandvoort,23,Alexander Albon,Williams,15,20,0.736842105263157894736842,0,20,-5,11,71.695,96.787,88.64363636363636,16.059170945430076,1.3529999999999944,284.0,287.0,316.0,322.0,4,1,13.666666666666666,13.6,2.103200000000007,22.730061349693237,33.44601226993866,75.38036809815951,1017.1098159509202,1.0619631901840485,2.0,22.3,23.3,0,0.00000,10,1.0,0,,13.333333333333334,14.4,4.03732584763727,0.2,1.0,0.2,-1.0,4.0,31,15.5,15.6,0.2,0.3,12,0.0,12,14.119000000000597,,6
2022,17,Marina Bay,23,Alexander Albon,Williams,19,20,0.947368421052631578947368,0,20,-1,4,116.985,118.72800000000001,125.25325000000001,13.527366271747058,7.572999999999993,296.0,267.0,244.0,285.0,2,1,13.666666666666666,13.4,1.7840000000000031,26.232549019607895,28.973333333333354,87.44705882352942,1008.1439215686289,0.929803921568626,2.7,24.3,27.7,1,0.18039,12,0.0,0,,13.0,12.8,2.588435821108957,0.2,1.0,0.0,0.4,4.0,32,13.666666666666666,14.7,0.6,0.1,17,0.0,3,,,-1
2022,18,Suzuka,23,Alexander Albon,Williams,16,20,0.789473684210526315789474,0,20,-4,4,91.311,91.588,103.17999999999999,14.450309685262802,2.007000000000005,284.0,308.0,267.0,306.0,2,1,14.333333333333334,15.0,3.0494,16.717647058823538,19.930588235294138,86.21176470588236,1015.7062745098052,2.040784313725487,4.0,15.8,19.0,1,0.98039,17,0.0,1,,13.0,13.8,3.1144823004794873,0.2,1.0,0.2,0.0,4.0,33,15.0,15.3,0.6,0.2,20,0.0,0,,,8
2022,19,Austin,23,Alexander Albon,Williams,11,20,0.526315789473684210526316,0,20,-9,11,96.368,112.786,112.57199999999999,16.654838354063962,2.0120000000000005,223.0,191.0,209.0,325.0,4,1,16.666666666666668,15.2,2.9638000000000004,29.28529411764708,35.52352941176471,49.62352941176471,991.1994117647055,5.487058823529408,10.1,28.3,30.7,0,0.00000,20,0.0,1,,16.333333333333332,15.2,4.08656334834051,0.2,1.0,0.4,-0.8,4.0,34,14.833333333333334,14.7,1.0,0.3,13,0.0,10,24.33100000000013,,14
2022,20,Mexico City,23,Alexander Albon,Williams,19,20,0.947368421052631578947368,0,20,-1,8,80.85900000000001,89.644,93.16412499999998,11.647704794599784,3.084000000000003,315.0,292.0,250.0,350.0,2,1,15.333333333333334,14.0,2.9903999999999997,24.312727272727287,41.68909090909089,34.442424242424245,780.4072727272716,1.3369696969696967,4.0,22.8,25.5,0,0.00000,13,0.0,0,,16.666666666666668,14.4,4.03732584763727,0.2,1.0,0.4,-1.8,4.0,35,15.833333333333334,14.9,0.8,0.3,12,0.0,10,23.186999999999898,,-4
2022,21,São Paulo,23,Alexander Albon,Williams,11,20,0.526315789473684210526316,0,16,-5,18,71.631,81.194,86.64438888888888,13.428958551616937,0.75,326.0,254.0,329.0,327.0,4,2,15.333333333333334,16.0,3.205799999999999,23.01077844311378,46.04910179640717,76.07784431137725,922.1604790419151,1.4443113772455085,2.9,20.9,25.1,0,0.00000,12,0.0,0,,15.0,14.8,3.5637059362410923,0.0,0.0,0.4,0.0,4.0,36,14.833333333333334,14.9,0.8,0.3,15,0.0,11,23.271999999999935,,19
2022,22,Yas Island,23,Alexander Albon,Williams,19,20,0.947368421052631578947368,0,20,-1,7,86.02799999999999,104.33500000000001,104.96042857142857,20.0059129663969,2.2039999999999935,294.0,328.0,222.0,334.0,2,1,13.666666666666666,15.2,3.0852000000000004,28.57548387096773,34.31032258064516,61.68387096774194,1013.5206451612893,2.608387096774191,4.1,27.8,29.7,0,0.00000,15,0.0,0,,13.333333333333334,15.4,3.209361307176243,0.0,0.0,0.4,0.2,4.0,37,15.166666666666666,15.6,0.4,0.3,13,0.0,12,21.72900000000027,,0
2023,1,Sakhir,23,Alexander Albon,Williams,15,20,0.736842105263157894736842,0,16,-1,5,91.461,116.324,109.16280000000002,16.2041180784392,1.7530000000000001,241.0,274.0,291.0,323.0,3,1,16.333333333333332,15.2,2.0114000000000005,27.43167701863353,31.01180124223602,21.496894409937887,1016.863975155279,0.6832298136645952,2.2,26.2,29.8,0,0.00000,13,0.0,0,83.0,13.333333333333334,14.6,3.2093613071762426,0.0,0.0,0.2,1.2,,38,15.5,15.2,0.4,0.2,10,1.0,8,24.5,,-1
2023,2,Jeddah,23,Alexander Albon,Williams,17,20,0.842105263157894736842105,0,20,-3,7,89.994,115.049,109.86185714285715,17.7283355905038,1.7289999999999992,292.0,326.0,313.0,331.0,2,1,15.0,15.0,1.9605999999999995,26.09189189189191,31.792567567567573,57.79054054054054,1010.9297297297305,1.7722972972972975,3.7,25.8,26.4,0,0.00000,10,1.0,0,83.0,12.666666666666666,12.6,1.8165902124584952,0.2,1.0,0.0,3.0,1.0,39,14.166666666666666,14.5,0.2,0.2,19,0.0,6,21.375,,10
2023,3,Melbourne,23,Alexander Albon,Williams,8,20,0.368421052631578947368421,1,18,-10,21,77.60900000000001,88.767,92.14485714285713,14.262456118374963,0.8770000000000095,288.0,324.0,308.0,325.0,5,1,17.0,16.2,1.9039999999999992,17.449549549549555,30.139639639639615,54.15765765765766,1018.3666666666695,1.1270270270270264,5.0,16.8,18.1,0,0.00000,19,0.0,1,83.0,14.0,13.8,3.4205262752974144,0.2,1.0,0.2,3.6,1.0,40,14.833333333333334,15.0,0.2,0.3,19,0.0,0,,,25
2025,1,Melbourne,23,Alexander Albon,Williams,6,20,0.263157894736842105263158,1,10,-4,15,75.737,104.418,98.03113333333333,22.554184546384757,0.6409999999999911,292.0,329.0,315.0,331.0,6,1,13.333333333333334,14.0,1.4626000000000006,15.707865168539323,18.942134831460663,78.42134831460675,1009.9016853932579,3.475280898876404,6.9,15.1,16.6,1,0.32584,11,0.0,1,85.0,15.0,16.4,3.435112807463534,0.0,0.0,1.0,-3.0,,84,16.166666666666668,16.3,0.0,0.9,5,10.0,2,14.293000000000575,,15
2025,2,Shanghai,23,Alexander Albon,Williams,10,20,0.473684210526315789473684,1,15,-5,13,91.503,106.86,105.64446153846153,14.254962116256133,0.862000000000009,286.0,279.0,275.0,332.0,7,1,10.333333333333334,13.0,1.4407999999999987,27.215584415584427,35.81688311688313,18.233766233766232,1010.4227272727292,2.18831168831169,4.3,26.4,28.1,0,0.00000,5,10.0,0,85.0,10.333333333333334,13.6,5.727128425310541,2.0,10.0,0.8,-0.8,10.0,85,14.5,15.5,2.0,0.8,7,6.0,10,23.50300000000061,,11
2025,3,Suzuka,23,Alexander Albon,Williams,9,20,0.421052631578947368421053,1,12,-3,12,87.615,88.744,101.18241666666667,16.34463234914716,0.6319999999999908,289.0,305.0,273.0,297.0,7,1,8.0,11.2,1.1724000000000019,14.42999999999999,20.514285714285716,76.37142857142857,1009.3171428571422,1.2021428571428572,2.4,14.2,14.7,0,0.00000,7,6.0,0,85.0,7.666666666666667,11.4,5.727128425310541,3.2,16.0,0.6,2.0,16.0,86,11.666666666666666,13.7,3.4,0.6,9,2.0,7,23.0,,11
2025,4,Sakhir,23,Alexander Albon,Williams,15,20,0.736842105263157894736842,0,8,7,4,92.03999999999999,92.464,107.506,17.925682878670667,2.198999999999984,242.0,272.0,287.0,323.0,2,1,8.333333333333334,10.0,0.9481999999999999,27.05253164556961,31.87025316455695,45.32911392405063,1008.1253164556957,2.105696202531645,3.6,26.6,27.9,0,0.00000,9,2.0,0,85.0,7.0,9.4,3.847076812334269,3.6,18.0,0.4,2.4,18.0,87,10.5,12.7,3.8,0.5,12,0.0,14,25.423999999999978,,8
2025,5,Jeddah,23,Alexander Albon,Williams,11,20,0.526315789473684210526316,0,6,5,10,88.10900000000001,88.866,103.07090000000001,15.762554547971524,0.8150000000000119,297.0,327.0,309.0,334.0,4,1,11.333333333333334,9.6,1.042199999999997,29.483802816901413,37.81971830985914,62.725352112676056,1006.7661971830992,1.026056338028169,2.2,28.3,31.7,0,0.00000,12,0.0,0,85.0,9.333333333333334,8.8,2.8635642126552705,3.6,18.0,0.2,2.8,18.0,88,11.833333333333334,12.4,3.8,0.4,9,2.0,7,22.117999999999483,,5
2025,6,Miami Gardens,23,Alexander Albon,Williams,7,20,0.315789473684210526315789,1,6,1,12,86.682,87.838,103.6755,19.60007278047712,0.47799999999999443,224.0,193.0,288.0,339.0,7,1,11.666666666666666,10.2,1.0297999999999974,26.573154362416098,38.69060402684562,63.02013422818792,1012.2959731543626,1.0469798657718126,2.4,25.9,28.0,1,0.03356,9,2.0,0,85.0,10.0,8.4,2.6076809620810595,4.0,20.0,0.0,1.8,20.0,89,11.833333333333334,11.1,5.0,0.2,5,10.0,6,21.972000000000662,,16
2025,7,Imola,23,Alexander Albon,Williams,7,20,0.315789473684210526315789,1,6,1,11,75.473,76.362,89.79036363636364,20.169395644256316,0.8029999999999973,235.0,264.0,281.0,298.0,7,1,11.0,10.4,0.997199999999998,23.964666666666666,42.66399999999999,38.306666666666665,1009.7999999999994,3.2479999999999993,5.0,23.4,24.3,0,0.00000,5,10.0,0,85.0,8.666666666666666,8.4,2.6076809620810595,4.0,20.0,0.0,2.0,30.0,90,10.333333333333334,10.2,5.4,0.1,5,10.0,6,29.825000000000728,,16
2025,8,Monaco,23,Alexander Albon,Williams,10,20,0.473684210526315789473684,1,11,-1,29,70.732,85.095,88.85996551724139,16.005862911273567,0.7779999999999916,222.0,207.0,273.0,280.0,8,2,8.333333333333334,9.8,0.9853999999999956,22.20937500000001,43.31749999999996,52.51875,1016.7837499999993,0.9793749999999999,2.2,21.3,22.9,0,0.00000,5,10.0,0,85.0,6.333333333333333,8.0,3.0,4.8,24.0,0.0,1.8,40.0,91,7.333333333333333,9.8,6.8,0.1,9,2.0,5,23.882000000000517,,6
2025,9,Barcelona,23,Alexander Albon,Williams,11,20,0.526315789473684210526316,0,18,-7,9,72.641,88.511,90.38933333333333,18.889762974955506,1.095000000000013,293.0,309.0,294.0,327.0,5,1,8.0,10.0,1.0145999999999957,29.11999999999999,48.54322580645158,54.6258064516129,1002.7716129032251,1.6329032258064524,3.5,28.1,30.0,0,0.00000,9,2.0,1,85.0,6.333333333333333,8.0,3.0,4.8,24.0,0.2,2.0,42.0,92,7.666666666666667,9.4,7.0,0.3,19,0.0,7,30.79300000000012,,23
2025,10,Montréal,23,Alexander Albon,Williams,10,20,0.473684210526315789473684,1,17,-7,24,71.892,85.22,87.35004166666668,16.902363175344206,0.992999999999995,265.0,284.0,298.0,332.0,8,2,9.333333333333334,9.2,0.7938000000000016,24.036526946107763,49.25329341317365,27.976047904191617,1018.9281437125736,1.0377245508982031,2.9,22.8,25.6,1,0.00599,19,0.0,1,85.0,11.0,9.4,5.727128425310541,4.8,24.0,0.4,-0.2,42.0,93,10.833333333333334,9.6,7.0,0.3,20,0.0,5,23.79699999999957,,26
2025,11,Spielberg,23,Alexander Albon,Williams,12,20,0.578947368421052631578947,0,19,-7,11,65.143,77.304,82.76400000000001,21.022152777486895,1.171999999999997,316.0,250.0,286.0,319.0,5,2,10.333333333333334,9.0,0.8293999999999982,30.347826086956506,49.16645962732919,31.981366459627328,943.3447204968951,1.6180124223602488,3.7,29.1,31.3,0,0.00000,20,0.0,1,85.0,16.0,11.6,7.402702209328699,4.4,22.0,0.6,-2.8,42.0,94,13.666666666666666,10.9,6.0,0.5,17,0.0,1,21.280000000000655,,11
2025,12,Silverstone,23,Alexander Albon,Williams,14,20,0.684210526315789473684211,0,11,3,8,85.889,86.392,101.251125,17.403048734858416,0.9969999999999999,321.0,271.0,255.0,322.0,4,1,11.0,10.0,0.9681999999999988,17.917419354838703,23.578709677419354,78.3741935483871,988.7767741935467,1.4832258064516135,5.8,16.0,19.6,1,0.18065,17,0.0,1,85.0,18.666666666666668,14.0,6.6332495807108,2.4,12.0,0.8,-4.2,42.0,95,16.666666666666668,13.2,3.6,0.7,8,4.0,10,29.253999999999905,,2
2025,13,Spa-Francorchamps,23,Alexander Albon,Williams,5,20,0.210526315789473684210526,1,15,-10,11,101.201,102.269,112.70627272727273,14.08706873051246,0.6389999999999958,341.0,219.0,227.0,314.0,7,1,12.0,11.4,1.0069999999999992,17.03004484304933,24.090134529147992,84.4439461883408,965.0475336322884,1.446188340807175,3.2,14.5,19.0,1,0.45740,8,4.0,0,85.0,15.0,14.6,5.683308895353129,1.2,6.0,0.8,-3.6,46.0,96,14.5,13.9,1.6,0.7,6,8.0,1,23.938000000000102,,17
2025,14,Budapest,23,Alexander Albon,Williams,20,20,1.000000000000000000000000,0,13,7,7,76.223,90.47,96.6832857142857,25.755933547529622,1.3329999999999984,280.0,254.0,263.0,311.0,3,1,10.333333333333334,10.4,0.9792000000000002,22.08216560509553,32.7299363057325,57.24203821656051,987.1401273885358,2.1509554140127394,3.7,21.6,22.5,0,0.00000,6,8.0,0,85.0,10.333333333333334,14.0,6.519202405202649,2.4,12.0,0.6,-4.0,54.0,97,13.5,14.4,2.6,0.5,15,0.0,10,21.29200000000037,,0
2025,15,Zandvoort,23,Alexander Albon,Williams,15,20,0.736842105263157894736842,0,9,6,8,69.652,70.423,83.53925,14.802008027387942,0.9899999999999949,293.0,283.0,325.0,334.0,4,1,13.0,12.2,1.0267999999999973,20.077358490566034,27.963522012578633,71.17610062893081,1006.205660377358,2.170440251572328,3.9,19.4,20.7,0,0.00000,15,0.0,1,85.0,9.666666666666666,13.2,5.974947698515862,2.4,12.0,0.6,-1.6,54.0,98,12.166666666666666,14.0,2.6,0.6,5,10.0,5,17.926000000000386,,-5
2025,16,Monza,23,Alexander Albon,Williams,14,20,0.684210526315789473684211,0,13,1,12,79.583,93.767,94.14091666666667,13.852932485469267,0.7909999999999968,324.0,340.0,316.0,345.0,5,1,13.333333333333334,13.2,1.0261999999999971,26.761111111111102,43.28819444444442,42.604166666666664,996.7527777777791,1.960416666666666,4.0,25.9,27.4,0,0.00000,5,10.0,0,85.0,8.666666666666666,10.2,5.449770637375485,4.4,22.0,0.4,2.6,64.0,99,11.833333333333334,12.8,4.4,0.4,7,6.0,10,24.83599999999933,,2
2025,17,Baku,23,Alexander Albon,Williams,19,20,0.947368421052631578947368,0,2,17,2,103.77799999999999,103.77799999999999,119.49249999999999,22.223659025912003,2.6610000000000014,214.0,216.0,335.0,319.0,1,1,16.333333333333332,13.6,0.9499999999999972,20.551923076923092,26.107051282051287,59.833333333333336,1021.1160256410266,1.5070512820512825,2.9,20.3,21.1,0,0.00000,7,6.0,0,85.0,9.0,8.2,3.96232255123179,5.6,28.0,0.2,5.0,70.0,100,10.833333333333334,10.9,5.6,0.2,13,0.0,8,20.609999999999673,,-4
2025,18,Marina Bay,23,Alexander Albon,Williams,19,20,0.947368421052631578947368,0,20,-1,10,90.202,112.03999999999999,113.70809999999999,22.167311982837347,1.043999999999997,312.0,277.0,261.0,304.0,5,1,16.0,14.6,1.2827999999999975,29.072049689440938,33.852173913043515,74.36024844720497,1010.7776397515512,1.1111801242236026,2.2,28.5,29.5,1,0.03727,13,0.0,0,85.0,8.333333333333334,9.2,4.494441010848846,4.8,24.0,0.2,5.2,70.0,101,8.666666666666666,10.5,7.8,0.2,14,0.0,15,25.735000000000582,,5
2025,19,Austin,23,Alexander Albon,Williams,19,20,0.947368421052631578947368,0,9,10,5,93.67,99.543,104.54860000000001,12.10684351100649,1.1600000000000108,235.0,192.0,211.0,326.0,3,1,17.333333333333332,17.4,1.3637999999999977,28.267532467532465,45.04480519480521,22.532467532467532,1001.1077922077926,2.082467532467532,4.9,26.4,29.3,0,0.00000,14,0.0,1,85.0,11.333333333333334,10.8,4.494441010848846,3.2,16.0,0.4,6.6,70.0,102,9.666666666666666,10.5,6.4,0.4,14,0.0,13,23.766999999999825,,3
2025,20,Mexico City,23,Alexander Albon,Williams,17,20,0.842105263157894736842105,0,7,10,6,77.49,77.83500000000001,87.0095,12.215759374676633,1.9039999999999964,317.0,297.0,253.0,350.0,3,1,19.0,17.2,1.3292000000000002,26.405555555555555,50.58827160493828,23.234567901234566,780.8888888888889,1.8475308641975292,3.9,25.4,27.1,0,0.00000,14,0.0,0,85.0,13.666666666666666,10.6,4.277849927241488,3.2,16.0,0.2,6.6,70.0,103,12.333333333333334,11.0,6.4,0.3,12,0.0,14,22.03899999999976,,4
2025,21,São Paulo,23,Alexander Albon,Williams,12,19,0.611111111111111111111111,0,15,-3,13,70.053,88.94800000000001,88.48938461538461,18.89510857134928,0.5420000000000016,325.0,268.0,329.0,337.0,6,1,18.333333333333332,17.6,1.5120000000000005,17.34802631578948,30.69276315789474,70.57236842105263,929.708552631579,1.5098684210526314,2.9,16.6,18.0,0,0.00000,12,0.0,1,85.0,13.333333333333334,12.0,2.9154759474226504,1.2,6.0,0.4,5.6,70.0,104,14.5,12.1,4.4,0.5,11,0.0,15,23.04699999999957,1,18
2025,22,Las Vegas,23,Alexander Albon,Williams,16,20,0.789473684210526315789474,0,3,13,6,116.22,120.112,123.60666666666667,9.125538464477957,8.286000000000001,146.0,187.0,281.0,234.0,2,2,16.0,17.2,1.4622000000000015,16.73404255319152,19.529787234042566,37.765957446808514,941.8964539007092,1.436879432624114,2.8,16.3,17.2,0,0.00000,11,0.0,0,85.0,12.333333333333334,12.8,1.3038404810405295,0.0,0.0,0.4,4.4,70.0,105,14.5,12.7,3.2,0.5,16,0.0,3,23.368000000000393,,3
2025,23,Lusail,23,Alexander Albon,Williams,15,20,0.736842105263157894736842,0,7,8,16,80.629,102.157,104.79381249999999,22.669996271779578,1.2420000000000044,255.0,289.0,285.0,325.0,5,1,15.0,16.6,2.5872000000000015,22.59932885906039,28.160402684563756,69.04697986577182,1016.0953020134215,1.2510067114093952,2.7,21.6,23.7,0,0.00000,16,0.0,1,85.0,13.0,13.4,1.949358868961793,0.0,0.0,0.6,3.2,70.0,106,12.333333333333334,13.2,2.2,0.6,11,0.0,6,28.90599999999995,,-2
2025,24,Yas Island,23,Alexander Albon,Williams,17,20,0.842105263157894736842105,0,12,5,4,83.416,83.768,101.1685,21.494680031734983,1.2090000000000032,292.0,321.0,220.0,325.0,2,1,14.333333333333334,15.8,2.626800000000003,26.67402597402595,31.0616883116883,60.44155844155844,1016.7279220779227,1.5733766233766233,3.2,25.9,27.5,0,0.00000,11,0.0,0,85.0,12.666666666666666,12.8,2.16794833886788,0.0,0.0,0.4,2.6,70.0,107,9.833333333333334,12.2,5.0,0.4,16,0.0,12,21.608000000000175,,10
2026,1,Melbourne,23,Alexander Albon,Williams,15,19,0.777777777777777777777778,0,,,13,80.941,99.02600000000001,97.60223076923077,16.303975175571175,2.423000000000002,271.0,294.0,300.0,288.0,5,1,16.0,15.4,2.6366000000000014,24.23445945945945,36.13445945945945,53.97297297297296,1012.5608108108116,2.5614864864864857,4.6,23.1,25.3,0,0.00000,16,0.0,0,83.0,14.333333333333334,13.2,2.588435821108957,0.0,0.0,0.4,2.0,,108,10.666666666666666,11.7,5.0,0.3,12,0.0,3,18.404999999999745,,-3
2026,2,Shanghai,23,Alexander Albon,Williams,18,22,0.809523809523809523809524,0,17,1,9,94.77199999999999,113.906,113.87366666666665,17.822226355032075,2.7079999999999984,285.0,273.0,278.0,318.0,3,1,15.666666666666666,15.0,2.7404000000000024,15.572368421052628,22.616447368421053,54.99802631578948,1024.481578947368,2.1934210526315794,4.5,14.9,16.4,0,0.00000,12,0.0,1,83.0,13.0,13.2,2.588435821108957,0.0,0.0,0.4,1.6,0.0,109,11.666666666666666,11.5,5.0,0.3,22,0.0,,,,8
2026,3,Suzuka,23,Alexander Albon,Williams,17,22,0.761904761904761904761905,0,16,1,7,91.088,108.46000000000001,108.64985714285714,20.554575633571,2.3100000000000023,277.0,333.0,265.0,287.0,3,1,16.666666666666668,16.2,3.1736000000000018,18.556410256410274,34.1429487179487,52.49551282051283,1011.7987179487181,1.9506410256410254,3.7,17.3,19.5,0,0.00000,22,0.0,1,83.0,16.666666666666668,15.4,4.33589667773576,0.0,0.0,0.6,1.4,0.0,110,14.5,12.2,5.4,0.5,20,0.0,4,23.01299999999901,,10
2026,4,Miami Gardens,23,Alexander Albon,Williams,15,22,0.666666666666666666666667,0,13,2,10,89.72,102.439,104.3561,14.616796734122925,1.921999999999997,219.0,192.0,288.0,321.0,5,1,16.666666666666668,16.4,1.978400000000002,27.125595238095247,37.01190476190477,70.44821428571433,1015.6476190476195,1.1517857142857149,4.8,25.7,28.1,1,0.01786,20,0.0,1,83.0,18.0,16.2,4.8166378315169185,0.0,0.0,0.6,0.8,0.0,111,15.5,13.6,3.4,0.5,10,1.0,5,22.82799999999952,,-4
2026,5,Montréal,23,Alexander Albon,Williams,18,22,0.809523809523809523809524,0,15,3,11,74.851,90.289,89.07463636363637,13.259525566721669,2.272999999999996,251.0,286.0,282.0,316.0,2,1,16.666666666666668,16.4,2.1144000000000007,12.848750000000004,17.82749999999999,71.69499999999992,1024.2043749999991,3.0156249999999987,6.2,12.1,13.7,0,0.00000,10,1.0,0,83.0,17.333333333333332,16.0,5.0990195135927845,0.2,1.0,0.6,1.2,1.0,112,14.166666666666666,14.1,1.0,0.5,21,0.0,3,,,9
2026,6,Monte Carlo,23,Alexander Albon,Williams,11,22,0.476190476190476190476190,0,12,-1,20,73.787,84.53999999999999,85.90769999999999,10.955697066871313,1.7360000000000042,215.0,198.0,266.0,285.0,5,1,16.666666666666668,16.6,2.327199999999999,23.677403846153872,37.976923076923086,62.198557692307695,1021.4403846153845,0.8418269230769228,3.5,22.6,24.5,0,0.00000,21,0.0,1,83.0,17.0,17.0,5.5677643628300215,0.2,1.0,0.8,0.4,1.0,113,14.0,14.2,1.4,0.7,8,4.0,3,19.697000000000116,,1
2026,7,Barcelona,23,Alexander Albon,Williams,18,22,0.809523809523809523809524,0,16,2,5,77.424,80.269,87.51880000000001,13.332222759165106,2.7450000000000045,283.0,288.0,297.0,324.0,3,1,14.666666666666666,15.8,2.1897999999999995,30.529333333333362,50.28666666666666,28.866000000000017,1000.5366666666639,2.5713333333333326,5.2,29.8,31.1,0,0.00000,8,4.0,0,83.0,13.0,16.2,6.648308055437865,1.0,5.0,0.6,0.4,5.0,114,12.166666666666666,13.9,2.2,0.6,18,0.0,7,22.067000000000007,,7
2025,1,Melbourne,12,Andrea Kimi Antonelli,Mercedes,16,20,0.789473684210526315789474,0,4,12,7,76.525,104.462,96.46214285714284,19.409391416086628,1.429000000000002,290.0,325.0,309.0,325.0,2,2,,,,15.707865168539323,18.942134831460663,78.42134831460675,1009.9016853932579,3.475280898876404,6.9,15.1,16.6,1,0.32584,,,,,,,,,,,,,0,4.666666666666667,5.1,22.4,0.0,4,12.0,7,14.135000000000218,,-5
2025,2,Shanghai,12,Kimi Antonelli,Mercedes,8,20,0.368421052631578947368421,1,2,6,15,91.10300000000001,115.965,108.14633333333335,16.117997503530315,0.4620000000000175,287.0,280.0,272.0,333.0,6,1,16.0,16.0,1.429000000000002,27.215584415584427,35.81688311688313,18.233766233766232,1010.4227272727292,2.18831168831169,4.3,26.4,28.1,0,0.00000,,,,80.0,,,,,,,,,0,5.333333333333333,4.9,23.4,0.0,6,8.0,6,22.787000000000262,,13
2020,1,Spielberg,99,Antonio Giovinazzi,Alfa Romeo Racing,18,20,0.894736842105263157894737,0,19,-1,5,65.175,81.806,75.6532,9.444231450996954,2.235999999999997,325.0,246.0,289.0,320.0,3,1,15.333333333333334,14.4,2.329800000000006,28.68416666666667,52.02499999999999,33.8325,938.7708333333335,1.8874999999999997,3.6,26.9,30.0,0,0.00000,,,,73.0,,,,,,,,,0,,,,,9,2.0,14,19.559000000000196,,-2
2020,2,Spielberg,99,Antonio Giovinazzi,Alfa Romeo Racing,19,20,0.947368421052631578947368,0,16,3,10,81.831,84.336,89.66609999999999,13.683687201676799,4.006,290.0,214.0,263.0,291.0,2,1,16.0,15.8,2.339000000000003,20.822499999999994,39.92,34.005,945.9099999999996,2.228333333333333,4.5,19.4,22.1,1,0.01667,9,2.0,0,73.0,9.0,9.0,,2.0,2.0,0.0,9.0,2.0,1,11.5,11.5,2.0,0.5,14,0.0,10,21.688000000000102,,0
2020,3,Budapest,99,Antonio Giovinazzi,Alfa Romeo Racing,19,20,0.947368421052631578947368,0,20,-1,11,76.506,95.6,97.15445454545453,18.745663655169086,3.0589999999999975,284.0,252.0,261.0,306.0,4,1,18.0,16.6,2.638000000000001,20.74179104477611,27.12985074626864,77.19253731343284,986.3149253731342,1.5597014925373138,2.8,19.9,21.8,1,0.01493,14,0.0,0,73.0,11.5,11.5,3.5355339059327378,1.0,2.0,0.0,7.0,2.0,2,12.0,12.0,1.0,0.25,17,0.0,5,21.863999999999578,,1
2020,4,Silverstone,99,Antonio Giovinazzi,Alfa Romeo Racing,17,20,0.842105263157894736842105,0,18,-1,6,87.164,87.924,95.52716666666664,9.532627558373747,2.861000000000004,309.0,266.0,253.0,313.0,3,1,18.666666666666668,17.2,2.8104,21.291406249999998,40.63281250000001,44.16796875,998.40859375,3.114062500000001,4.7,20.8,22.1,0,0.00000,17,0.0,0,73.0,13.333333333333334,13.333333333333334,4.041451884327381,0.6666666666666666,2.0,0.0,5.333333333333333,2.0,3,13.333333333333334,13.333333333333334,0.6666666666666666,0.16666666666666666,14,0.0,5,31.534000000000106,,-1
2020,5,Silverstone,99,Antonio Giovinazzi,Alfa Romeo Racing,19,20,0.947368421052631578947368,0,20,-1,4,88.43299999999999,88.92099999999999,104.207,20.16557746920893,3.2789999999999964,314.0,267.0,248.0,330.0,2,1,18.333333333333332,18.0,3.0994000000000015,25.28706896551725,43.22758620689654,58.55603448275865,1000.9508620689652,2.236206896551725,4.3,23.5,26.8,0,0.00000,14,0.0,0,73.0,15.0,13.5,3.3166247903554003,0.5,2.0,0.0,4.25,2.0,4,14.666666666666666,13.875,0.5,0.125,17,0.0,9,26.98700000000008,,5
2020,6,Barcelona,99,Antonio Giovinazzi,Alfa Romeo Racing,20,20,1.000000000000000000000000,0,14,6,4,78.697,79.705,91.8455,14.941876555506678,3.1129999999999995,289.0,286.0,284.0,320.0,2,1,18.333333333333332,18.4,3.088199999999999,29.796899224806182,47.55581395348835,56.38449612403102,997.7038759689932,1.5449612403100779,2.9,28.6,30.7,0,0.00000,17,0.0,0,73.0,16.0,14.2,3.2710854467592254,0.4,2.0,0.0,3.8,2.0,5,15.833333333333334,14.3,0.4,0.1,16,0.0,10,21.790999999999258,,2
2020,7,Spa-Francorchamps,99,Antonio Giovinazzi,Alfa Romeo Racing,18,20,0.894736842105263157894737,0,16,2,3,103.95,104.274,112.06099999999999,13.769024911009495,2.6979999999999933,331.0,211.0,226.0,307.0,2,1,18.666666666666668,18.8,3.2635999999999994,18.568595041322304,29.82396694214875,54.85289256198344,962.4297520661155,1.4652892561983484,3.3,17.4,20.1,0,0.00000,16,0.0,0,73.0,15.666666666666666,15.6,1.51657508881031,0.0,0.0,0.0,2.8,2.0,6,15.5,15.0,0.0,0.0,18,0.0,0,,,0
2020,8,Monza,99,Antonio Giovinazzi,Alfa Romeo Racing,18,20,0.894736842105263157894737,0,14,4,6,81.206,84.746,91.78733333333332,10.388428710188403,2.3190000000000026,328.0,339.0,311.0,340.0,3,1,19.0,18.6,3.001999999999998,28.090909090909104,41.20139860139859,40.12447552447552,990.7804195804187,1.5209790209790213,3.1,27.3,28.9,0,0.00000,18,0.0,1,73.0,17.0,16.4,1.51657508881031,0.0,0.0,0.2,1.8,2.0,7,15.333333333333334,15.5,0.0,0.1,16,0.0,5,23.996000000000095,,1
2020,9,Mugello,99,Antonio Giovinazzi,Alfa Romeo Racing,17,20,0.842105263157894736842105,0,13,4,4,77.22,77.293,99.34299999999999,25.785154501508547,2.0759999999999934,276.0,257.0,306.0,310.0,2,1,18.666666666666668,18.4,2.853999999999999,30.169886363636337,43.10227272727272,39.94431818181818,993.6153409090938,2.36477272727273,4.4,29.6,30.7,0,0.00000,16,0.0,0,73.0,16.666666666666668,16.2,1.4832396974191329,0.0,0.0,0.2,1.8,2.0,8,14.833333333333334,15.2,0.0,0.1,17,0.0,0,,,0
2020,10,Sochi,99,Antonio Giovinazzi,Alfa Romeo Racing,17,20,0.842105263157894736842105,0,20,-3,4,94.594,96.02000000000001,106.82325,13.316289757911793,3.289999999999992,272.0,314.0,172.0,323.0,2,1,17.666666666666668,18.4,2.696999999999997,28.80606060606062,40.342424242424265,51.36287878787878,1012.878787878789,1.428787878787879,3.2,27.6,30.5,0,0.00000,17,0.0,1,73.0,17.0,16.8,0.8366600265340756,0.0,0.0,0.4,1.6,2.0,9,14.166666666666666,14.7,0.4,0.2,11,0.0,7,30.53899999999976,,-5
2020,11,Nürburgring,99,Antonio Giovinazzi,Alfa Romeo Racing,14,20,0.684210526315789473684211,0,19,-5,10,86.936,89.008,99.74019999999999,13.768553460694406,1.6670000000000016,269.0,239.0,257.0,314.0,4,1,17.333333333333332,18.0,2.6991999999999963,9.499999999999998,16.36020408163265,59.40408163265304,947.35918367347,1.6173469387755104,3.1,8.9,9.9,1,0.02041,11,0.0,0,73.0,14.666666666666666,15.6,2.701851217221259,0.0,0.0,0.4,2.4,2.0,10,13.333333333333334,14.0,0.4,0.2,10,1.0,12,22.114000000000033,,5
2020,12,Portimão,99,Antonio Giovinazzi,Alfa Romeo Racing,17,20,0.842105263157894736842105,0,16,1,10,78.32300000000001,79.232,87.87989999999999,10.636929386184091,1.8569999999999993,277.0,198.0,308.0,329.0,2,1,16.0,16.8,2.4099999999999966,20.505468749999977,25.71562499999998,67.52812500000002,1007.3406250000008,4.0406249999999995,7.0,20.0,21.0,0,0.00000,10,1.0,0,73.0,12.666666666666666,14.4,3.646916505762094,0.2,1.0,0.4,2.4,3.0,11,12.166666666666666,13.2,0.6,0.2,15,0.0,9,26.449999999999818,,5
2020,13,Imola,99,Antonio Giovinazzi,Alfa Romeo Racing,20,20,1.000000000000000000000000,0,18,2,6,76.208,76.703,88.58533333333332,14.448023943317185,2.5990000000000038,229.0,261.0,280.0,292.0,2,1,16.0,16.6,2.241799999999998,18.030400000000004,23.26079999999999,71.13680000000001,1017.8919999999997,1.3415999999999992,3.1,16.9,18.5,0,0.00000,15,0.0,0,73.0,12.0,13.8,3.1144823004794873,0.2,1.0,0.2,2.8,3.0,12,12.166666666666666,12.8,0.6,0.1,10,1.0,7,29.738999999999578,,-12
2020,14,Istanbul,99,Antonio Giovinazzi,Alfa Romeo Racing,10,20,0.473684210526315789473684,1,8,2,18,113.431,121.426,123.76822222222225,7.587316696540007,5.665999999999997,252.0,271.0,213.0,249.0,5,2,17.0,17.0,2.297799999999998,13.095683453237404,15.20575539568346,80.16115107913672,1008.4964028776968,1.066187050359712,2.7,12.1,13.8,1,0.04317,10,1.0,0,73.0,11.666666666666666,12.6,3.2093613071762426,0.4,2.0,0.2,4.4,4.0,13,11.166666666666666,11.8,1.2,0.1,20,0.0,1,25.421000000000276,,22
2020,15,Sakhir,99,Antonio Giovinazzi,Alfa Romeo Racing,16,20,0.789473684210526315789474,0,17,-1,4,89.491,89.976,100.70949999999999,13.266036848534178,2.227000000000004,244.0,271.0,290.0,322.0,2,1,15.666666666666666,15.6,3.0157999999999987,25.09907407407409,27.54814814814815,67.8472222222222,1015.8972222222209,0.8430555555555546,1.8,24.4,26.6,0,0.00000,20,0.0,1,73.0,15.0,13.2,4.324349662087931,0.4,2.0,0.2,2.4,4.0,14,13.333333333333334,12.7,0.8,0.1,16,0.0,8,24.092000000000553,,8
2020,16,Sakhir,99,Antonio Giovinazzi,Alfa Romeo Racing,14,20,0.684210526315789473684211,0,19,-5,10,54.377,64.651,64.78119999999998,9.666051035568879,1.0,291.0,269.0,301.0,330.0,4,1,15.333333333333334,15.4,2.8032000000000012,20.947244094488184,23.46929133858268,58.16929133858269,1015.9417322834645,1.9480314960629923,3.4,20.4,22.0,0,0.00000,16,0.0,0,73.0,15.333333333333334,14.2,4.266145801540309,0.4,2.0,0.2,1.2,4.0,15,14.166666666666666,13.3,0.8,0.1,13,0.0,6,24.550000000000182,,4
2020,17,Yas Island,99,Antonio Giovinazzi,Alfa Romeo Racing,14,20,0.684210526315789473684211,0,16,-2,8,97.066,98.24799999999999,109.843625,13.47897749341014,1.8199999999999932,288.0,319.0,226.0,324.0,4,1,13.333333333333334,15.4,2.669800000000001,23.121481481481517,27.980000000000008,55.44666666666665,1015.8474074074076,2.5044444444444425,4.0,22.1,23.7,0,0.00000,13,0.0,0,73.0,16.333333333333332,14.8,3.7013511046643495,0.2,1.0,0.2,0.6,4.0,16,15.5,13.8,0.6,0.1,16,0.0,6,21.548000000000684,,10
2021,1,Sakhir,99,Antonio Giovinazzi,Alfa Romeo Racing,12,20,0.578947368421052631578947,0,14,-2,8,90.708,92.381,102.147875,11.363381381028898,1.7109999999999985,244.0,270.0,290.0,316.0,4,1,14.666666666666666,14.8,2.6623999999999994,20.538345864661654,27.627819548872182,54.51729323308271,1014.9105263157908,0.8872180451127818,1.4,20.4,20.9,0,0.00000,16,0.0,0,81.0,15.0,15.0,3.7416573867739413,0.2,1.0,0.2,-0.2,,17,14.333333333333334,14.0,0.6,0.1,12,0.0,9,22.53899999999976,,9
2021,2,Imola,99,Antonio Giovinazzi,Alfa Romeo Racing,17,20,0.842105263157894736842105,0,16,1,5,76.122,83.518,86.2846,11.443751561441728,1.7109999999999985,229.0,259.0,283.0,288.0,3,1,13.333333333333334,13.2,2.4847999999999986,10.621118012422354,16.827329192546586,69.48881987577641,1011.2527950310558,0.4788819875776397,1.1,9.2,12.3,1,0.40994,12,0.0,0,81.0,13.666666666666666,15.4,3.1304951684997055,0.0,0.0,0.2,-2.2,0.0,18,13.0,14.4,0.0,0.1,14,0.0,6,29.686999999999898,,0
2021,3,Portimão,99,Antonio Giovinazzi,Alfa Romeo Racing,12,20,0.578947368421052631578947,0,15,-3,15,79.21600000000001,94.797,90.47806666666665,10.977569861616308,1.2480000000000047,288.0,194.0,295.0,319.0,4,2,14.333333333333334,14.6,1.6937999999999989,19.39253731343283,38.9507462686567,39.40373134328356,1004.8134328358209,0.8373134328358207,1.4,18.1,20.0,0,0.00000,14,0.0,0,81.0,14.0,14.2,1.7888543819998317,0.0,0.0,0.0,0.4,0.0,19,13.0,13.6,0.0,0.0,12,0.0,5,22.547999999999774,,5
2021,4,Barcelona,99,Antonio Giovinazzi,Alfa Romeo Racing,14,20,0.684210526315789473684211,0,17,-3,8,78.356,79.57,88.322,10.365763192907146,1.6149999999999949,291.0,302.0,286.0,323.0,4,2,13.666666666666666,13.8,1.4979999999999989,22.203076923076917,32.92230769230769,57.55307692307693,993.5746153846156,0.4576923076923076,0.9,21.3,23.5,0,0.00000,12,0.0,0,81.0,12.666666666666666,13.4,1.6733200530681511,0.0,0.0,0.0,0.4,0.0,20,13.666666666666666,13.7,0.0,0.1,15,0.0,10,24.17699999999968,,12
2021,5,Monte Carlo,99,Antonio Giovinazzi,Alfa Romeo Racing,10,19,0.500000000000000000000000,1,14,-4,22,71.409,89.102,85.03872727272727,12.512635557257495,1.0630000000000024,221.0,208.0,274.0,282.0,6,1,14.333333333333334,13.8,1.620999999999998,20.760740740740758,37.59555555555557,61.42444444444447,1015.5711111111107,0.31629629629629613,0.6,20.3,21.5,0,0.00000,15,0.0,0,81.0,13.666666666666666,13.8,1.7888543819998317,0.0,0.0,0.0,0.0,0.0,21,14.333333333333334,13.7,0.0,0.1,10,1.0,3,24.288000000000466,,5
2021,6,Baku,99,Antonio Giovinazzi,Alfa Romeo Racing,20,20,1.000000000000000000000000,0,14,6,,,,,,,,,,,,,12.0,13.0,1.4695999999999998,24.170930232558128,38.31453488372088,55.805232558139544,1014.7308139534875,0.2837209302325581,0.8,22.9,25.5,0,0.00000,10,1.0,0,81.0,12.333333333333334,12.6,1.949358868961793,0.2,1.0,0.0,0.4,1.0,22,13.333333333333334,13.0,0.2,0.1,11,0.0,10,14.894000000000233,,-8
2021,7,Le Castellet,99,Antonio Giovinazzi,Alfa Romeo Racing,13,20,0.631578947368421052631579,0,17,-4,4,91.813,92.182,106.56925,28.662930733789242,1.8230000000000075,119.0,280.0,299.0,327.0,4,2,14.666666666666666,14.6,1.4092500000000001,25.314399999999992,35.22879999999999,58.63039999999999,960.6376,1.1655999999999997,1.8,23.8,27.4,0,0.00000,11,0.0,0,81.0,12.0,12.4,2.073644135332772,0.2,1.0,0.0,2.2,1.0,23,11.5,12.8,0.4,0.1,15,0.0,6,30.421000000000276,,10
2021,8,Spielberg,99,Antonio Giovinazzi,Alfa Romeo Racing,15,20,0.736842105263157894736842,0,18,-3,13,64.913,83.82300000000001,87.61353846153845,21.20061090949734,1.0719999999999956,320.0,248.0,286.0,317.0,4,2,14.333333333333334,13.8,1.4372500000000024,26.692372881355922,52.352542372881345,33.24661016949152,938.4771186440671,0.3677966101694914,1.2,26.0,27.3,0,0.00000,15,0.0,0,81.0,12.0,12.6,2.3021728866442674,0.2,1.0,0.0,1.2,1.0,24,12.333333333333334,13.3,0.4,0.1,15,0.0,7,21.198999999999614,,7
2021,9,Spielberg,99,Antonio Giovinazzi,Alfa Romeo Racing,15,20,0.736842105263157894736842,0,16,-1,11,64.777,80.694,80.92463636363635,18.348817145923753,1.0570000000000022,320.0,249.0,288.0,317.0,4,1,16.0,14.4,1.39325,20.966025641025656,33.18397435897434,49.730769230769255,934.7211538461531,0.348076923076923,0.9,19.0,22.6,1,0.03846,15,0.0,0,81.0,13.666666666666666,13.2,2.4899799195977463,0.2,1.0,0.0,1.2,1.0,25,13.166666666666666,12.7,0.4,0.0,14,0.0,10,17.91300000000001,,8
2021,10,Silverstone,99,Antonio Giovinazzi,Alfa Romeo Racing,14,20,0.684210526315789473684211,0,17,-3,10,87.595,88.447,97.5634,10.858616652226008,1.5720000000000027,319.0,269.0,251.0,329.0,5,1,14.333333333333334,14.6,1.253750000000002,29.4,50.931521739130446,37.20217391304347,1007.2461956521738,0.317934782608696,0.8,28.4,30.1,0,0.00000,14,0.0,0,81.0,14.666666666666666,13.0,2.345207879911715,0.2,1.0,0.0,1.6,1.0,26,14.5,12.9,0.4,0.0,13,0.0,7,28.153999999998632,,5
2021,11,Budapest,99,Antonio Giovinazzi,Alfa Romeo Racing,14,20,0.684210526315789473684211,0,13,1,8,77.583,78.055,88.32137499999999,12.277479556808766,2.1640000000000015,283.0,249.0,259.0,309.0,4,1,14.666666666666666,15.4,1.381000000000002,27.22670157068063,37.82251308900524,68.61570680628276,977.6308900523562,0.5675392670157061,1.2,25.7,29.1,1,0.30366,13,0.0,0,81.0,14.0,13.6,1.6733200530681511,0.0,0.0,0.0,2.0,1.0,27,13.833333333333334,13.6,0.2,0.0,13,0.0,4,21.897000000000844,,2
2021,12,Spa-Francorchamps,99,Antonio Giovinazzi,Alfa Romeo Racing,16,20,0.789473684210526315789474,0,19,-3,6,122.306,131.058,131.55133333333336,8.582406880745431,6.280999999999992,296.0,171.0,216.0,294.0,2,2,14.333333333333334,14.2,1.5376000000000019,13.012413793103491,15.258620689655164,96.4358620689655,970.2217241379296,0.5113793103448276,1.0,12.4,13.4,1,0.84138,13,0.0,0,81.0,13.333333333333334,14.0,0.9999999999999998,0.0,0.0,0.0,0.25,1.0,28,13.333333333333334,13.8,0.2,0.0,13,0.0,0,15407.072,,-6
2021,13,Zandvoort,99,Antonio Giovinazzi,Alfa Romeo Racing,7,20,0.315789473684210526315789,1,18,-11,11,69.59,70.787,81.05981818181819,13.04783715270988,0.7049999999999983,280.0,289.0,307.0,315.0,5,1,14.666666666666666,14.8,2.429199999999999,21.50443037974685,36.10569620253166,54.10822784810126,1021.5056962025316,0.442405063291139,0.9,20.4,22.4,0,0.00000,13,0.0,0,81.0,13.0,13.6,0.8944271909999159,0.0,0.0,0.0,1.0,1.0,29,13.666666666666666,13.7,0.2,0.0,14,0.0,7,18.800000000000182,,25
2021,14,Monza,99,Antonio Giovinazzi,Alfa Romeo Racing,10,20,0.473684210526315789473684,1,19,-9,10,80.726,81.626,94.1224,16.36388958245156,1.1709999999999923,326.0,338.0,315.0,342.0,5,1,12.333333333333334,13.2,2.3557999999999995,28.885234899328868,43.52751677852349,33.2758389261745,994.4879194630865,0.3429530201342281,0.7,27.8,29.6,0,0.00000,14,0.0,0,81.0,13.333333333333334,13.4,0.5477225575051662,0.0,0.0,0.0,-0.75,1.0,30,13.833333333333334,14.0,0.2,0.0,13,0.0,5,30.57800000000043,,12
2021,15,Sochi,99,Antonio Giovinazzi,Alfa Romeo Racing,18,20,0.894736842105263157894737,0,16,2,7,111.023,130.657,133.44342857142857,25.239124059398613,9.030000000000001,232.0,296.0,144.0,279.0,2,1,11.0,12.2,2.3785999999999974,19.13860759493674,21.75696202531647,61.94746835443034,1023.1310126582275,0.29050632911392416,0.9,17.4,19.5,1,0.10127,13,0.0,0,81.0,13.333333333333334,13.2,0.4472135954999579,0.0,0.0,0.0,-2.5,1.0,31,14.5,13.8,0.2,0.0,16,0.0,8,30.320999999999913,,4
2021,16,Istanbul,99,Antonio Giovinazzi,Alfa Romeo Racing,18,20,0.894736842105263157894737,0,19,-1,9,86.43,88.837,97.06244444444445,12.33293456675165,3.562000000000012,281.0,293.0,252.0,328.0,2,1,11.666666666666666,13.0,3.870199999999997,15.825477707006387,18.180891719745237,93.52484076433116,1006.4101910828001,0.4866242038216559,0.8,15.5,16.1,0,0.00000,16,0.0,0,81.0,14.333333333333334,13.8,1.3038404810405297,0.0,0.0,0.0,-2.75,1.0,32,13.333333333333334,13.4,1.0,0.0,11,0.0,4,23.139000000000124,,-10
2021,17,Austin,99,Antonio Giovinazzi,Alfa Romeo Racing,13,20,0.631578947368421052631579,0,18,-5,5,95.794,120.441,115.43499999999999,19.45092121211744,2.8840000000000003,224.0,191.0,212.0,324.0,3,2,15.333333333333334,13.8,4.149799999999999,28.148447204968935,37.470807453416164,61.19254658385094,992.1298136645961,0.8540372670807448,1.5,26.4,29.5,0,0.00000,11,0.0,0,81.0,13.333333333333334,13.4,1.8165902124584947,0.0,0.0,0.0,-1.2,1.0,33,12.333333333333334,13.4,0.8,0.0,11,0.0,11,23.48999999999978,,7
2021,18,Mexico City,99,Antonio Giovinazzi,Alfa Romeo Racing,14,20,0.684210526315789473684211,0,12,2,9,77.89699999999999,89.202,88.74144444444444,10.916788024770742,2.0219999999999914,320.0,298.0,255.0,350.0,5,2,16.333333333333332,13.2,3.4704000000000006,21.20670731707316,47.57926829268294,31.2109756097561,784.2134146341465,0.3664634146341462,0.8,19.2,23.2,0,0.00000,11,0.0,0,81.0,12.666666666666666,13.0,2.1213203435596424,0.0,0.0,0.0,-1.2,1.0,34,11.833333333333334,12.7,0.8,0.0,11,0.0,2,22.197000000000116,,-4
2021,19,São Paulo,99,Antonio Giovinazzi,Alfa Romeo Racing,15,20,0.736842105263157894736842,0,14,1,9,69.342,85.752,80.65833333333333,10.252017216138487,1.4080000000000013,327.0,269.0,323.0,328.0,5,1,15.0,14.6,3.7337999999999996,23.137341772151892,51.56139240506331,60.10126582278483,926.9303797468358,0.39177215189873377,0.8,22.5,24.0,0,0.00000,11,0.0,0,81.0,11.0,12.4,2.1908902300206643,0.0,0.0,0.0,0.2,1.0,35,11.0,11.7,1.6,0.0,14,0.0,9,18.0029999999997,,7
2021,20,Lusail,99,Antonio Giovinazzi,Alfa Romeo Racing,18,20,0.894736842105263157894737,0,16,2,6,83.262,84.30799999999999,105.827,24.45392021742117,2.4350000000000023,249.0,285.0,321.0,326.0,2,1,14.0,15.6,3.781200000000001,26.41513157894735,30.603289473684203,75.54013157894735,1012.3072368421057,0.4230263157894732,0.8,26.0,27.4,1,0.01974,14,0.0,0,81.0,12.0,12.6,2.3021728866442674,0.0,0.0,0.0,1.2,1.0,36,11.5,11.6,1.6,0.0,15,0.0,12,25.347999999999956,,6
2021,21,Jeddah,99,Antonio Giovinazzi,Alfa Romeo Racing,10,20,0.473684210526315789473684,1,12,-2,14,88.616,89.532,103.25635714285715,19.852682200522548,1.105000000000004,293.0,323.0,313.0,326.0,4,2,15.666666666666666,15.6,2.4622000000000015,28.816062176165733,31.684974093264252,76.20310880829015,1013.7974093264247,0.2715025906735748,0.6,28.5,29.2,0,0.00000,15,0.0,0,81.0,13.333333333333334,12.4,1.949358868961793,0.0,0.0,0.0,1.6,1.0,37,12.333333333333334,12.1,0.8,0.0,9,2.0,4,1004.576,,5
2021,22,Yas Island,99,Antonio Giovinazzi,Alfa Romeo Racing,14,20,0.684210526315789473684211,0,18,-4,13,84.118,101.206,103.92230769230767,22.599806217401564,2.008999999999986,289.0,322.0,225.0,325.0,4,2,14.333333333333334,14.0,1.9707999999999999,24.51910828025481,28.46560509554141,59.05477707006371,1017.7108280254776,0.41464968152866166,0.7,23.5,25.7,0,0.00000,9,2.0,0,81.0,12.666666666666666,12.0,2.449489742783178,0.4,2.0,0.0,0.8,3.0,38,13.166666666666666,12.2,1.2,0.0,17,0.0,5,22.26000000000022,,11
2026,1,Melbourne,41,Arvid Lindblad,Racing Bulls,9,19,0.444444444444444444444444,1,8,1,17,79.971,93.949,97.54182352941177,17.940690762326067,1.453000000000003,284.0,299.0,310.0,315.0,5,1,,,,24.23445945945945,36.13445945945945,53.97297297297296,1012.5608108108116,2.5614864864864857,4.6,23.1,25.3,0,0.00000,,,,73.0,,,,,,,,,0,13.666666666666666,13.0,4.0,0.6,8,4.0,3,18.550999999999476,,7
2026,2,Shanghai,41,Arvid Lindblad,Racing Bulls,15,22,0.666666666666666666666667,0,14,1,11,93.78399999999999,114.185,108.55609090909093,12.959852039699726,1.7199999999999989,291.0,288.0,278.0,317.0,4,1,9.0,9.0,1.453000000000003,15.572368421052628,22.616447368421053,54.99802631578948,1024.481578947368,2.1934210526315794,4.5,14.9,16.4,0,0.00000,8,4.0,1,73.0,8.0,8.0,,4.0,4.0,1.0,1.0,4.0,1,13.833333333333334,11.8,4.8,0.6,12,0.0,6,23.273999999999432,,0
2026,3,Suzuka,41,Arvid Lindblad,Racing Bulls,10,22,0.428571428571428571428571,1,14,-4,15,90.10900000000001,106.227,103.74133333333334,13.233635747414166,1.3310000000000173,270.0,338.0,269.0,288.0,6,1,12.0,12.0,1.586500000000001,18.556410256410274,34.1429487179487,52.49551282051283,1011.7987179487181,1.9506410256410254,3.7,17.3,19.5,0,0.00000,12,0.0,1,73.0,10.0,10.0,2.8284271247461903,2.0,4.0,1.0,2.0,4.0,2,12.5,12.2,4.0,0.7,14,0.0,3,26.134000000000015,,12
2026,4,Miami Gardens,41,Arvid Lindblad,Racing Bulls,16,22,0.714285714285714285714286,0,11,5,7,90.133,108.07900000000001,112.24628571428572,23.460681161710298,2.3349999999999937,218.0,191.0,276.0,322.0,3,1,11.333333333333334,11.333333333333334,1.5013333333333396,27.125595238095247,37.01190476190477,70.44821428571433,1015.6476190476195,1.1517857142857149,4.8,25.7,28.1,1,0.01786,14,0.0,0,73.0,11.333333333333334,11.333333333333334,3.0550504633038935,1.3333333333333333,4.0,0.6666666666666666,0.0,4.0,3,10.5,12.5,2.8,0.6,14,0.0,5,22.69799999999941,,1
2026,5,Montréal,41,Arvid Lindblad,Racing Bulls,9,22,0.380952380952380952380952,1,12,-3,23,73.28,91.088,88.61195652173912,12.701696606353105,0.7019999999999982,253.0,289.0,279.0,327.0,6,1,13.666666666666666,12.5,1.7097500000000032,12.848750000000004,17.82749999999999,71.69499999999992,1024.2043749999991,3.0156249999999987,6.2,12.1,13.7,0,0.00000,14,0.0,1,73.0,13.333333333333334,12.0,2.8284271247461903,1.0,4.0,0.75,0.5,4.0,4,12.666666666666666,13.2,2.4,0.7,22,0.0,,,,28
2026,6,Monte Carlo,41,Arvid Lindblad,Racing Bulls,15,22,0.666666666666666666666667,0,10,5,20,74.248,86.695,88.40655000000001,12.53706992745073,2.1970000000000027,215.0,198.0,266.0,283.0,4,1,11.666666666666666,11.8,1.5082000000000022,23.677403846153872,37.976923076923086,62.198557692307695,1021.4403846153845,0.8418269230769228,3.5,22.6,24.5,0,0.00000,22,0.0,1,73.0,16.666666666666668,14.0,5.0990195135927845,0.8,4.0,0.8,-2.2,4.0,5,14.333333333333334,12.6,3.6,0.7,7,6.0,8,20.01800000000003,,-2
2026,7,Barcelona,41,Arvid Lindblad,Racing Bulls,11,22,0.476190476190476190476190,0,8,3,5,75.84,98.087,98.6546,25.752565062533098,1.1610000000000014,286.0,292.0,283.0,334.0,3,1,13.333333333333334,13.0,1.6570000000000022,30.529333333333362,50.28666666666666,28.866000000000017,1000.5366666666639,2.5713333333333326,5.2,29.8,31.1,0,0.00000,7,6.0,0,73.0,14.333333333333334,13.8,5.403702434442518,1.2,6.0,0.6,-0.8,10.0,6,12.666666666666666,11.8,5.6,0.5,9,2.0,12,22.434000000000196,,10
2020,1,Spielberg,55,Carlos Sainz,McLaren,8,20,0.368421052631578947368421,1,4,4,11,63.971000000000004,64.951,74.01290909090909,11.346382652233665,1.0320000000000036,319.0,251.0,291.0,318.0,5,1,12.0,10.0,3.850400000000005,28.68416666666667,52.02499999999999,33.8325,938.7708333333335,1.8874999999999997,3.6,26.9,30.0,0,0.00000,,,,,,,,,,,,,0,,,,,5,10.0,12,19.947000000000116,,19
2020,2,Spielberg,55,Carlos Sainz,McLaren,3,20,0.105263157894736842105263,1,6,-3,29,78.59,83.053,84.90020689655172,6.48087164210026,0.7650000000000006,291.0,218.0,265.0,292.0,3,1,12.333333333333334,10.2,3.8088000000000037,20.822499999999994,39.92,34.005,945.9099999999996,2.228333333333333,4.5,19.4,22.1,1,0.01667,5,10.0,0,,5.0,5.0,,10.0,10.0,0.0,3.0,10.0,1,4.0,4.0,26.0,0.0,9,3.0,4,21.851000000000568,1,31
2020,3,Budapest,55,Carlos Sainz,McLaren,9,20,0.421052631578947368421053,1,8,1,14,75.027,76.553,87.81992857142856,12.990392831534482,1.5799999999999983,285.0,258.0,262.0,306.0,5,1,6.666666666666667,9.4,3.710600000000004,20.74179104477611,27.12985074626864,77.19253731343284,986.3149253731342,1.5597014925373138,2.8,19.9,21.8,1,0.01493,9,3.0,0,,7.0,7.0,2.8284271247461903,6.5,13.0,0.0,-1.5,13.0,2,5.5,5.5,19.5,0.0,9,2.0,8,22.442000000000007,,12
2020,4,Silverstone,55,Carlos Sainz,McLaren,7,20,0.315789473684210526315789,1,5,2,13,85.965,87.074,99.2533846153846,15.313104859011345,1.6620000000000061,312.0,269.0,257.0,315.0,6,1,6.666666666666667,9.8,3.863000000000001,21.291406249999998,40.63281250000001,44.16796875,998.40859375,3.114062500000001,4.7,20.8,22.1,0,0.00000,9,2.0,0,,7.666666666666667,7.666666666666667,2.3094010767585034,5.0,15.0,0.0,-1.0,15.0,3,7.333333333333333,7.333333333333333,13.666666666666666,0.0,13,0.0,2,28.515000000000327,,18
2020,5,Silverstone,55,Carlos Sainz,McLaren,13,20,0.631578947368421052631579,0,10,3,8,87.083,88.105,99.48674999999999,12.912402639655078,1.929000000000002,312.0,273.0,251.0,328.0,4,2,6.333333333333333,7.2,1.313600000000001,25.28706896551725,43.22758620689654,58.55603448275865,1000.9508620689652,2.236206896551725,4.3,23.5,26.8,0,0.00000,13,0.0,0,,10.333333333333334,9.0,3.265986323710904,3.75,15.0,0.0,-2.25,15.0,4,9.0,7.75,12.75,0.0,13,0.0,10,28.75,,10
2020,6,Barcelona,55,Carlos Sainz,McLaren,7,20,0.315789473684210526315789,1,8,-1,10,76.876,77.46600000000001,88.34349999999999,12.119243579714222,1.2920000000000016,293.0,306.0,289.0,328.0,6,1,9.666666666666666,8.0,1.3936000000000022,29.796899224806182,47.55581395348835,56.38449612403102,997.7038759689932,1.5449612403100779,2.9,28.6,30.7,0,0.00000,13,0.0,0,,11.666666666666666,9.8,3.3466401061363023,3.0,15.0,0.0,-2.0,15.0,5,10.333333333333334,8.4,10.6,0.0,6,8.0,9,22.06899999999996,,19
2020,7,Spa-Francorchamps,55,Carlos Sainz,McLaren,7,20,0.315789473684210526315789,1,10,-3,9,102.438,103.322,118.35288888888888,18.566658877167725,1.1859999999999928,327.0,218.0,230.0,312.0,5,1,9.0,7.8,1.4456000000000018,18.568595041322304,29.82396694214875,54.85289256198344,962.4297520661155,1.4652892561983484,3.3,17.4,20.1,0,0.00000,6,8.0,0,,10.666666666666666,10.0,3.0,2.6,13.0,0.0,-2.4,23.0,6,9.333333333333334,9.2,7.2,0.0,20,0.0,,,,30
2020,8,Monza,55,Carlos Sainz,McLaren,3,20,0.105263157894736842105263,1,6,-3,10,79.695,80.099,91.38,13.328974312460138,0.8079999999999927,326.0,333.0,317.0,338.0,5,1,9.0,8.6,1.5298000000000003,28.090909090909104,41.20139860139859,40.12447552447552,990.7804195804187,1.5209790209790213,3.1,27.3,28.9,0,0.00000,20,0.0,1,,13.0,12.2,5.263078946776307,2.0,10.0,0.2,-3.8,23.0,7,10.833333333333334,10.5,5.8,0.1,2,18.0,5,24.424000000000433,,29
2020,9,Mugello,55,Carlos Sainz,McLaren,9,20,0.421052631578947368421053,1,11,-2,11,76.52199999999999,102.186,99.38045454545454,24.624621748825447,1.377999999999986,279.0,259.0,312.0,321.0,6,1,5.666666666666667,7.4,1.375399999999999,30.169886363636337,43.10227272727272,39.94431818181818,993.6153409090938,2.36477272727273,4.4,29.6,30.7,0,0.00000,2,18.0,0,,9.333333333333334,10.8,6.978538528947161,5.2,26.0,0.2,-3.6,41.0,8,8.166666666666666,8.9,11.4,0.1,18,0.0,0,,,20
2020,10,Sochi,55,Carlos Sainz,McLaren,6,20,0.263157894736842105263158,1,8,-2,8,92.55,93.967,104.92762499999999,14.463286901052019,1.2459999999999951,274.0,317.0,174.0,326.0,5,1,6.333333333333333,7.8,1.318599999999995,28.80606060606062,40.342424242424265,51.36287878787878,1012.878787878789,1.428787878787879,3.2,27.6,30.5,0,0.00000,18,0.0,1,,13.333333333333334,11.8,7.694153624668538,5.2,26.0,0.4,-4.2,41.0,9,9.5,9.5,11.0,0.2,19,0.0,0,,,31
2020,11,Nürburgring,55,Carlos Sainz,McLaren,10,20,0.473684210526315789473684,1,8,2,14,86.361,87.935,99.8417142857143,13.532264870577748,1.0919999999999987,270.0,241.0,262.0,316.0,6,1,6.0,6.4,1.1819999999999937,9.499999999999998,16.36020408163265,59.40408163265304,947.35918367347,1.6173469387755104,3.1,8.9,9.9,1,0.02041,19,0.0,1,,13.0,13.0,8.366600265340756,5.2,26.0,0.6,-6.6,41.0,10,10.666666666666666,10.7,10.6,0.3,5,10.0,8,22.48999999999978,,9
2020,12,Portimão,55,Carlos Sainz,McLaren,7,20,0.315789473684210526315789,1,8,-1,19,77.18299999999999,86.825,86.97621052631578,7.682213125706158,0.7169999999999845,281.0,200.0,311.0,330.0,5,1,8.333333333333334,7.0,1.141999999999993,20.505468749999977,25.71562499999998,67.52812500000002,1007.3406250000008,4.0406249999999995,7.0,20.0,21.0,0,0.00000,5,10.0,0,,14.0,12.8,8.5848704125339,5.6,28.0,0.6,-5.8,51.0,11,13.166666666666666,11.2,10.8,0.4,6,8.0,10,27.27899999999954,,20
2020,13,Imola,55,Carlos Sainz,McLaren,10,20,0.473684210526315789473684,1,9,1,12,74.911,75.837,87.36991666666667,12.603731745063252,1.3020000000000067,233.0,263.0,282.0,294.0,6,1,7.666666666666667,7.0,1.0481999999999914,18.030400000000004,23.26079999999999,71.13680000000001,1017.8919999999997,1.3415999999999992,3.1,16.9,18.5,0,0.00000,6,8.0,0,,10.0,10.0,7.905694150420948,7.2,36.0,0.4,-3.0,59.0,12,12.333333333333334,10.4,11.2,0.3,7,6.0,10,30.251999999999953,,11
2020,14,Istanbul,55,Carlos Sainz,McLaren,13,20,0.631578947368421052631579,0,11,2,11,115.41,127.489,127.01163636363638,7.666362335198193,7.644999999999996,243.0,271.0,208.0,256.0,4,2,9.0,8.4,1.1469999999999942,13.095683453237404,15.20575539568346,80.16115107913672,1008.4964028776968,1.066187050359712,2.7,12.1,13.8,1,0.04317,7,6.0,0,,6.0,11.0,6.892024376045111,4.8,24.0,0.4,-2.6,65.0,13,9.166666666666666,11.3,7.2,0.3,5,10.0,6,23.3449999999998,,0
2020,15,Sakhir,55,Carlos Sainz,McLaren,15,20,0.736842105263157894736842,0,9,6,2,88.975,88.975,103.1365,20.027385363546593,1.7109999999999985,245.0,271.0,293.0,325.0,1,1,10.0,9.2,2.4003999999999963,25.09907407407409,27.54814814814815,67.8472222222222,1015.8972222222209,0.8430555555555546,1.8,24.4,26.6,0,0.00000,5,10.0,0,,6.0,8.4,5.9833101206606365,6.8,34.0,0.2,1.2,75.0,14,7.833333333333333,10.2,8.6,0.2,5,10.0,15,24.468000000000757,,5
2020,16,Sakhir,55,Carlos Sainz,McLaren,8,20,0.368421052631578947368421,1,15,-7,12,53.818,55.334,62.32391666666667,8.546419510354596,0.4409999999999954,290.0,271.0,297.0,330.0,7,2,12.666666666666666,11.0,2.4933999999999967,20.947244094488184,23.46929133858268,58.16929133858269,1015.9417322834645,1.9480314960629923,3.4,20.4,22.0,0,0.00000,5,10.0,0,,5.666666666666667,5.6,0.8944271909999159,8.8,44.0,0.0,5.8,85.0,15,6.166666666666667,7.7,13.0,0.1,4,12.0,9,24.175000000000182,,16
2020,17,Yas Island,55,Carlos Sainz,McLaren,6,20,0.263157894736842105263158,1,4,2,9,95.815,102.753,112.60966666666667,18.168170105984807,0.5689999999999884,288.0,319.0,225.0,322.0,5,2,12.0,10.6,2.3631999999999964,23.121481481481517,27.980000000000008,55.44666666666665,1015.8474074074076,2.5044444444444425,4.0,22.1,23.7,0,0.00000,4,12.0,0,,4.666666666666667,5.4,1.1401754250991378,9.2,46.0,0.0,5.6,97.0,16,6.0,7.0,13.6,0.0,6,8.0,3,22.15899999999965,,16
2021,1,Sakhir,55,Carlos Sainz,Ferrari,8,20,0.368421052631578947368421,1,4,4,9,90.009,91.65299999999999,101.6978888888889,13.598087461518663,1.0120000000000005,245.0,270.0,288.0,310.0,5,1,9.666666666666666,10.4,2.333599999999997,20.538345864661654,27.627819548872182,54.51729323308271,1014.9105263157908,0.8872180451127818,1.4,20.4,20.9,0,0.00000,6,8.0,0,,5.0,5.4,1.140175425099138,9.2,46.0,0.0,5.4,,17,13.666666666666666,10.6,7.6,0.1,8,4.0,11,24.373999999999796,,18
2021,2,Imola,55,Carlos Sainz,Ferrari,11,20,0.526315789473684210526316,0,4,7,10,75.199,75.66499999999999,90.09129999999999,15.856916192066546,0.7879999999999967,235.0,259.0,284.0,289.0,4,1,7.333333333333333,10.0,2.275599999999996,10.621118012422354,16.827329192546586,69.48881987577641,1011.2527950310558,0.4788819875776397,1.1,9.2,12.3,1,0.40994,8,4.0,0,,6.0,5.6,1.51657508881031,8.8,44.0,0.0,4.8,4.0,18,12.166666666666666,10.3,8.0,0.1,5,10.0,6,30.85199999999986,,4
2021,3,Portimão,55,Carlos Sainz,Ferrari,5,20,0.210526315789473684210526,1,8,-3,17,78.813,92.6,92.82347058823527,14.18691207203688,0.8449999999999989,288.0,196.0,291.0,311.0,5,2,8.333333333333334,9.6,0.9041999999999959,19.39253731343283,38.9507462686567,39.40373134328356,1004.8134328358209,0.8373134328358207,1.4,18.1,20.0,0,0.00000,5,10.0,0,,6.333333333333333,5.6,1.51657508881031,8.8,44.0,0.0,4.0,14.0,19,8.333333333333334,10.5,7.0,0.1,11,0.0,6,22.13000000000011,,24
2021,4,Barcelona,55,Carlos Sainz,Ferrari,6,20,0.263157894736842105263158,1,4,2,9,77.62,78.205,89.07077777777778,13.469179046788426,0.8790000000000049,288.0,303.0,283.0,317.0,5,1,8.0,7.6,0.730999999999996,22.203076923076917,32.92230769230769,57.55307692307693,993.5746153846156,0.4576923076923076,0.9,21.3,23.5,0,0.00000,11,0.0,0,,8.0,6.8,2.7748873851023217,6.8,34.0,0.0,0.8,14.0,20,6.666666666666667,9.9,8.4,0.1,7,6.0,7,21.804000000000087,,20
2021,5,Monte Carlo,55,Carlos Sainz,Ferrari,4,19,0.166666666666666666666667,1,1,3,20,70.611,87.087,87.26420000000003,12.965939167071953,0.26500000000000057,222.0,209.0,271.0,283.0,5,1,7.333333333333333,7.2,0.8185999999999979,20.760740740740758,37.59555555555557,61.42444444444447,1015.5711111111107,0.31629629629629613,0.6,20.3,21.5,0,0.00000,7,6.0,0,,7.666666666666667,7.4,2.302172886644268,5.6,28.0,0.0,-0.2,20.0,21,6.166666666666667,7.8,12.0,0.0,2,18.0,2,23.89300000000003,,23
2021,6,Baku,55,Carlos Sainz,Ferrari,5,20,0.210526315789473684210526,1,1,4,7,101.576,102.255,115.42071428571428,16.93916438035719,0.3579999999999899,238.0,233.0,344.0,315.0,4,1,5.0,6.8,0.7578000000000003,24.170930232558128,38.31453488372088,55.805232558139544,1014.7308139534875,0.2837209302325581,0.8,22.9,25.5,0,0.00000,2,18.0,0,,6.666666666666667,6.6,3.361547262794322,7.6,38.0,0.0,0.2,38.0,22,8.333333333333334,7.3,15.6,0.1,8,4.0,7,15.09099999999944,,23
2021,7,Le Castellet,55,Carlos Sainz,Ferrari,5,20,0.210526315789473684210526,1,7,-2,7,90.84,91.514,98.90785714285717,19.601941361580927,0.8500000000000085,126.0,281.0,301.0,325.0,5,2,5.0,6.2,0.6269999999999982,25.314399999999992,35.22879999999999,58.63039999999999,960.6376,1.1655999999999997,1.8,23.8,27.4,0,0.00000,8,4.0,0,,5.666666666666667,6.6,3.361547262794322,7.6,38.0,0.0,-0.4,42.0,23,7.5,7.1,16.4,0.1,11,0.0,6,30.458999999999833,,24
2021,8,Spielberg,55,Carlos Sainz,Ferrari,12,20,0.578947368421052631578947,0,7,5,11,64.711,84.834,87.124,24.307637861380112,0.8699999999999974,315.0,246.0,281.0,309.0,4,1,4.666666666666667,5.0,0.6394000000000005,26.692372881355922,52.352542372881345,33.24661016949152,938.4771186440671,0.3677966101694914,1.2,26.0,27.3,0,0.00000,11,0.0,0,,7.0,7.8,3.7013511046643495,5.6,28.0,0.0,-2.8,42.0,24,10.166666666666666,8.9,12.0,0.1,6,8.0,8,21.19000000000051,,4
2021,9,Spielberg,55,Carlos Sainz,Ferrari,11,20,0.526315789473684210526316,0,12,-1,11,64.559,90.533,85.16045454545454,21.458704669031803,0.8389999999999986,318.0,250.0,286.0,314.0,4,2,7.333333333333333,6.4,0.6444000000000003,20.966025641025656,33.18397435897434,49.730769230769255,934.7211538461531,0.348076923076923,0.9,19.0,22.6,1,0.03846,6,8.0,0,,8.333333333333334,6.8,3.271085446759225,7.2,36.0,0.0,-0.4,50.0,25,8.666666666666666,8.5,13.2,0.1,5,10.0,11,21.406999999999243,,9
2021,10,Silverstone,55,Carlos Sainz,Ferrari,9,20,0.421052631578947368421053,1,4,5,14,86.848,88.632,100.52214285714285,13.986325221758259,0.8250000000000028,317.0,272.0,251.0,326.0,7,1,9.333333333333334,7.4,0.636399999999999,29.4,50.931521739130446,37.20217391304347,1007.2461956521738,0.317934782608696,0.8,28.4,30.1,0,0.00000,5,10.0,0,,7.333333333333333,6.4,3.361547262794322,8.0,40.0,0.0,0.8,60.0,26,8.833333333333334,8.7,12.4,0.1,6,8.0,6,37.52399999999943,,10
2021,11,Budapest,55,Carlos Sainz,Ferrari,15,20,0.736842105263157894736842,0,7,8,3,76.649,95.25800000000001,94.21833333333332,17.07325775396521,1.230000000000004,282.0,250.0,255.0,303.0,2,1,10.666666666666666,8.4,0.7483999999999995,27.22670157068063,37.82251308900524,68.61570680628276,977.6308900523562,0.5675392670157061,1.2,25.7,29.1,1,0.30366,6,8.0,0,,5.666666666666667,7.2,2.3874672772626644,6.0,30.0,0.0,1.2,68.0,27,5.666666666666667,7.3,14.0,0.0,3,15.0,5,21.92699999999968,,-4
2021,12,Spa-Francorchamps,55,Carlos Sainz,Ferrari,13,20,0.631578947368421052631579,0,11,2,11,118.137,128.405,128.6709090909091,8.54283142119222,2.1119999999999948,312.0,185.0,218.0,304.0,4,2,11.666666666666666,10.4,0.9228000000000023,13.012413793103491,15.258620689655164,96.4358620689655,970.2217241379296,0.5113793103448276,1.0,12.4,13.4,1,0.84138,3,15.0,0,,4.666666666666667,6.2,2.949576240750525,8.2,41.0,0.0,4.2,83.0,28,7.0,8.2,13.8,0.1,10,0.5,0,15395.238,,-5
2021,13,Zandvoort,55,Carlos Sainz,Ferrari,6,20,0.263157894736842105263158,1,5,1,12,69.537,72.154,85.32375,16.818424016130752,0.652000000000001,276.0,287.0,301.0,310.0,5,1,12.333333333333334,12.0,1.1751999999999996,21.50443037974685,36.10569620253166,54.10822784810126,1021.5056962025316,0.442405063291139,0.9,20.4,22.4,0,0.00000,10,0.5,0,,6.333333333333333,6.0,2.5495097567963922,8.3,41.5,0.0,5.6,83.5,29,7.833333333333333,7.3,14.3,0.1,7,6.0,2,20.001000000000204,,15
2021,14,Monza,55,Carlos Sainz,Ferrari,7,20,0.315789473684210526315789,1,8,-1,11,80.462,82.495,92.5261818181818,13.52994305101231,0.9069999999999965,319.0,335.0,308.0,340.0,6,1,11.333333333333334,10.8,1.1316000000000002,28.885234899328868,43.52751677852349,33.2758389261745,994.4879194630865,0.3429530201342281,0.7,27.8,29.6,0,0.00000,7,6.0,0,,6.666666666666667,6.2,2.588435821108957,7.9,39.5,0.0,4.2,89.5,30,8.5,7.2,14.7,0.1,6,8.0,3,24.297999999999774,,13
2021,15,Sochi,55,Carlos Sainz,Ferrari,2,20,0.052631578947368421052632,1,15,-13,20,102.50999999999999,112.00800000000001,117.7902,13.638116217348156,0.5169999999999959,261.0,296.0,149.0,294.0,6,2,8.666666666666666,10.0,1.1451999999999998,19.13860759493674,21.75696202531647,61.94746835443034,1023.1310126582275,0.29050632911392416,0.9,17.4,19.5,1,0.10127,6,8.0,0,,7.666666666666667,6.4,2.5099800796022267,7.5,37.5,0.0,3.2,97.5,31,6.666666666666667,6.9,15.9,0.1,3,15.0,9,30.652000000000044,,35
2021,16,Istanbul,55,Carlos Sainz,Ferrari,15,20,0.736842105263157894736842,0,4,11,11,85.17699999999999,101.75999999999999,100.93072727272728,15.309667397372873,2.3089999999999975,281.0,293.0,251.0,319.0,2,1,5.0,8.6,1.0835999999999983,15.825477707006387,18.180891719745237,93.52484076433116,1006.4101910828001,0.4866242038216559,0.8,15.5,16.1,0,0.00000,3,15.0,0,,5.333333333333333,5.8,2.949576240750525,8.9,44.5,0.0,2.2,112.5,32,6.666666666666667,7.9,13.7,0.1,8,4.0,11,28.350999999999658,,1
2021,17,Austin,55,Carlos Sainz,Ferrari,6,20,0.263157894736842105263158,1,5,1,9,93.792,94.55799999999999,109.51133333333333,18.61398861743501,0.882000000000005,233.0,193.0,214.0,322.0,5,2,8.0,8.6,1.2993999999999972,28.148447204968935,37.470807453416164,61.19254658385094,992.1298136645961,0.8540372670807448,1.5,26.4,29.5,0,0.00000,8,4.0,0,,5.666666666666667,6.8,2.588435821108957,6.7,33.5,0.0,2.0,116.5,33,6.666666666666667,7.0,13.9,0.0,7,6.0,4,23.38299999999981,,17
2021,18,Mexico City,55,Carlos Sainz,Ferrari,6,20,0.263157894736842105263158,1,8,-2,14,76.761,78.689,89.34478571428572,13.834249306472191,0.8859999999999957,319.0,297.0,256.0,344.0,7,2,7.666666666666667,7.2,1.0533999999999992,21.20670731707316,47.57926829268294,31.2109756097561,784.2134146341465,0.3664634146341462,0.8,19.2,23.2,0,0.00000,7,6.0,0,,6.0,6.2,1.9235384061671346,7.8,39.0,0.0,1.4,122.5,34,6.833333333333333,6.3,17.0,0.0,6,8.0,4,22.128999999999905,,17
2021,19,São Paulo,55,Carlos Sainz,Ferrari,6,20,0.263157894736842105263158,1,7,-1,13,68.826,76.392,82.47253846153846,14.117950474575414,0.8919999999999959,323.0,267.0,316.0,322.0,6,1,9.0,7.2,1.100199999999998,23.137341772151892,51.56139240506331,60.10126582278483,926.9303797468358,0.39177215189873377,0.8,22.5,24.0,0,0.00000,6,8.0,0,,7.0,6.0,1.8708286933869707,8.2,41.0,0.0,1.6,130.5,35,5.666666666666667,6.2,17.4,0.0,6,8.0,5,18.743000000000393,,18
2021,20,Lusail,55,Carlos Sainz,Ferrari,7,20,0.315789473684210526315789,1,13,-6,15,81.84,112.214,104.84966666666668,22.47595019973466,1.0130000000000052,252.0,281.0,317.0,322.0,6,2,6.0,7.0,1.097199999999998,26.41513157894735,30.603289473684203,75.54013157894735,1012.3072368421057,0.4230263157894732,0.8,26.0,27.4,1,0.01974,6,8.0,0,,6.333333333333333,6.0,1.8708286933869707,8.2,41.0,0.0,1.0,138.5,36,5.5,6.3,17.0,0.0,7,6.0,8,25.605000000000473,,18
2021,21,Jeddah,55,Carlos Sainz,Ferrari,15,20,0.736842105263157894736842,0,4,11,10,88.237,113.652,111.26280000000001,21.110321745008484,0.7259999999999991,294.0,320.0,307.0,322.0,4,2,6.333333333333333,8.0,1.1964,28.816062176165733,31.684974093264252,76.20310880829015,1013.7974093264247,0.2715025906735748,0.6,28.5,29.2,0,0.00000,7,6.0,0,,6.333333333333333,6.8,0.8366600265340756,6.4,32.0,0.0,0.8,144.5,37,6.166666666666667,6.0,16.0,0.0,8,4.0,7,1004.3289999999997,,-3
2021,22,Yas Island,55,Carlos Sainz,Ferrari,5,20,0.210526315789473684210526,1,7,-2,14,82.992,85.14099999999999,100.03057142857142,20.337424716760236,0.8829999999999956,288.0,319.0,224.0,322.0,6,2,9.333333333333334,8.0,0.8798000000000001,24.51910828025481,28.46560509554141,59.05477707006371,1017.7108280254776,0.41464968152866166,0.7,23.5,25.7,0,0.00000,8,4.0,0,,7.0,6.8,0.8366600265340756,6.4,32.0,0.0,0.0,148.5,38,6.833333333333333,6.3,14.8,0.0,3,15.0,5,22.199999999999818,,22
2022,1,Sakhir,55,Carlos Sainz,Ferrari,3,20,0.105263157894736842105263,1,1,2,10,90.687,91.745,104.2268,14.145678506172825,0.1290000000000049,241.0,270.0,287.0,315.0,5,1,9.0,7.8,0.8799999999999983,23.617791411042962,28.610429447852766,29.49079754601227,1010.3858895705521,0.3049079754601232,0.8,22.3,25.7,0,0.00000,3,15.0,0,87.0,6.0,6.0,1.8708286933869707,8.2,41.0,0.0,0.8,,39,7.166666666666667,6.5,14.4,0.0,2,18.0,5,24.28899999999976,,29
2022,2,Jeddah,55,Carlos Sainz,Ferrari,3,20,0.105263157894736842105263,1,2,1,15,73.67,110.44,104.96546666666669,17.638233867962867,0.0,288.0,320.0,301.0,327.0,6,1,7.666666666666667,7.2,0.7286000000000001,25.42039473684213,28.4092105263158,59.66447368421053,1012.7776315789473,2.3592105263157874,4.0,25.3,25.6,0,0.00000,2,18.0,0,87.0,4.333333333333333,5.2,2.588435821108957,10.2,51.0,0.0,1.0,18.0,40,5.166666666666667,5.7,19.6,0.0,3,15.0,2,21.547999999999774,,25
2022,3,Melbourne,55,Carlos Sainz,Ferrari,9,20,0.421052631578947368421053,1,1,8,16,78.469,97.644,97.650375,16.515704223051866,0.6009999999999991,283.0,304.0,301.0,313.0,5,1,3.6666666666666665,6.6,0.5502000000000009,26.697435897435888,37.40833333333329,43.65384615384615,1014.2461538461532,1.8128205128205122,4.4,25.8,27.4,0,0.00000,3,15.0,0,87.0,2.6666666666666665,4.6,2.701851217221259,11.6,58.0,0.0,1.6,33.0,41,3.5,5.1,22.8,0.0,20,0.0,0,,,24
2022,4,Imola,55,Carlos Sainz,Ferrari,10,20,0.473684210526315789473684,1,2,8,9,78.678,80.319,88.78244444444445,12.459516976102151,0.0,222.0,259.0,276.0,295.0,2,1,5.0,7.0,0.4677999999999997,12.899367088607601,17.418987341772137,83.17088607594937,1001.0386075949358,1.4822784810126568,2.5,11.1,14.2,0,0.00000,20,0.0,1,87.0,8.333333333333334,7.2,7.52994023880668,10.4,52.0,0.2,-0.2,33.0,42,4.833333333333333,5.7,26.0,0.1,20,0.0,0,,,21
2022,5,Miami,55,Carlos Sainz,Ferrari,2,20,0.052631578947368421052632,1,1,1,20,88.986,115.66499999999999,113.28655,20.394881748215266,0.19000000000001194,225.0,192.0,286.0,323.0,8,1,7.333333333333333,6.0,0.3225999999999999,30.61728395061729,42.81975308641976,58.858024691358025,1009.3049382716049,2.26728395061728,5.0,29.4,32.3,1,0.05556,20,0.0,1,87.0,14.333333333333334,9.6,9.50263121456368,9.6,48.0,0.4,-4.8,33.0,43,8.666666666666666,6.8,25.6,0.2,3,15.0,2,22.04399999999987,,28
2022,6,Barcelona,55,Carlos Sainz,Ferrari,3,20,0.105263157894736842105263,1,1,2,10,79.166,80.386,98.4132,26.070371470737086,0.4159999999999968,288.0,307.0,287.0,322.0,5,1,7.0,5.4,0.1840000000000032,36.56585365853659,48.95731707317072,7.109756097560975,996.0158536585362,3.4884146341463396,5.5,35.9,37.2,0,0.00000,3,15.0,0,87.0,14.333333333333334,9.6,9.50263121456368,9.6,48.0,0.4,-5.4,48.0,44,8.666666666666666,6.0,29.0,0.2,4,12.0,12,21.841999999999643,,34
2022,7,Monaco,55,Carlos Sainz,Ferrari,2,20,0.052631578947368421052632,1,1,1,21,71.601,98.352,93.55609523809524,14.974794385582603,0.22499999999999432,220.0,208.0,272.0,285.0,5,1,5.0,5.4,0.24140000000000156,22.274693877550995,31.038367346938788,75.66530612244898,1002.9922448979627,0.9902040816326523,3.2,20.9,24.3,1,0.43673,4,12.0,0,87.0,9.0,10.0,9.137833441248533,8.4,42.0,0.4,-5.8,60.0,45,9.166666666666666,8.1,22.6,0.3,2,18.0,2,24.60399999999936,,29
2022,8,Baku,55,Carlos Sainz,Ferrari,4,20,0.157894736842105263157895,1,1,3,13,101.814,128.658,122.0863076923077,18.766755319734127,0.4549999999999841,234.0,236.0,335.0,317.0,5,1,2.3333333333333335,5.2,0.28640000000000043,25.435403726708074,47.149689440993804,59.49068322981366,1009.9012422360254,1.5291925465838494,2.9,24.9,26.1,0,0.00000,2,18.0,0,87.0,3.0,9.8,9.338094023943002,9.0,45.0,0.4,-5.8,78.0,46,5.833333333333333,8.2,21.8,0.3,20,0.0,0,,,39
2022,9,Montréal,55,Carlos Sainz,Ferrari,3,20,0.105263157894736842105263,1,15,-12,25,82.096,95.12299999999999,97.035,11.63575555131681,0.796999999999997,251.0,276.0,277.0,305.0,5,2,3.0,4.2,0.25719999999999743,20.762962962962966,41.261111111111084,28.925925925925927,1012.4012345679009,3.5524691358024683,5.6,18.8,22.3,0,0.00000,20,0.0,1,87.0,8.666666666666666,9.8,9.338094023943,9.0,45.0,0.4,-6.8,78.0,47,11.5,10.0,16.6,0.4,2,19.0,4,24.177999999999884,1,33
2022,10,Silverstone,55,Carlos Sainz,Ferrari,1,20,0E-24,1,3,-2,22,100.19,106.305,108.51231818181822,7.0415682465009075,1.061000000000007,295.0,245.0,232.0,297.0,3,1,3.0,2.8,0.41659999999999686,18.253201970443335,30.026108374384233,59.748768472906406,1002.3581280788169,1.4561576354679806,3.9,17.5,19.2,1,0.04433,2,19.0,0,87.0,8.0,6.2,7.758865896508329,12.8,64.0,0.2,-3.4,97.0,48,8.666666666666666,8.1,20.8,0.3,1,25.0,6,28.414999999999054,,41
2022,11,Spielberg,55,Carlos Sainz,Ferrari,3,20,0.105263157894736842105263,1,2,1,18,65.066,66.397,83.68744444444445,21.721413422817758,0.08200000000000784,317.0,250.0,282.0,318.0,6,1,2.6666666666666665,2.6,0.5907999999999959,20.255921052631592,30.74671052631582,35.13815789473684,939.7124999999984,1.2552631578947366,3.9,19.7,21.1,0,0.00000,1,25.0,0,87.0,7.666666666666667,5.8,8.012490249604053,14.8,74.0,0.2,-3.2,122.0,49,8.5,8.1,21.6,0.3,18,0.0,4,21.23199999999997,,42
2022,12,Le Castellet,55,Carlos Sainz,Ferrari,9,20,0.421052631578947368421053,1,1,8,2,91.081,91.081,91.689,0.8598418459228375,0.20900000000000318,120.0,279.0,301.0,331.0,2,1,2.3333333333333335,2.6,0.523999999999998,30.164843750000003,54.46171874999998,47.734375,967.9078124999985,1.9460937500000002,4.0,29.1,30.8,0,0.00000,18,0.0,1,87.0,7.0,8.6,9.528903399657276,12.4,62.0,0.4,-6.0,122.0,50,5.166666666666667,7.6,24.2,0.3,5,11.0,16,41.53400000000056,1,25
2022,13,Budapest,55,Carlos Sainz,Ferrari,2,20,0.052631578947368421052632,1,3,-1,17,77.42099999999999,96.719,98.36429411764709,23.273065732635832,0.04399999999999693,280.0,253.0,256.0,300.0,6,1,4.333333333333333,4.0,0.5207999999999998,18.55988023952095,26.72095808383233,69.31736526946108,985.5814371257485,4.034131736526945,5.8,17.8,19.4,1,0.27545,5,11.0,0,87.0,8.0,9.2,9.093954035511725,11.0,55.0,0.4,-3.2,133.0,51,8.0,9.4,20.4,0.4,4,12.0,7,22.82300000000032,,32
2022,14,Spa-Francorchamps,55,Carlos Sainz,Ferrari,2,20,0.052631578947368421052632,1,4,-2,8,104.297,105.418,121.6225,18.189704332789077,0.632000000000005,342.0,209.0,222.0,313.0,5,1,4.666666666666667,3.6,0.43860000000000243,21.78717948717949,36.083974358974366,40.51923076923077,971.0519230769214,1.5192307692307678,3.5,20.7,22.5,0,0.00000,4,12.0,0,87.0,9.0,6.0,6.892024376045111,13.4,67.0,0.2,-0.4,145.0,52,8.833333333333334,6.5,24.4,0.2,3,15.0,5,22.551000000000386,,31
2022,15,Zandvoort,55,Carlos Sainz,Ferrari,3,20,0.105263157894736842105263,1,2,1,12,70.434,90.518,88.56524999999999,17.30710831959989,0.09199999999999875,284.0,284.0,318.0,323.0,6,1,4.333333333333333,3.4,0.405600000000004,22.730061349693237,33.44601226993866,75.38036809815951,1017.1098159509202,1.0619631901840485,2.0,22.3,23.3,0,0.00000,3,15.0,0,87.0,4.0,6.2,6.760177512462229,12.6,63.0,0.2,-1.0,160.0,53,7.166666666666667,6.7,23.2,0.2,8,4.0,9,19.54399999999987,,31
2022,16,Monza,55,Carlos Sainz,Ferrari,3,20,0.105263157894736842105263,1,1,2,8,80.429,81.348,99.21625,20.741910751974064,0.2680000000000007,325.0,341.0,314.0,346.0,4,1,2.3333333333333335,3.8,0.21180000000000235,27.734693877551035,43.138775510204084,33.14965986394558,993.340136054421,1.3612244897959178,2.7,26.4,28.5,0,0.00000,8,4.0,0,87.0,5.0,7.6,6.107372593840988,8.4,42.0,0.2,-2.0,164.0,54,5.0,7.3,19.6,0.2,4,12.0,13,23.692000000000007,,35
2022,17,Marina Bay,55,Carlos Sainz,Ferrari,4,20,0.157894736842105263157895,1,1,3,17,109.583,118.131,123.36917647058823,13.02353743340925,0.17099999999999227,291.0,266.0,252.0,284.0,4,2,2.6666666666666665,3.8,0.24900000000000092,26.232549019607895,28.973333333333354,87.44705882352942,1008.1439215686289,0.929803921568626,2.7,24.3,27.7,1,0.18039,4,12.0,0,87.0,5.0,4.8,1.9235384061671346,10.8,54.0,0.0,3.8,176.0,55,4.333333333333333,6.0,20.6,0.1,3,15.0,2,30.59399999999914,,22
2022,18,Suzuka,55,Carlos Sainz,Ferrari,3,20,0.105263157894736842105263,1,2,1,8,89.361,90.444,106.58624999999999,18.06351270814021,0.05700000000000216,283.0,302.0,267.0,303.0,4,1,3.3333333333333335,2.8,0.24139999999999873,16.717647058823538,19.930588235294138,86.21176470588236,1015.7062745098052,2.040784313725487,4.0,15.8,19.0,1,0.98039,3,15.0,0,87.0,5.0,4.4,2.073644135332772,11.6,58.0,0.0,1.2,191.0,56,3.6666666666666665,4.1,25.0,0.0,19,0.0,0,,,40
2022,19,Austin,55,Carlos Sainz,Ferrari,1,20,0E-24,1,2,-1,8,94.356,95.59,110.2555,16.848282871387394,0.0,235.0,193.0,210.0,322.0,4,1,3.3333333333333335,3.0,0.24399999999999977,29.28529411764708,35.52352941176471,49.62352941176471,991.1994117647055,5.487058823529408,10.1,28.3,30.7,0,0.00000,19,0.0,1,87.0,8.666666666666666,7.4,6.8044103344816,9.2,46.0,0.2,-1.6,191.0,57,5.5,5.3,24.0,0.1,20,0.0,0,,,48
2022,20,Mexico City,55,Carlos Sainz,Ferrari,5,20,0.210526315789473684210526,1,7,-2,10,78.351,79.566,88.6615,12.792180191646592,0.5759999999999934,312.0,292.0,250.0,346.0,5,1,2.6666666666666665,2.8,0.11759999999999877,24.312727272727287,41.68909090909089,34.442424242424245,780.4072727272716,1.3369696969696967,4.0,22.8,25.5,0,0.00000,20,0.0,1,87.0,14.0,10.8,8.167006795638168,6.2,31.0,0.4,-5.0,191.0,58,8.333333333333334,6.7,22.4,0.2,5,10.0,5,23.478000000000065,,21
2022,21,São Paulo,55,Carlos Sainz,Ferrari,5,20,0.210526315789473684210526,1,10,-5,18,70.89,81.574,84.74183333333335,11.746344749350246,0.009000000000000341,320.0,261.0,320.0,322.0,5,2,3.0,3.2,0.2143999999999977,23.01077844311378,46.04910179640717,76.07784431137725,922.1604790419151,1.4443113772455085,2.9,20.9,25.1,0,0.00000,5,10.0,0,87.0,14.666666666666666,10.2,8.526429498916883,7.4,37.0,0.4,-4.0,201.0,59,9.333333333333334,6.7,22.2,0.2,3,15.0,10,23.490999999999985,,27
2022,22,Yas Island,55,Carlos Sainz,Ferrari,4,20,0.157894736842105263157895,1,3,1,11,84.242,104.951,101.50672727272728,18.281300627093845,0.41800000000000637,291.0,321.0,222.0,325.0,5,1,3.6666666666666665,3.6,0.16259999999999764,28.57548387096773,34.31032258064516,61.68387096774194,1013.5206451612893,2.608387096774191,4.1,27.8,29.7,0,0.00000,3,15.0,0,87.0,9.333333333333334,10.0,8.717797887081348,8.0,40.0,0.4,-6.0,216.0,60,6.833333333333333,6.8,21.6,0.2,4,12.0,7,21.52600000000075,,26
2023,1,Sakhir,55,Carlos Sainz,Ferrari,4,20,0.157894736842105263157895,1,3,1,10,90.154,91.463,101.49910000000001,13.702157854797099,0.44599999999999795,243.0,271.0,290.0,326.0,6,2,4.666666666666667,3.6,0.21200000000000047,27.43167701863353,31.01180124223602,21.496894409937887,1016.863975155279,0.6832298136645952,2.2,26.2,29.8,0,0.00000,4,12.0,0,,4.0,10.2,8.526429498916883,7.4,37.0,0.4,-6.2,,61,4.0,6.9,21.0,0.2,4,12.0,4,24.25,,23
2023,2,Jeddah,55,Carlos Sainz,Ferrari,5,20,0.210526315789473684210526,1,2,3,16,88.931,109.97200000000001,107.82175,17.49215350378563,0.6659999999999968,291.0,327.0,306.0,332.0,5,1,4.333333333333333,3.8,0.2897999999999996,26.09189189189191,31.792567567567573,57.79054054054054,1010.9297297297305,1.7722972972972975,3.7,25.8,26.4,0,0.00000,4,12.0,0,,3.6666666666666665,7.2,7.1902712048990205,9.8,49.0,0.2,-3.0,12.0,62,6.0,7.0,20.4,0.2,6,8.0,4,20.75,,20
2023,3,Melbourne,55,Carlos Sainz,Ferrari,5,20,0.210526315789473684210526,1,7,-2,21,77.27,96.32300000000001,99.46409523809524,22.031578733501515,0.5379999999999967,285.0,319.0,308.0,322.0,6,1,4.333333333333333,4.6,0.422999999999999,17.449549549549555,30.139639639639615,54.15765765765766,1018.3666666666695,1.1270270270270264,5.0,16.8,18.1,0,0.00000,6,8.0,0,,4.666666666666667,4.4,1.140175425099138,11.4,57.0,0.0,0.4,20.0,63,7.0,6.0,20.2,0.1,12,0.0,7,18.35900000000038,,27
2025,1,Melbourne,55,Carlos Sainz,Williams,10,20,0.473684210526315789473684,1,6,4,15,75.931,104.144,97.91613333333333,21.603622757923418,0.8349999999999937,290.0,329.0,311.0,327.0,6,1,4.666666666666667,4.6,0.41539999999999966,15.707865168539323,18.942134831460663,78.42134831460675,1009.9016853932579,3.475280898876404,6.9,15.1,16.6,1,0.32584,2,18.0,0,85.0,3.6666666666666665,5.6,6.107372593840988,13.2,66.0,0.2,1.0,,106,16.166666666666668,16.3,0.0,0.9,18,0.0,0,,,17
2025,2,Shanghai,55,Carlos Sainz,Williams,15,20,0.736842105263157894736842,0,10,5,10,91.628,93.012,104.4719,13.705599191976653,0.987000000000009,285.0,279.0,272.0,333.0,5,1,6.666666666666667,5.6,0.5805999999999983,27.215584415584427,35.81688311688313,18.233766233766232,1010.4227272727292,2.18831168831169,4.3,26.4,28.1,0,0.00000,18,0.0,1,85.0,8.666666666666666,9.0,7.483314773547883,8.2,41.0,0.4,-0.6,0.0,107,14.5,15.5,2.0,0.8,10,1.0,14,22.83600000000024,,5
2025,3,Suzuka,55,Carlos Sainz,Williams,12,20,0.578947368421052631578947,0,9,3,10,87.836,89.523,103.50070000000001,17.36512306671687,0.8529999999999944,289.0,305.0,273.0,298.0,4,1,10.0,7.8,0.6943999999999988,14.42999999999999,20.514285714285716,76.37142857142857,1009.3171428571422,1.2021428571428572,2.4,14.2,14.7,0,0.00000,10,1.0,0,85.0,10.0,7.8,6.496152707564686,8.4,42.0,0.2,-0.4,1.0,108,11.666666666666666,13.7,3.4,0.6,14,0.0,7,23.21900000000005,,11
2025,4,Sakhir,55,Carlos Sainz,Williams,8,20,0.368421052631578947368421,1,15,-7,11,90.68,92.144,105.45709090909094,17.289851077753934,0.8389999999999986,242.0,271.0,286.0,316.0,6,1,12.333333333333334,9.4,0.7757999999999982,27.05253164556961,31.87025316455695,45.32911392405063,1008.1253164556957,2.105696202531645,3.6,26.6,27.9,0,0.00000,14,0.0,0,85.0,14.0,10.0,6.324555320336759,5.4,27.0,0.2,0.0,1.0,109,10.5,12.7,3.8,0.5,19,0.0,9,24.454999999999927,,34
2025,5,Jeddah,55,Carlos Sainz,Williams,6,20,0.263157894736842105263158,1,11,-5,15,88.024,107.836,108.04466666666666,20.837751827826708,0.730000000000004,297.0,328.0,313.0,335.0,6,1,11.666666666666666,10.0,0.8103999999999985,29.483802816901413,37.81971830985914,62.725352112676056,1006.7661971830992,1.026056338028169,2.2,28.3,31.7,0,0.00000,19,0.0,1,85.0,14.333333333333334,12.6,6.913754406977442,3.8,19.0,0.4,-2.4,1.0,110,11.833333333333334,12.4,3.8,0.4,8,4.0,7,23.996000000000095,,20
2025,6,Miami Gardens,55,Carlos Sainz,Williams,6,20,0.263157894736842105263158,1,7,-1,12,86.569,88.076,102.41908333333332,16.176977206446168,0.3649999999999949,224.0,193.0,288.0,341.0,7,1,8.666666666666666,10.2,0.8488,26.573154362416098,38.69060402684562,63.02013422818792,1012.2959731543626,1.0469798657718126,2.4,25.9,28.0,1,0.03356,8,4.0,0,85.0,13.666666666666666,13.8,4.8166378315169185,1.0,5.0,0.4,-3.0,5.0,111,11.833333333333334,11.1,5.0,0.2,9,2.0,5,22.525000000000546,,18
2025,7,Imola,55,Carlos Sainz,Williams,6,20,0.263157894736842105263158,1,7,-1,12,75.19800000000001,76.406,88.65591666666667,17.241883257496884,0.5280000000000058,234.0,264.0,282.0,299.0,7,1,6.666666666666667,9.4,0.7548000000000001,23.964666666666666,42.66399999999999,38.306666666666665,1009.7999999999994,3.2479999999999993,5.0,23.4,24.3,0,0.00000,9,2.0,0,85.0,12.0,12.0,4.527692569068709,1.4,7.0,0.2,-2.0,7.0,112,10.333333333333334,10.2,5.4,0.1,8,4.0,11,30.14800000000014,,24
2025,8,Monaco,55,Carlos Sainz,Williams,11,20,0.526315789473684210526316,0,10,1,22,71.362,86.47200000000001,88.1649090909091,13.631238262269887,1.407999999999987,223.0,207.0,272.0,280.0,5,2,6.0,7.6,0.6629999999999996,22.20937500000001,43.31749999999996,52.51875,1016.7837499999993,0.9793749999999999,2.2,21.3,22.9,0,0.00000,8,4.0,0,85.0,8.333333333333334,11.6,4.8270073544588685,2.0,10.0,0.2,-3.4,11.0,113,7.333333333333333,9.8,6.8,0.1,10,1.0,2,24.006000000000313,,1
2025,9,Barcelona,55,Carlos Sainz,Williams,18,20,0.894736842105263157894737,0,11,7,4,73.203,73.581,97.20524999999999,32.15979397088855,1.6570000000000107,291.0,307.0,292.0,327.0,2,1,7.666666666666667,7.4,0.773999999999998,29.11999999999999,48.54322580645158,54.6258064516129,1002.7716129032251,1.6329032258064524,3.5,28.1,30.0,0,0.00000,10,1.0,1,85.0,9.0,10.8,4.658325879540846,2.2,11.0,0.4,-3.4,12.0,114,7.666666666666667,9.4,7.0,0.3,14,0.0,16,21.838000000000648,,8
2025,10,Montréal,55,Carlos Sainz,Williams,17,20,0.842105263157894736842105,0,10,7,10,72.398,81.279,91.7285,21.553150995465455,1.4989999999999952,263.0,284.0,296.0,330.0,3,1,11.666666666666666,9.4,0.9376000000000004,24.036526946107763,49.25329341317365,27.976047904191617,1018.9281437125736,1.0377245508982031,2.9,22.8,25.6,1,0.00599,14,0.0,0,85.0,10.666666666666666,9.8,2.4899799195977463,2.2,11.0,0.2,-0.6,12.0,115,10.833333333333334,9.6,7.0,0.3,10,1.0,9,18.14099999999962,,-4
2025,11,Spielberg,55,Carlos Sainz,Williams,19,20,0.947368421052631578947368,0,12,7,10,65.582,79.072,89.162,27.891523909603794,1.61099999999999,314.0,246.0,284.0,317.0,4,1,15.333333333333334,11.6,1.0913999999999988,30.347826086956506,49.16645962732919,31.981366459627328,943.3447204968951,1.6180124223602488,3.7,29.1,31.3,0,0.00000,10,1.0,1,85.0,11.333333333333334,10.2,2.280350850198276,1.6,8.0,0.4,1.0,13.0,116,13.666666666666666,10.9,6.0,0.5,20,0.0,,,,2
2025,12,Silverstone,55,Carlos Sainz,Williams,11,20,0.526315789473684210526316,0,14,-3,8,85.746,86.487,97.57424999999999,12.444523359408235,0.8539999999999992,317.0,271.0,254.0,325.0,4,1,18.0,14.2,1.3405999999999978,17.917419354838703,23.578709677419354,78.3741935483871,988.7767741935467,1.4832258064516135,5.8,16.0,19.6,1,0.18065,20,0.0,1,85.0,14.666666666666666,12.4,4.774934554525329,1.2,6.0,0.6,1.4,13.0,117,16.666666666666668,13.2,3.6,0.7,12,0.0,6,28.587999999999738,,8
2025,13,Spa-Francorchamps,55,Carlos Sainz,Williams,15,20,0.736842105263157894736842,0,5,10,7,101.691,115.122,120.80042857142858,20.38128433847373,1.1290000000000049,339.0,218.0,227.0,313.0,5,1,15.666666666666666,15.2,1.4057999999999964,17.03004484304933,24.090134529147992,84.4439461883408,965.0475336322884,1.446188340807175,3.2,14.5,19.0,1,0.45740,12,0.0,0,85.0,14.0,13.2,4.147288270665544,0.4,2.0,0.6,1.2,13.0,118,14.5,13.9,1.6,0.7,18,0.0,6,23.630999999999403,,12
2025,14,Budapest,55,Carlos Sainz,Williams,13,20,0.631578947368421052631579,0,20,-7,10,75.652,78.282,89.77959999999999,14.871551515860371,0.7620000000000005,282.0,256.0,261.0,311.0,5,1,15.0,16.0,1.35,22.08216560509553,32.7299363057325,57.24203821656051,987.1401273885358,2.1509554140127394,3.7,21.6,22.5,0,0.00000,18,0.0,0,85.0,16.666666666666668,14.8,4.147288270665544,0.2,1.0,0.4,0.8,13.0,119,13.5,14.4,2.6,0.5,14,0.0,12,21.622999999999593,,14
2025,15,Zandvoort,55,Carlos Sainz,Williams,9,20,0.421052631578947368421053,1,15,-6,12,69.472,70.355,82.76774999999999,13.661557458962925,0.8099999999999881,292.0,283.0,324.0,332.0,6,1,13.0,15.0,1.170999999999998,20.077358490566034,27.963522012578633,71.17610062893081,1006.205660377358,2.170440251572328,3.9,19.4,20.7,0,0.00000,14,0.0,1,85.0,14.666666666666666,14.8,4.147288270665544,0.2,1.0,0.6,0.0,13.0,120,12.166666666666666,14.0,2.6,0.6,13,0.0,7,17.72899999999936,,17
2025,16,Monza,55,Carlos Sainz,Williams,13,20,0.631578947368421052631579,0,14,-1,14,79.52799999999999,90.305,98.78692857142858,20.34171311318496,0.73599999999999,325.0,342.0,319.0,349.0,6,1,12.333333333333334,13.4,1.0331999999999966,26.761111111111102,43.28819444444442,42.604166666666664,996.7527777777791,1.960416666666666,4.0,25.9,27.4,0,0.00000,13,0.0,0,85.0,15.0,15.4,3.4351128074635335,0.0,0.0,0.4,-2.0,13.0,121,11.833333333333334,12.8,4.4,0.4,11,0.0,10,24.734999999999673,,6
2025,17,Baku,55,Carlos Sainz,Williams,2,20,0.052631578947368421052632,1,19,-17,7,101.595,102.63499999999999,108.97185714285715,12.65672526667899,0.47800000000000864,230.0,226.0,334.0,319.0,6,2,11.666666666666666,12.2,0.8581999999999965,20.551923076923092,26.107051282051287,59.833333333333336,1021.1160256410266,1.5070512820512825,2.9,20.3,21.1,0,0.00000,11,0.0,0,85.0,12.666666666666666,13.6,2.701851217221259,0.0,0.0,0.2,-1.4,13.0,122,10.833333333333334,10.9,5.6,0.2,3,15.0,3,20.497999999999593,,29
2025,18,Marina Bay,55,Carlos Sainz,Williams,20,20,1.000000000000000000000000,0,19,1,9,90.235,117.092,114.93577777777779,26.74363647102698,1.0769999999999982,311.0,279.0,261.0,301.0,5,1,8.0,10.4,0.7829999999999984,29.072049689440938,33.852173913043515,74.36024844720497,1010.7776397515512,1.1111801242236026,2.2,28.5,29.5,1,0.03727,3,15.0,0,85.0,9.0,11.8,5.540758070878027,3.0,15.0,0.2,-1.0,28.0,123,8.666666666666666,10.5,7.8,0.2,10,1.0,13,24.030000000000655,,-6
2025,19,Austin,55,Carlos Sainz,Williams,9,20,0.421052631578947368421053,1,19,-10,12,93.124,100.331,107.22016666666667,14.637051049451268,0.6140000000000043,237.0,192.0,213.0,327.0,7,1,11.666666666666666,11.4,0.7725999999999971,28.267532467532465,45.04480519480521,22.532467532467532,1001.1077922077926,2.082467532467532,4.9,26.4,29.3,0,0.00000,10,1.0,1,85.0,8.0,10.2,4.324349662087931,3.2,16.0,0.4,0.8,29.0,124,9.666666666666666,10.5,6.4,0.4,20,0.0,1,,,25
2025,20,Mexico City,55,Carlos Sainz,Williams,7,20,0.315789473684210526315789,1,17,-10,11,76.172,77.361,87.68627272727271,13.819885087010737,0.5859999999999985,318.0,298.0,253.0,352.0,6,1,10.333333333333334,10.6,0.7429999999999979,26.405555555555555,50.58827160493828,23.234567901234566,780.8888888888889,1.8475308641975292,3.9,25.4,27.1,0,0.00000,20,0.0,1,85.0,11.0,11.4,6.107372593840988,3.2,16.0,0.4,-1.2,29.0,125,12.333333333333334,11.0,6.4,0.3,17,0.0,10,17.88500000000022,,34
2025,21,São Paulo,55,Carlos Sainz,Williams,15,19,0.777777777777777777777778,0,12,3,12,70.184,79.21600000000001,90.0595,22.15525560263708,0.6730000000000018,325.0,266.0,328.0,333.0,6,1,12.0,10.2,0.6981999999999999,17.34802631578948,30.69276315789474,70.57236842105263,929.708552631579,1.5098684210526314,2.9,16.6,18.0,0,0.00000,17,0.0,1,85.0,15.666666666666666,12.2,6.610597552415364,3.2,16.0,0.6,-1.4,29.0,126,14.5,12.1,4.4,0.5,13,0.0,16,23.32299999999941,,12
2025,22,Las Vegas,55,Carlos Sainz,Williams,3,20,0.105263157894736842105263,1,16,-13,18,108.29599999999999,115.244,120.93255555555558,11.47029135597042,0.36199999999999477,151.0,193.0,316.0,261.0,4,2,10.333333333333334,10.6,0.6856000000000023,16.73404255319152,19.529787234042566,37.765957446808514,941.8964539007092,1.436879432624114,2.8,16.3,17.2,0,0.00000,13,0.0,0,85.0,16.666666666666668,12.6,6.58027355054484,3.2,16.0,0.6,-1.4,29.0,127,14.5,12.7,3.2,0.5,5,10.0,4,21.162999999999556,,26
2025,23,Lusail,55,Carlos Sainz,Williams,7,20,0.315789473684210526315789,1,15,-8,17,80.251,89.187,98.43723529411764,19.323080414136268,0.8640000000000043,254.0,289.0,286.0,326.0,7,1,8.333333333333334,10.8,0.6623999999999995,22.59932885906039,28.160402684563756,69.04697986577182,1016.0953020134215,1.2510067114093952,2.7,21.6,23.7,0,0.00000,5,10.0,0,85.0,11.666666666666666,13.0,5.873670062235365,2.2,11.0,0.6,-1.6,39.0,128,12.333333333333334,13.2,2.2,0.6,3,15.0,4,28.172999999999774,,15
2025,24,Yas Island,55,Carlos Sainz,Williams,12,20,0.578947368421052631578947,0,17,-5,8,83.042,83.627,99.26050000000001,17.569193582599546,0.835000000000008,293.0,321.0,221.0,326.0,4,1,8.333333333333334,8.2,0.6198000000000008,26.67402597402595,31.0616883116883,60.44155844155844,1016.7279220779227,1.5733766233766233,3.2,25.9,27.5,0,0.00000,3,15.0,0,85.0,7.0,11.6,7.402702209328699,5.0,25.0,0.4,-2.4,54.0,129,9.833333333333334,12.2,5.0,0.4,13,0.0,9,21.664999999999964,,11
2026,2,Shanghai,55,Carlos Sainz,Williams,17,22,0.761904761904761904761905,0,18,-1,8,94.31700000000001,114.19,113.373375,18.097684476493512,2.2530000000000143,284.0,273.0,277.0,321.0,3,1,7.333333333333333,8.8,0.6640000000000015,15.572368421052628,22.616447368421053,54.99802631578948,1024.481578947368,2.1934210526315794,4.5,14.9,16.4,0,0.00000,15,0.0,1,85.0,10.333333333333334,9.8,5.403702434442518,5.0,25.0,0.2,1.8,0.0,131,11.666666666666666,11.5,5.0,0.3,9,2.0,8,23.09400000000005,,-6
2026,3,Suzuka,55,Carlos Sainz,Williams,16,22,0.714285714285714285714286,0,17,-1,11,90.92699999999999,108.43299999999999,107.04336363636365,18.169561047382114,2.149000000000001,278.0,338.0,266.0,291.0,5,1,12.0,10.8,0.9974000000000046,18.556410256410274,34.1429487179487,52.49551282051283,1011.7987179487181,1.9506410256410254,3.7,17.3,19.5,0,0.00000,9,2.0,1,85.0,12.333333333333334,9.0,5.0990195135927845,5.4,27.0,0.4,3.0,2.0,132,14.5,12.2,5.4,0.5,15,0.0,4,24.429000000000087,,2
2026,4,Miami Gardens,55,Carlos Sainz,Williams,13,22,0.571428571428571428571429,0,15,-2,11,89.53999999999999,115.738,107.9019090909091,18.730729107296096,1.7419999999999902,221.0,192.0,268.0,322.0,5,1,15.0,11.0,1.2926000000000044,27.125595238095247,37.01190476190477,70.44821428571433,1015.6476190476195,1.1517857142857149,4.8,25.7,28.1,1,0.01786,15,0.0,0,85.0,13.0,11.0,5.0990195135927845,3.4,17.0,0.4,3.6,2.0,133,15.5,13.6,3.4,0.5,9,2.0,6,23.69799999999941,,0
2026,5,Montréal,55,Carlos Sainz,Williams,15,22,0.666666666666666666666667,0,18,-3,17,74.273,89.737,90.42094117647058,13.295055864261103,1.6949999999999932,248.0,289.0,277.0,320.0,5,1,15.333333333333334,13.0,1.5686000000000035,12.848750000000004,17.82749999999999,71.69499999999992,1024.2043749999991,3.0156249999999987,6.2,12.1,13.7,0,0.00000,9,2.0,0,85.0,11.0,12.2,3.03315017762062,0.8,4.0,0.4,3.6,4.0,134,14.166666666666666,14.1,1.0,0.5,9,2.0,8,24.615999999999985,,-2
2026,6,Monte Carlo,55,Carlos Sainz,Williams,12,22,0.523809523809523809523810,0,11,1,19,73.815,84.267,87.90531578947369,15.36624114035784,1.7639999999999958,214.0,200.0,266.0,285.0,5,1,14.666666666666666,14.6,1.7348000000000012,23.677403846153872,37.976923076923086,62.198557692307695,1021.4403846153845,0.8418269230769228,3.5,22.6,24.5,0,0.00000,9,2.0,1,85.0,11.0,11.4,3.286335345030997,1.2,6.0,0.6,5.0,6.0,135,14.0,14.2,1.4,0.7,16,0.0,2,19.903000000000247,,10
2026,7,Barcelona,55,Carlos Sainz,Williams,16,22,0.714285714285714285714286,0,18,-2,10,76.881,78.395,95.2433,19.87932525710513,2.201999999999998,276.0,294.0,290.0,326.0,5,1,13.333333333333334,14.6,1.920599999999999,30.529333333333362,50.28666666666666,28.866000000000017,1000.5366666666639,2.5713333333333326,5.2,29.8,31.1,0,0.00000,16,0.0,1,85.0,11.333333333333334,11.6,3.5777087639996634,1.2,6.0,0.6,3.0,6.0,136,12.166666666666666,13.9,2.2,0.6,12,0.0,13,22.677999999999884,,5
2020,1,Spielberg,16,Charles Leclerc,Ferrari,7,20,0.315789473684210526315789,1,11,-4,13,63.923,64.995,74.71161538461537,12.028541540425573,0.9840000000000018,314.0,252.0,286.0,312.0,6,1,4.0,3.2,0.24560000000000173,28.68416666666667,52.02499999999999,33.8325,938.7708333333335,1.8874999999999997,3.6,26.9,30.0,0,0.00000,,,,86.0,,,,,,,,,0,,,,,2,18.0,11,18.657999999999447,,23
2020,2,Spielberg,16,Charles Leclerc,Ferrari,11,20,0.526315789473684210526316,0,10,1,21,79.628,83.663,87.97504761904761,12.268248984578811,1.8029999999999973,289.0,221.0,265.0,293.0,4,1,5.0,4.2,0.4046000000000006,20.822499999999994,39.92,34.005,945.9099999999996,2.228333333333333,4.5,19.4,22.1,1,0.01667,2,18.0,0,86.0,2.0,2.0,,18.0,18.0,0.0,5.0,18.0,1,6.0,6.0,19.0,0.0,19,0.0,0,39.71300000000019,,16
2020,3,Budapest,16,Charles Leclerc,Ferrari,6,20,0.263157894736842105263158,1,5,1,13,74.81700000000001,76.202,85.50284615384614,12.374851634438249,1.3700000000000045,285.0,258.0,260.0,304.0,6,1,7.333333333333333,6.0,0.7119999999999991,20.74179104477611,27.12985074626864,77.19253731343284,986.3149253731342,1.5597014925373138,2.8,19.9,21.8,1,0.01493,19,0.0,1,86.0,10.5,10.5,12.020815280171307,9.0,18.0,0.5,0.0,18.0,2,12.75,12.75,9.5,0.5,11,0.0,7,21.31100000000015,,22
2020,4,Silverstone,16,Charles Leclerc,Ferrari,4,20,0.157894736842105263157895,1,10,-6,10,85.42699999999999,87.223,98.804,17.287214729710257,1.1239999999999952,315.0,267.0,257.0,317.0,5,2,8.0,6.4,0.9643999999999991,21.291406249999998,40.63281250000001,44.16796875,998.40859375,3.114062500000001,4.7,20.8,22.1,0,0.00000,11,0.0,0,86.0,10.666666666666666,10.666666666666666,8.504900548115382,6.0,18.0,0.3333333333333333,-1.6666666666666667,18.0,3,11.333333333333334,11.333333333333334,9.0,0.3333333333333333,3,15.0,1,29.523999999999887,,21
2020,5,Silverstone,16,Charles Leclerc,Ferrari,8,20,0.368421052631578947368421,1,12,-4,9,86.614,87.737,95.30300000000001,11.89009244076765,1.460000000000008,317.0,273.0,253.0,330.0,5,2,7.0,6.4,1.1441999999999992,25.28706896551725,43.22758620689654,58.55603448275865,1000.9508620689652,2.236206896551725,4.3,23.5,26.8,0,0.00000,3,15.0,0,86.0,11.0,8.75,7.932002689527196,8.25,33.0,0.25,-1.0,33.0,4,11.5,10.125,10.75,0.25,4,12.0,11,29.455000000000382,,18
2020,6,Barcelona,16,Charles Leclerc,Ferrari,9,20,0.421052631578947368421053,1,11,-2,11,76.953,77.53999999999999,87.44081818181817,11.856727953513834,1.3689999999999998,289.0,304.0,284.0,316.0,6,1,6.0,7.2,1.3482000000000014,29.796899224806182,47.55581395348835,56.38449612403102,997.7038759689932,1.5449612403100779,2.9,28.6,30.7,0,0.00000,4,12.0,0,86.0,6.0,7.8,7.19027120489902,9.0,45.0,0.2,0.0,45.0,5,7.666666666666667,9.7,11.0,0.2,20,0.0,5,22.273999999999432,,29
2020,7,Spa-Francorchamps,16,Charles Leclerc,Ferrari,13,20,0.631578947368421052631579,0,14,-1,8,102.99600000000001,104.22800000000001,124.566125,31.09384441349628,1.7439999999999998,330.0,217.0,225.0,307.0,4,1,7.0,7.6,1.425200000000001,18.568595041322304,29.82396694214875,54.85289256198344,962.4297520661155,1.4652892561983484,3.3,17.4,20.1,0,0.00000,20,0.0,1,86.0,9.0,11.4,8.018728078691781,5.4,27.0,0.4,-3.2,45.0,6,9.333333333333334,11.2,8.4,0.3,14,0.0,4,25.14099999999962,,6
2020,8,Monza,16,Charles Leclerc,Ferrari,13,20,0.631578947368421052631579,0,17,-4,10,80.273,80.97,95.8977,16.4027743727158,1.3859999999999957,324.0,334.0,312.0,339.0,5,1,10.0,8.0,1.4134000000000015,28.090909090909104,41.20139860139859,40.12447552447552,990.7804195804187,1.5209790209790213,3.1,27.3,28.9,0,0.00000,14,0.0,0,86.0,12.666666666666666,10.4,7.092249290598858,5.4,27.0,0.2,-2.4,45.0,7,11.666666666666666,10.0,8.4,0.1,18,0.0,2,21.420000000000073,,12
2020,9,Mugello,16,Charles Leclerc,Ferrari,5,20,0.210526315789473684210526,1,14,-9,11,76.27,77.739,99.64872727272727,27.972964480336756,1.1259999999999906,278.0,257.0,305.0,309.0,6,1,11.666666666666666,9.4,1.4165999999999996,30.169886363636337,43.10227272727272,39.94431818181818,993.6153409090938,2.36477272727273,4.4,29.6,30.7,0,0.00000,18,0.0,1,86.0,17.333333333333332,11.8,7.886697661252142,5.4,27.0,0.4,-2.4,45.0,8,15.333333333333334,12.1,6.8,0.3,8,4.0,8,17.534000000000106,,24
2020,10,Sochi,16,Charles Leclerc,Ferrari,11,20,0.526315789473684210526316,0,15,-4,5,93.239,104.707,109.07000000000001,16.731651890952072,1.9350000000000023,272.0,325.0,167.0,336.0,3,1,10.333333333333334,9.6,1.4169999999999987,28.80606060606062,40.342424242424265,51.36287878787878,1012.878787878789,1.428787878787879,3.2,27.6,30.5,0,0.00000,8,4.0,0,86.0,13.333333333333334,12.8,6.723094525588644,3.2,16.0,0.4,-3.2,49.0,9,13.833333333333334,12.6,4.6,0.3,6,8.0,7,30.304000000000087,,5
2020,11,Nürburgring,16,Charles Leclerc,Ferrari,4,20,0.157894736842105263157895,1,11,-7,13,86.035,98.588,100.40876923076922,14.971992765125638,0.7659999999999911,268.0,242.0,258.0,311.0,5,2,9.666666666666666,10.2,1.5119999999999976,9.499999999999998,16.36020408163265,59.40408163265304,947.35918367347,1.6173469387755104,3.1,8.9,9.9,1,0.02041,6,8.0,0,86.0,10.666666666666666,13.2,6.099180272790762,2.4,12.0,0.4,-3.2,57.0,10,12.5,12.9,3.8,0.3,7,6.0,16,22.58299999999997,,35
2020,12,Portimão,16,Charles Leclerc,Ferrari,4,20,0.157894736842105263157895,1,15,-11,17,77.09,91.072,90.50999999999998,10.886097320665474,0.6239999999999952,278.0,203.0,302.0,317.0,5,2,6.666666666666667,9.2,1.391399999999996,20.505468749999977,25.71562499999998,67.52812500000002,1007.3406250000008,4.0406249999999995,7.0,20.0,21.0,0,0.00000,7,6.0,0,86.0,7.0,10.6,5.176871642217914,3.6,18.0,0.2,-1.6,63.0,11,9.166666666666666,12.0,3.8,0.2,4,12.0,5,26.94800000000032,,24
2020,13,Imola,16,Charles Leclerc,Ferrari,7,20,0.315789473684210526315789,1,14,-7,14,74.616,75.847,88.44607142857141,15.46768186333281,1.007000000000005,235.0,263.0,282.0,293.0,5,2,6.333333333333333,7.4,1.1673999999999949,18.030400000000004,23.26079999999999,71.13680000000001,1017.8919999999997,1.3415999999999992,3.1,16.9,18.5,0,0.00000,4,12.0,0,86.0,5.666666666666667,8.6,5.458937625582472,6.0,30.0,0.2,-1.4,75.0,12,8.5,10.7,6.4,0.2,5,10.0,9,30.358000000000175,,19
2020,14,Istanbul,16,Charles Leclerc,Ferrari,14,20,0.684210526315789473684211,0,12,2,12,116.696,123.493,125.77816666666665,7.082662671280588,8.930999999999997,253.0,268.0,210.0,247.0,3,2,5.0,6.2,1.0915999999999968,13.095683453237404,15.20575539568346,80.16115107913672,1008.4964028776968,1.066187050359712,2.7,12.1,13.8,1,0.04317,5,10.0,0,86.0,5.333333333333333,6.0,1.5811388300841898,8.0,40.0,0.0,0.0,85.0,13,8.166666666666666,8.6,8.4,0.0,4,12.0,10,23.69500000000062,,2
2020,15,Sakhir,16,Charles Leclerc,Ferrari,12,20,0.578947368421052631578947,0,11,1,6,89.137,90.049,103.51233333333334,16.064374979023203,1.8730000000000047,244.0,272.0,290.0,321.0,3,2,8.333333333333334,8.0,2.6525999999999983,25.09907407407409,27.54814814814815,67.8472222222222,1015.8972222222209,0.8430555555555546,1.8,24.4,26.6,0,0.00000,4,12.0,0,86.0,4.333333333333333,5.2,1.3038404810405297,9.6,48.0,0.0,2.2,97.0,14,6.333333333333333,7.5,12.8,0.0,10,1.0,13,24.838999999999942,,10
2020,16,Sakhir,16,Charles Leclerc,Ferrari,4,20,0.157894736842105263157895,1,13,-9,15,53.613,68.945,65.25473333333335,11.12101611792907,0.2359999999999971,290.0,271.0,301.0,325.0,6,2,11.0,8.2,2.6401999999999988,20.947244094488184,23.46929133858268,58.16929133858269,1015.9417322834645,1.9480314960629923,3.4,20.4,22.0,0,0.00000,10,1.0,0,86.0,6.333333333333333,6.0,2.5495097567963922,8.2,41.0,0.0,1.8,98.0,15,7.833333333333333,7.9,11.4,0.0,20,0.0,0,,,39
2020,17,Yas Island,16,Charles Leclerc,Ferrari,9,20,0.421052631578947368421053,1,13,-4,13,95.881,96.894,110.95238461538462,17.432678640695,0.6349999999999909,284.0,313.0,226.0,318.0,6,2,10.0,8.2,2.5342,23.121481481481517,27.980000000000008,55.44666666666665,1015.8474074074076,2.5044444444444425,4.0,22.1,23.7,0,0.00000,20,0.0,1,86.0,11.333333333333334,8.6,6.841052550594828,7.0,35.0,0.2,-0.8,98.0,16,10.333333333333334,9.3,10.2,0.1,13,0.0,5,22.19499999999971,,15
2021,1,Sakhir,16,Charles Leclerc,Ferrari,4,20,0.157894736842105263157895,1,8,-4,9,89.678,91.682,103.10333333333332,14.82225642404017,0.6809999999999974,246.0,270.0,289.0,312.0,5,1,8.333333333333334,9.2,2.536399999999999,20.538345864661654,27.627819548872182,54.51729323308271,1014.9105263157908,0.8872180451127818,1.4,20.4,20.9,0,0.00000,13,0.0,0,89.0,14.333333333333334,10.4,6.5038450166036395,4.6,23.0,0.2,-1.0,,17,13.666666666666666,10.6,7.6,0.1,6,8.0,6,24.217000000000553,,25
2021,2,Imola,16,Charles Leclerc,Ferrari,4,20,0.157894736842105263157895,1,11,-7,11,74.74,75.55799999999999,87.30136363636363,14.685687442355075,0.3289999999999935,236.0,261.0,284.0,291.0,5,1,5.666666666666667,8.6,2.4711999999999974,10.621118012422354,16.827329192546586,69.48881987577641,1011.2527950310558,0.4788819875776397,1.1,9.2,12.3,1,0.40994,6,8.0,0,89.0,13.0,10.6,6.308724118235002,4.2,21.0,0.2,-1.8,8.0,18,12.166666666666666,10.3,8.0,0.1,4,12.0,2,30.95799999999963,,21
2021,3,Portimão,16,Charles Leclerc,Ferrari,8,20,0.368421052631578947368421,1,5,3,22,78.769,91.582,92.10959090909093,12.825065608888492,0.8010000000000019,288.0,198.0,301.0,314.0,6,2,5.666666666666667,6.6,0.7507999999999967,19.39253731343283,38.9507462686567,39.40373134328356,1004.8134328358209,0.8373134328358207,1.4,18.1,20.0,0,0.00000,4,12.0,0,89.0,7.666666666666667,10.6,6.308724118235001,4.2,21.0,0.2,-3.4,20.0,19,8.333333333333334,10.5,7.0,0.1,6,8.0,7,21.527999999999793,,14
2021,4,Barcelona,16,Charles Leclerc,Ferrari,4,20,0.157894736842105263157895,1,6,-2,11,77.51,78.42099999999999,88.99581818181818,13.239400951842056,0.7690000000000055,288.0,303.0,285.0,318.0,6,1,5.333333333333333,5.8,0.5363999999999962,22.203076923076917,32.92230769230769,57.55307692307693,993.5746153846156,0.4576923076923076,0.9,21.3,23.5,0,0.00000,6,8.0,0,89.0,5.333333333333333,9.8,6.648308055437865,5.6,28.0,0.2,-3.4,28.0,20,6.666666666666667,9.9,8.4,0.1,4,12.0,2,21.57299999999941,,21
2021,5,Monte Carlo,16,Charles Leclerc,Ferrari,1,19,0E-24,1,4,-3,22,70.346,87.589,85.00718181818182,11.526341523560236,0.0,223.0,208.0,272.0,283.0,5,1,5.333333333333333,5.8,0.6429999999999978,20.760740740740758,37.59555555555557,61.42444444444447,1015.5711111111107,0.31629629629629613,0.6,20.3,21.5,0,0.00000,4,12.0,0,89.0,4.666666666666667,6.6,3.7148351242013424,8.0,40.0,0.0,-0.2,40.0,21,6.166666666666667,7.8,12.0,0.0,20,0.0,,,,48
2021,6,Baku,16,Charles Leclerc,Ferrari,1,20,0E-24,1,5,-4,8,101.218,102.532,115.157625,16.896323090605925,0.0,237.0,240.0,331.0,314.0,5,1,4.333333333333333,4.2,0.5159999999999997,24.170930232558128,38.31453488372088,55.805232558139544,1014.7308139534875,0.2837209302325581,0.8,22.9,25.5,0,0.00000,20,0.0,1,89.0,10.0,8.0,6.782329983125268,8.0,40.0,0.2,-3.8,40.0,22,8.333333333333334,7.3,15.6,0.1,4,12.0,6,15.077000000000226,,34
2021,7,Le Castellet,16,Charles Leclerc,Ferrari,7,20,0.315789473684210526315789,1,5,2,8,90.987,91.65299999999999,105.02762499999999,24.508703718926935,0.9969999999999999,124.0,280.0,297.0,324.0,6,2,2.0,3.6,0.3798000000000002,25.314399999999992,35.22879999999999,58.63039999999999,960.6376,1.1655999999999997,1.8,23.8,27.4,0,0.00000,4,12.0,0,89.0,9.333333333333334,7.6,6.985699678629191,8.8,44.0,0.2,-4.0,52.0,23,7.5,7.1,16.4,0.1,16,0.0,8,30.768999999999778,,30
2021,8,Spielberg,16,Charles Leclerc,Ferrari,7,20,0.315789473684210526315789,1,12,-5,14,64.472,65.312,78.92157142857143,16.69933521806406,0.6309999999999931,315.0,249.0,283.0,309.0,6,1,3.0,4.2,0.5134000000000014,26.692372881355922,52.352542372881345,33.24661016949152,938.4771186440671,0.3677966101694914,1.2,26.0,27.3,0,0.00000,16,0.0,0,89.0,13.333333333333334,10.0,7.483314773547883,6.4,32.0,0.2,-5.8,52.0,24,10.166666666666666,8.9,12.0,0.1,7,6.0,17,21.889000000000124,,27
2021,9,Spielberg,16,Charles Leclerc,Ferrari,12,20,0.578947368421052631578947,0,11,1,11,64.6,84.735,81.71336363636364,18.42145671912364,0.8799999999999955,320.0,251.0,286.0,316.0,4,2,5.0,4.0,0.4793999999999997,20.966025641025656,33.18397435897434,49.730769230769255,934.7211538461531,0.348076923076923,0.9,19.0,22.6,1,0.03846,7,6.0,0,89.0,9.0,10.2,7.362064927722384,6.0,30.0,0.2,-6.2,58.0,25,8.666666666666666,8.5,13.2,0.1,8,4.0,7,21.13500000000022,,3
2021,10,Silverstone,16,Charles Leclerc,Ferrari,4,20,0.157894736842105263157895,1,9,-5,13,86.828,89.685,99.8366923076923,14.321879546022206,0.8050000000000068,317.0,270.0,252.0,324.0,6,1,8.666666666666666,5.6,0.5015999999999977,29.4,50.931521739130446,37.20217391304347,1007.2461956521738,0.317934782608696,0.8,28.4,30.1,0,0.00000,8,4.0,0,89.0,10.333333333333334,11.0,6.708203932499369,4.4,22.0,0.2,-5.4,62.0,26,8.833333333333334,8.7,12.4,0.1,2,18.0,0,28.441999999999098,,21
2021,11,Budapest,16,Charles Leclerc,Ferrari,7,20,0.315789473684210526315789,1,15,-8,10,76.496,77.084,91.00319999999998,17.817848921173894,1.0769999999999982,282.0,253.0,261.0,302.0,5,1,7.666666666666667,6.2,0.6625999999999991,27.22670157068063,37.82251308900524,68.61570680628276,977.6308900523562,0.5675392670157061,1.2,25.7,29.1,1,0.30366,2,18.0,0,89.0,5.666666666666667,7.4,5.366563145999495,8.0,40.0,0.0,-1.2,80.0,27,5.666666666666667,7.3,14.0,0.0,18,0.0,0,,,26
2021,12,Spa-Francorchamps,16,Charles Leclerc,Ferrari,11,20,0.526315789473684210526316,0,13,-2,11,117.721,128.257,128.21790909090907,9.124731913371978,1.695999999999998,310.0,182.0,220.0,301.0,4,2,7.666666666666667,7.4,0.8779999999999987,13.012413793103491,15.258620689655164,96.4358620689655,970.2217241379296,0.5113793103448276,1.0,12.4,13.4,1,0.84138,18,0.0,1,89.0,9.333333333333334,10.2,6.648308055437865,5.6,28.0,0.2,-2.8,80.0,28,7.0,8.2,13.8,0.1,8,2.0,0,15389.578,,-2
2021,13,Zandvoort,16,Charles Leclerc,Ferrari,5,20,0.210526315789473684210526,1,6,-1,12,69.437,70.607,83.04591666666667,14.81746180238544,0.5519999999999925,276.0,286.0,304.0,310.0,5,1,7.333333333333333,8.2,1.0177999999999983,21.50443037974685,36.10569620253166,54.10822784810126,1021.5056962025316,0.442405063291139,0.9,20.4,22.4,0,0.00000,8,2.0,0,89.0,9.333333333333334,8.6,5.813776741499453,6.0,30.0,0.2,-0.8,82.0,29,7.833333333333333,7.3,14.3,0.1,5,10.0,1,19.58299999999963,,17
2021,14,Monza,16,Charles Leclerc,Ferrari,8,20,0.368421052631578947368421,1,7,1,9,80.51,82.801,91.57355555555556,12.640621475140286,0.9549999999999983,317.0,331.0,307.0,335.0,5,1,7.666666666666667,7.8,1.0019999999999982,28.885234899328868,43.52751677852349,33.2758389261745,994.4879194630865,0.3429530201342281,0.7,27.8,29.6,0,0.00000,5,10.0,0,89.0,10.333333333333334,8.2,6.01664358259653,6.8,34.0,0.2,-0.8,92.0,30,8.5,7.2,14.7,0.1,4,12.0,3,24.91899999999987,,10
2021,15,Sochi,16,Charles Leclerc,Ferrari,15,20,0.736842105263157894736842,0,2,13,9,108.47,110.292,115.82677777777778,10.473465266779872,6.477000000000004,257.0,300.0,150.0,295.0,1,1,8.0,7.0,1.0169999999999988,19.13860759493674,21.75696202531647,61.94746835443034,1023.1310126582275,0.29050632911392416,0.9,17.4,19.5,1,0.10127,4,12.0,0,89.0,5.666666666666667,7.4,6.308724118235001,8.4,42.0,0.2,-1.4,104.0,31,6.666666666666667,6.9,15.9,0.1,15,0.0,13,31.92699999999968,,13
2021,16,Istanbul,16,Charles Leclerc,Ferrari,4,20,0.157894736842105263157895,1,15,-11,24,83.265,89.063,94.596625,11.688372768854338,0.39700000000000557,284.0,302.0,254.0,333.0,6,2,9.333333333333334,9.2,2.151399999999998,15.825477707006387,18.180891719745237,93.52484076433116,1006.4101910828001,0.4866242038216559,0.8,15.5,16.1,0,0.00000,15,0.0,0,89.0,8.0,10.0,6.2048368229954285,4.8,24.0,0.2,-1.0,104.0,32,6.666666666666667,7.9,13.7,0.1,4,12.0,2,23.6220000000003,,21
2021,17,Austin,16,Charles Leclerc,Ferrari,5,20,0.210526315789473684210526,1,6,-1,10,93.606,95.281,107.06709999999998,15.540368903457718,0.695999999999998,233.0,193.0,215.0,322.0,5,2,9.0,8.6,2.0153999999999996,28.148447204968935,37.470807453416164,61.19254658385094,992.1298136645961,0.8540372670807448,1.5,26.4,29.5,0,0.00000,4,12.0,0,89.0,7.666666666666667,7.2,4.658325879540846,7.2,36.0,0.0,1.0,116.0,33,6.666666666666667,7.0,13.9,0.0,4,12.0,2,23.810999999999694,,18
2021,18,Mexico City,16,Charles Leclerc,Ferrari,8,20,0.368421052631578947368421,1,6,2,13,76.748,77.991,88.06792307692308,14.574101541556166,0.8730000000000047,322.0,299.0,257.0,346.0,7,2,8.0,7.4,1.8153999999999997,21.20670731707316,47.57926829268294,31.2109756097561,784.2134146341465,0.3664634146341462,0.8,19.2,23.2,0,0.00000,4,12.0,0,89.0,7.666666666666667,6.4,4.8270073544588685,9.2,46.0,0.0,0.8,128.0,34,6.833333333333333,6.3,17.0,0.0,5,10.0,5,22.061999999999898,,12
2021,19,São Paulo,16,Charles Leclerc,Ferrari,7,20,0.315789473684210526315789,1,6,1,15,68.859,74.006,81.08919999999999,12.626803561132508,0.9249999999999972,323.0,268.0,320.0,322.0,7,1,5.666666666666667,8.0,1.8796000000000022,23.137341772151892,51.56139240506331,60.10126582278483,926.9303797468358,0.39177215189873377,0.8,22.5,24.0,0,0.00000,5,10.0,0,89.0,4.333333333333333,6.4,4.8270073544588685,9.2,46.0,0.0,1.4,138.0,35,5.666666666666667,6.2,17.4,0.0,5,10.0,6,18.067000000000007,,16
2021,20,Lusail,16,Charles Leclerc,Ferrari,13,20,0.631578947368421052631579,0,7,6,11,82.463,124.675,109.90036363636365,26.302717948047604,1.6359999999999957,251.0,281.0,317.0,327.0,4,2,6.666666666666667,7.8,1.873600000000002,26.41513157894735,30.603289473684203,75.54013157894735,1012.3072368421057,0.4230263157894732,0.8,26.0,27.4,1,0.01974,5,10.0,0,89.0,4.666666666666667,6.6,4.722287581247038,8.8,44.0,0.0,1.4,148.0,36,5.5,6.3,17.0,0.0,8,4.0,12,25.778000000000247,,6
2021,21,Jeddah,16,Charles Leclerc,Ferrari,4,20,0.157894736842105263157895,1,15,-11,17,88.054,106.601,106.76947058823531,19.515302457679354,0.5430000000000064,294.0,321.0,309.0,326.0,6,2,9.333333333333334,7.4,0.9054000000000002,28.816062176165733,31.684974093264252,76.20310880829015,1013.7974093264247,0.2715025906735748,0.6,28.5,29.2,0,0.00000,8,4.0,0,89.0,6.0,5.2,1.6431676725154982,9.6,48.0,0.0,1.6,152.0,37,6.166666666666667,6.0,16.0,0.0,7,6.0,3,20.55199999999968,,22
2021,22,Yas Island,16,Charles Leclerc,Ferrari,7,20,0.315789473684210526315789,1,5,2,15,83.122,84.745,96.76280000000001,16.97572592683027,1.012999999999991,288.0,319.0,225.0,323.0,6,2,8.0,7.4,0.9346000000000003,24.51910828025481,28.46560509554141,59.05477707006371,1017.7108280254776,0.41464968152866166,0.7,23.5,25.7,0,0.00000,7,6.0,0,89.0,6.666666666666667,5.8,1.6431676725154982,8.4,42.0,0.0,1.2,158.0,38,6.833333333333333,6.3,14.8,0.0,10,1.0,9,21.171000000000276,,20
2022,1,Sakhir,16,Charles Leclerc,Ferrari,1,20,0E-24,1,3,-2,10,90.55799999999999,91.471,101.58869999999999,11.770912567756923,0.0,242.0,271.0,288.0,316.0,5,1,8.0,7.8,0.997999999999999,23.617791411042962,28.610429447852766,29.49079754601227,1010.3858895705521,0.3049079754601232,0.8,22.3,25.7,0,0.00000,10,1.0,0,92.0,8.333333333333334,7.0,2.1213203435596424,6.2,31.0,0.0,0.6,,39,7.166666666666667,6.5,14.4,0.0,1,26.0,1,24.51299999999992,1,41
2022,2,Jeddah,16,Charles Leclerc,Ferrari,2,20,0.052631578947368421052632,1,3,-1,13,88.225,105.96600000000001,106.46023076923075,17.920857876386414,14.554999999999993,287.0,322.0,300.0,327.0,6,1,4.0,6.4,0.823399999999998,25.42039473684213,28.4092105263158,59.66447368421053,1012.7776315789473,2.3592105263157874,4.0,25.3,25.6,0,0.00000,1,26.0,0,92.0,6.0,6.2,3.420526275297414,9.4,47.0,0.0,0.0,26.0,40,5.166666666666667,5.7,19.6,0.0,2,19.0,2,21.023999999999432,1,34
2022,3,Melbourne,16,Charles Leclerc,Ferrari,1,20,0E-24,1,9,-8,16,77.868,100.38,100.68462500000001,20.89565807490478,0.0,284.0,302.0,301.0,313.0,5,1,3.3333333333333335,5.4,3.5493999999999972,26.697435897435888,37.40833333333329,43.65384615384615,1014.2461538461532,1.8128205128205122,4.4,25.8,27.4,0,0.00000,2,19.0,0,92.0,4.333333333333333,5.6,3.9115214431215892,11.2,56.0,0.0,-0.2,45.0,41,3.5,5.1,22.8,0.0,1,26.0,0,17.963000000000648,1,40
2022,4,Imola,16,Charles Leclerc,Ferrari,2,20,0.052631578947368421052632,1,10,-8,11,78.79599999999999,83.672,88.72809090909094,10.403761103125595,0.117999999999995,222.0,260.0,275.0,293.0,3,2,1.3333333333333333,3.0,3.222199999999998,12.899367088607601,17.418987341772137,83.17088607594937,1001.0386075949358,1.4822784810126568,2.5,11.1,14.2,0,0.00000,1,26.0,0,92.0,1.3333333333333333,4.2,4.08656334834051,15.6,78.0,0.0,-1.2,71.0,42,4.833333333333333,5.7,26.0,0.1,6,8.0,6,30.059000000000196,,31
2022,5,Miami,16,Charles Leclerc,Ferrari,1,20,0E-24,1,2,-1,20,88.79599999999999,109.364,110.5018,18.56198199943552,0.0,224.0,194.0,286.0,325.0,8,1,1.6666666666666667,2.6,3.1371999999999955,30.61728395061729,42.81975308641976,58.858024691358025,1009.3049382716049,2.26728395061728,5.0,29.4,32.3,1,0.05556,6,8.0,0,92.0,3.0,4.0,3.9370039370059056,16.0,80.0,0.0,-1.4,79.0,43,8.666666666666666,6.8,25.6,0.2,2,18.0,2,19.717999999999847,,32
2022,6,Barcelona,16,Charles Leclerc,Ferrari,1,20,0E-24,1,3,-2,7,78.75,91.628,92.43771428571428,13.623295266005277,0.0,287.0,307.0,287.0,321.0,4,1,1.3333333333333333,1.4,2.9345999999999974,36.56585365853659,48.95731707317072,7.109756097560975,996.0158536585362,3.4884146341463396,5.5,35.9,37.2,0,0.00000,2,18.0,0,92.0,3.0,2.4,2.0736441353327724,19.4,97.0,0.0,-1.0,97.0,44,8.666666666666666,6.0,29.0,0.2,20,0.0,0,21.738999999999578,,48
2022,7,Monaco,16,Charles Leclerc,Ferrari,1,20,0E-24,1,2,-1,19,71.376,95.85900000000001,92.42663157894735,15.799995155451178,0.0,221.0,205.0,271.0,283.0,5,1,1.3333333333333333,1.4,2.9345999999999974,22.274693877550995,31.038367346938788,75.66530612244898,1002.9922448979627,0.9902040816326523,3.2,20.9,24.3,1,0.43673,20,0.0,1,92.0,9.333333333333334,6.2,7.9498427657407165,14.2,71.0,0.2,-4.8,97.0,45,9.166666666666666,8.1,22.6,0.3,4,12.0,0,25.675999999999476,,28
2022,8,Baku,16,Charles Leclerc,Ferrari,1,20,0E-24,1,4,-3,13,101.35900000000001,120.642,118.82661538461541,16.73099902146941,0.0,239.0,245.0,337.0,319.0,4,1,1.0,1.2,0.023599999999999,25.435403726708074,47.149689440993804,59.49068322981366,1009.9012422360254,1.5291925465838494,2.9,24.9,26.1,0,0.00000,4,12.0,0,92.0,8.666666666666666,6.6,7.733045971672482,12.8,64.0,0.2,-5.4,109.0,46,5.833333333333333,8.2,21.8,0.3,19,0.0,2,23.22899999999936,,48
2022,9,Montréal,16,Charles Leclerc,Ferrari,15,20,0.736842105263157894736842,0,3,12,9,93.00800000000001,98.07,101.20377777777779,10.350691024972411,11.709000000000003,211.0,269.0,269.0,299.0,1,1,1.0,1.2,0.023599999999999,20.762962962962966,41.261111111111084,28.925925925925927,1012.4012345679009,3.5524691358024683,5.6,18.8,22.3,0,0.00000,19,0.0,1,92.0,14.333333333333334,10.2,8.613942186943213,7.6,38.0,0.4,-9.0,109.0,47,11.5,10.0,16.6,0.4,5,10.0,16,26.28399999999965,,6
2022,10,Silverstone,16,Charles Leclerc,Ferrari,3,20,0.105263157894736842105263,1,1,2,22,99.846,105.687,108.78590909090912,10.245255435747952,0.717000000000013,294.0,243.0,232.0,295.0,3,1,5.666666666666667,3.8,2.3418000000000005,18.253201970443335,30.026108374384233,59.748768472906406,1002.3581280788169,1.4561576354679806,3.9,17.5,19.2,1,0.04433,5,10.0,0,92.0,9.333333333333334,10.0,8.74642784226795,8.0,40.0,0.4,-5.4,119.0,48,8.666666666666666,8.1,20.8,0.3,4,12.0,7,28.834000000000742,,29
2022,11,Spielberg,16,Charles Leclerc,Ferrari,2,20,0.052631578947368421052632,1,3,-1,18,65.013,66.762,80.53055555555555,17.654717973732296,0.029000000000010573,315.0,252.0,285.0,318.0,6,1,6.333333333333333,4.2,2.4852000000000034,20.255921052631592,30.74671052631582,35.13815789473684,939.7124999999984,1.2552631578947366,3.9,19.7,21.1,0,0.00000,4,12.0,0,92.0,9.333333333333334,10.4,8.324662155306964,6.8,34.0,0.4,-5.4,131.0,49,8.5,8.1,21.6,0.3,1,25.0,5,21.32299999999941,,37
2022,12,Le Castellet,16,Charles Leclerc,Ferrari,1,20,0E-24,1,9,-8,5,90.872,91.21600000000001,91.52220000000001,0.6690207022207953,0.0,122.0,281.0,301.0,333.0,5,1,6.666666666666667,4.4,2.4910000000000054,30.164843750000003,54.46171874999998,47.734375,967.9078124999985,1.9460937500000002,4.0,29.1,30.8,0,0.00000,1,25.0,0,92.0,3.3333333333333335,6.6,7.092249290598858,11.8,59.0,0.2,-1.4,156.0,50,5.166666666666667,7.6,24.2,0.3,19,0.0,0,,,46
2022,13,Budapest,16,Charles Leclerc,Ferrari,3,20,0.105263157894736842105263,1,2,1,17,77.56700000000001,92.61500000000001,95.50611764705883,19.37227264314371,0.19000000000001194,282.0,250.0,256.0,302.0,6,1,2.0,4.4,2.4910000000000054,18.55988023952095,26.72095808383233,69.31736526946108,985.5814371257485,4.034131736526945,5.8,17.8,19.4,1,0.27545,19,0.0,1,92.0,8.0,9.6,8.706319543871567,9.4,47.0,0.4,-4.4,156.0,51,8.0,9.4,20.4,0.4,6,8.0,5,21.563000000000102,,27
2022,14,Spa-Francorchamps,16,Charles Leclerc,Ferrari,4,20,0.157894736842105263157895,1,2,2,8,104.551,105.637,124.40937500000001,24.67179193756939,0.8860000000000099,332.0,206.0,221.0,309.0,4,1,2.0,4.8,2.529000000000008,21.78717948717949,36.083974358974366,40.51923076923077,971.0519230769214,1.5192307692307678,3.5,20.7,22.5,0,0.00000,6,8.0,0,92.0,8.666666666666666,7.0,6.96419413859206,11.0,55.0,0.2,-1.4,164.0,52,8.833333333333334,6.5,24.4,0.2,6,8.0,12,23.186999999999898,,31
2022,15,Zandvoort,16,Charles Leclerc,Ferrari,2,20,0.052631578947368421052632,1,3,-1,13,70.363,89.483,86.9133076923077,17.18174273943428,0.021000000000000796,284.0,285.0,317.0,321.0,5,1,2.6666666666666665,2.6,0.36440000000000905,22.730061349693237,33.44601226993866,75.38036809815951,1017.1098159509202,1.0619631901840485,2.0,22.3,23.3,0,0.00000,6,8.0,0,92.0,10.333333333333334,7.2,6.906518659932803,10.6,53.0,0.2,-2.4,172.0,53,7.166666666666667,6.7,23.2,0.2,3,15.0,3,14.136000000000422,,29
2022,16,Monza,16,Charles Leclerc,Ferrari,1,20,0E-24,1,3,-2,9,80.161,103.13,98.17611111111111,17.14112255253754,0.0,325.0,340.0,314.0,343.0,4,1,3.0,2.4,0.22520000000000664,27.734693877551035,43.138775510204084,33.14965986394558,993.340136054421,1.3612244897959178,2.7,26.4,28.5,0,0.00000,3,15.0,0,92.0,5.0,7.0,7.035623639735144,11.2,56.0,0.2,-2.4,187.0,54,5.0,7.3,19.6,0.2,2,18.0,2,23.514000000000124,,32
2022,17,Marina Bay,16,Charles Leclerc,Ferrari,1,20,0E-24,1,4,-3,14,109.412,115.628,123.61457142857141,13.619742597332094,0.0,291.0,266.0,252.0,285.0,4,2,2.3333333333333335,2.2,0.21940000000000454,26.232549019607895,28.973333333333354,87.44705882352942,1008.1439215686289,0.929803921568626,2.7,24.3,27.7,1,0.18039,2,18.0,0,92.0,3.6666666666666665,7.2,6.833739825307955,9.8,49.0,0.2,-2.8,205.0,55,4.333333333333333,6.0,20.6,0.1,2,18.0,1,32.01599999999962,,31
2022,18,Suzuka,16,Charles Leclerc,Ferrari,2,20,0.052631578947368421052632,1,3,-1,8,89.314,90.486,104.904,16.335761559054593,0.009999999999990905,281.0,302.0,265.0,302.0,4,1,1.3333333333333333,2.2,0.21940000000000454,16.717647058823538,19.930588235294138,86.21176470588236,1015.7062745098052,2.040784313725487,4.0,15.8,19.0,1,0.98039,2,18.0,0,92.0,2.3333333333333335,3.8,2.04939015319192,13.4,67.0,0.0,0.6,223.0,56,3.6666666666666665,4.1,25.0,0.0,3,15.0,1,26.188000000000102,,27
2022,19,Austin,16,Charles Leclerc,Ferrari,2,20,0.052631578947368421052632,1,1,1,9,94.42099999999999,116.019,112.78555555555558,18.769032461152012,0.06499999999999773,239.0,192.0,210.0,320.0,4,1,1.3333333333333333,2.0,0.1834000000000003,29.28529411764708,35.52352941176471,49.62352941176471,991.1994117647055,5.487058823529408,10.1,28.3,30.7,0,0.00000,3,15.0,0,92.0,2.3333333333333335,3.2,1.6431676725154984,14.8,74.0,0.0,1.0,238.0,57,5.5,5.3,24.0,0.1,3,15.0,11,23.74499999999989,,37
2022,20,Mexico City,16,Charles Leclerc,Ferrari,7,20,0.315789473684210526315789,1,5,2,12,78.555,84.986,93.18158333333334,15.61780283964036,0.7800000000000011,310.0,291.0,250.0,346.0,5,1,1.6666666666666667,1.6,0.019199999999997885,24.312727272727287,41.68909090909089,34.442424242424245,780.4072727272716,1.3369696969696967,4.0,22.8,25.5,0,0.00000,3,15.0,0,92.0,2.6666666666666665,2.6,0.5477225575051661,16.2,81.0,0.0,1.0,253.0,58,8.333333333333334,6.7,22.4,0.2,6,8.0,5,22.201999999999316,,15
2022,21,São Paulo,16,Charles Leclerc,Ferrari,10,20,0.473684210526315789473684,1,5,5,19,70.95,80.32900000000001,85.89663157894736,12.730513440856825,0.06900000000000261,320.0,266.0,320.0,325.0,5,2,3.6666666666666665,2.6,0.17099999999999796,23.01077844311378,46.04910179640717,76.07784431137725,922.1604790419151,1.4443113772455085,2.9,20.9,25.1,0,0.00000,6,8.0,0,92.0,4.0,3.2,1.6431676725154982,14.8,74.0,0.0,1.4,261.0,59,9.333333333333334,6.7,22.2,0.2,4,12.0,17,23.173999999999978,,18
2022,22,Yas Island,16,Charles Leclerc,Ferrari,3,20,0.105263157894736842105263,1,4,-1,11,84.092,85.345,95.4969090909091,12.73932999379909,0.2680000000000007,291.0,320.0,221.0,325.0,5,1,6.333333333333333,4.4,0.18479999999999847,28.57548387096773,34.31032258064516,61.68387096774194,1013.5206451612893,2.608387096774191,4.1,27.8,29.7,0,0.00000,4,12.0,0,92.0,4.333333333333333,3.6,1.51657508881031,13.6,68.0,0.0,1.8,273.0,60,6.833333333333333,6.8,21.6,0.2,2,18.0,3,22.225000000000364,,27
2023,1,Sakhir,16,Charles Leclerc,Ferrari,3,20,0.105263157894736842105263,1,4,-1,10,90.0,112.729,109.30639999999998,16.731002236035426,0.2920000000000016,243.0,274.0,290.0,325.0,6,2,6.666666666666667,4.8,0.2383999999999986,27.43167701863353,31.01180124223602,21.496894409937887,1016.863975155279,0.6832298136645952,2.2,26.2,29.8,0,0.00000,2,18.0,0,90.0,4.0,3.6,1.51657508881031,13.6,68.0,0.0,2.2,,61,4.0,6.9,21.0,0.2,19,0.0,3,24.420999999999367,,43
2023,2,Jeddah,16,Charles Leclerc,Ferrari,2,20,0.052631578947368421052632,1,5,-3,12,88.42,90.07300000000001,103.97633333333334,18.66143608102176,0.15500000000000114,292.0,328.0,307.0,332.0,4,1,5.333333333333333,5.0,0.29480000000000073,26.09189189189191,31.792567567567573,57.79054054054054,1010.9297297297305,1.7722972972972975,3.7,25.8,26.4,0,0.00000,19,0.0,1,90.0,8.333333333333334,6.8,6.97853852894716,10.6,53.0,0.2,-0.8,0.0,62,6.0,7.0,20.4,0.2,7,6.0,5,20.061999999999898,,30
2023,3,Melbourne,16,Charles Leclerc,Ferrari,7,20,0.315789473684210526315789,1,5,2,18,77.369,93.723,100.25777777777778,21.700484528490183,0.6370000000000005,285.0,319.0,306.0,323.0,6,1,2.6666666666666665,5.0,0.3128000000000014,17.449549549549555,30.139639639639615,54.15765765765766,1018.3666666666695,1.1270270270270264,5.0,16.8,18.1,0,0.00000,7,6.0,0,90.0,9.333333333333334,7.6,6.6558245169174945,8.8,44.0,0.2,-1.6,6.0,63,7.0,6.0,20.2,0.1,20,0.0,0,,,30
2025,1,Melbourne,16,Charles Leclerc,Ferrari,7,20,0.315789473684210526315789,1,8,-1,13,75.755,106.65899999999999,98.06853846153847,19.222138177179044,0.6589999999999918,290.0,325.0,311.0,326.0,7,1,4.0,5.0,0.2842000000000013,15.707865168539323,18.942134831460663,78.42134831460675,1009.9016853932579,3.475280898876404,6.9,15.1,16.6,1,0.32584,3,15.0,0,92.0,3.0,3.4,1.140175425099138,14.2,71.0,0.0,4.2,,107,3.3333333333333335,4.5,27.4,0.1,8,4.0,4,14.177999999999884,,14
2025,2,Shanghai,16,Charles Leclerc,Ferrari,6,20,0.263157894736842105263158,1,5,1,14,91.021,92.84,105.563,16.16088043108086,0.38000000000000966,288.0,281.0,274.0,335.0,6,1,5.333333333333333,4.4,0.4021999999999991,27.215584415584427,35.81688311688313,18.233766233766232,1010.4227272727292,2.18831168831169,4.3,26.4,28.1,0,0.00000,8,4.0,0,92.0,4.333333333333333,4.4,2.3021728866442674,11.8,59.0,0.0,3.8,4.0,108,5.166666666666667,5.9,20.2,0.1,18,0.0,7,22.282000000000153,,36
2025,3,Suzuka,16,Charles Leclerc,Ferrari,4,20,0.157894736842105263157895,1,8,-4,13,87.299,88.571,100.44453846153846,15.080588475561248,0.3160000000000025,289.0,302.0,272.0,298.0,7,1,6.666666666666667,5.0,0.4246000000000009,14.42999999999999,20.514285714285716,76.37142857142857,1009.3171428571422,1.2021428571428572,2.4,14.2,14.7,0,0.00000,18,0.0,1,92.0,9.666666666666666,7.0,6.557438524302,9.8,49.0,0.2,1.2,4.0,109,10.0,7.5,18.2,0.2,4,12.0,6,23.23400000000038,,25
2025,4,Sakhir,16,Charles Leclerc,Ferrari,3,20,0.105263157894736842105263,1,9,-6,10,90.175,91.45400000000001,103.18799999999999,14.827935737054643,0.333999999999989,243.0,271.0,289.0,327.0,5,1,5.666666666666667,5.2,0.4294000000000011,27.05253164556961,31.87025316455695,45.32911392405063,1008.1253164556957,2.105696202531645,3.6,26.6,27.9,0,0.00000,4,12.0,0,92.0,10.0,7.0,6.557438524302,9.8,49.0,0.2,1.2,16.0,110,11.0,7.9,16.4,0.2,4,12.0,4,24.23700000000008,,26
2025,5,Jeddah,16,Charles Leclerc,Ferrari,4,20,0.157894736842105263157895,1,7,-3,11,87.67,101.59100000000001,105.07336363636364,17.933259024910818,0.3760000000000048,298.0,331.0,311.0,336.0,6,1,4.333333333333333,5.4,0.46519999999999867,29.483802816901413,37.81971830985914,62.725352112676056,1006.7661971830992,1.026056338028169,2.2,28.3,31.7,0,0.00000,4,12.0,0,92.0,8.666666666666666,7.4,6.2289646009589745,8.6,43.0,0.2,0.2,28.0,111,9.5,8.0,15.6,0.2,3,15.0,4,20.153000000000247,,24
2025,6,Miami Gardens,16,Charles Leclerc,Ferrari,8,20,0.368421052631578947368421,1,12,-4,13,86.754,94.831,101.43953846153846,15.426786182996684,0.5499999999999972,224.0,194.0,287.0,343.0,6,1,3.6666666666666665,4.8,0.41299999999999953,26.573154362416098,38.69060402684562,63.02013422818792,1012.2959731543626,1.0469798657718126,2.4,25.9,28.0,1,0.03356,3,15.0,0,92.0,3.6666666666666665,7.4,6.2289646009589745,8.6,43.0,0.2,-2.8,43.0,112,5.0,8.5,13.2,0.2,7,6.0,5,22.158000000000357,,12
2025,7,Imola,16,Charles Leclerc,Ferrari,11,20,0.526315789473684210526316,0,12,-1,8,75.604,76.524,90.209125,17.254658455348057,0.9339999999999975,232.0,264.0,284.0,302.0,5,1,5.0,5.0,0.3912000000000006,23.964666666666666,42.66399999999999,38.306666666666665,1009.7999999999994,3.2479999999999993,5.0,23.4,24.3,0,0.00000,7,6.0,0,92.0,4.666666666666667,7.2,6.220932405998316,9.0,45.0,0.2,-2.4,49.0,113,5.666666666666667,8.2,14.2,0.2,6,8.0,14,29.587000000000444,,12
2025,8,Monaco,16,Charles Leclerc,Ferrari,2,20,0.052631578947368421052632,1,4,-2,22,70.063,91.627,86.47581818181818,13.523651893508521,0.10899999999999466,224.0,215.0,271.0,282.0,5,2,7.666666666666667,6.0,0.5019999999999982,22.20937500000001,43.31749999999996,52.51875,1016.7837499999993,0.9793749999999999,2.2,21.3,22.9,0,0.00000,6,8.0,0,92.0,5.333333333333333,4.8,1.6431676725154984,10.6,53.0,0.0,1.0,57.0,114,5.833333333333333,5.5,18.2,0.0,2,18.0,3,23.53099999999995,,30
2025,9,Barcelona,16,Charles Leclerc,Ferrari,7,20,0.315789473684210526315789,1,5,2,7,72.131,83.224,89.16557142857144,22.772847163944625,0.585000000000008,292.0,312.0,295.0,327.0,4,1,7.0,5.6,0.4605999999999966,29.11999999999999,48.54322580645158,54.6258064516129,1002.7716129032251,1.6329032258064524,3.5,28.1,30.0,0,0.00000,2,18.0,0,92.0,5.0,4.4,2.073644135332772,11.8,59.0,0.0,1.0,75.0,115,5.333333333333333,5.1,20.2,0.0,3,15.0,9,21.797999999999774,,20
2025,10,Montréal,16,Charles Leclerc,Ferrari,8,20,0.368421052631578947368421,1,5,3,20,71.626,89.782,87.2769,13.416431468833085,0.7270000000000039,265.0,286.0,298.0,333.0,6,1,6.666666666666667,6.4,0.5108000000000004,24.036526946107763,49.25329341317365,27.976047904191617,1018.9281437125736,1.0377245508982031,2.9,22.8,25.6,1,0.00599,3,15.0,0,92.0,3.6666666666666665,4.2,2.16794833886788,12.4,62.0,0.0,2.2,90.0,116,4.333333333333333,5.1,20.4,0.0,5,10.0,11,18.20299999999952,,18
2025,11,Spielberg,16,Charles Leclerc,Ferrari,2,20,0.052631578947368421052632,1,4,-2,13,64.492,65.446,74.76138461538463,12.254762560860858,0.5210000000000008,318.0,251.0,288.0,321.0,7,2,5.666666666666667,7.2,0.5810000000000002,30.347826086956506,49.16645962732919,31.981366459627328,943.3447204968951,1.6180124223602488,3.7,29.1,31.3,0,0.00000,5,10.0,0,92.0,3.3333333333333335,4.6,2.073644135332772,11.4,57.0,0.0,2.6,100.0,117,4.5,5.2,19.8,0.0,3,15.0,4,21.287999999999556,,30
2025,12,Silverstone,16,Charles Leclerc,Ferrari,6,20,0.263157894736842105263158,1,5,1,13,85.121,104.64500000000001,101.0416923076923,15.772260519577902,0.2289999999999992,321.0,272.0,257.0,322.0,6,1,5.666666666666667,6.0,0.5752000000000009,17.917419354838703,23.578709677419354,78.3741935483871,988.7767741935467,1.4832258064516135,5.8,16.0,19.6,1,0.18065,3,15.0,0,92.0,3.6666666666666665,3.8,1.6431676725154984,13.2,66.0,0.0,2.2,115.0,118,4.5,4.4,23.2,0.0,14,0.0,8,28.797999999998865,,29
2025,13,Spa-Francorchamps,16,Charles Leclerc,Ferrari,3,20,0.105263157894736842105263,1,16,-13,11,100.9,112.52199999999999,116.52936363636363,15.984916391853465,0.33800000000000807,344.0,221.0,228.0,315.0,7,1,5.333333333333333,5.0,0.4342000000000013,17.03004484304933,24.090134529147992,84.4439461883408,965.0475336322884,1.446188340807175,3.2,14.5,19.0,1,0.45740,14,0.0,0,92.0,7.333333333333333,5.4,4.929503017546495,11.6,58.0,0.0,-0.4,115.0,119,6.0,5.2,21.6,0.0,3,15.0,1,23.78099999999904,,24
2025,14,Budapest,16,Charles Leclerc,Ferrari,1,20,0E-24,1,12,-11,12,75.372,76.63,88.76283333333333,14.493159350869535,0.4819999999999993,288.0,259.0,262.0,314.0,6,1,3.6666666666666665,5.2,0.480000000000004,22.08216560509553,32.7299363057325,57.24203821656051,987.1401273885358,2.1509554140127394,3.7,21.6,22.5,0,0.00000,3,15.0,0,92.0,6.666666666666667,5.6,4.77493455452533,11.0,55.0,0.0,-0.4,130.0,120,5.833333333333333,5.5,20.2,0.0,4,12.0,4,21.14800000000014,,32
2025,15,Zandvoort,16,Charles Leclerc,Ferrari,6,20,0.263157894736842105263158,1,7,-1,13,69.304,70.621,79.29738461538462,11.245667451204348,0.6419999999999959,290.0,281.0,320.0,328.0,7,1,3.3333333333333335,4.0,0.45940000000000225,20.077358490566034,27.963522012578633,71.17610062893081,1006.205660377358,2.170440251572328,3.9,19.4,20.7,0,0.00000,4,12.0,0,92.0,7.0,5.8,4.658325879540846,10.4,52.0,0.0,-1.8,142.0,121,7.333333333333333,6.2,18.0,0.1,19,0.0,2,17.149000000000342,,33
2025,16,Monza,16,Charles Leclerc,Ferrari,4,20,0.157894736842105263157895,1,5,-1,13,79.007,91.166,95.51676923076924,17.502990202409443,0.2150000000000034,328.0,343.0,320.0,350.0,7,1,3.3333333333333335,3.6,0.4424000000000007,26.761111111111102,43.28819444444442,42.604166666666664,996.7527777777791,1.960416666666666,4.0,25.9,27.4,0,0.00000,19,0.0,1,92.0,8.666666666666666,8.6,7.436396977031283,8.4,42.0,0.2,-5.0,142.0,122,10.833333333333334,9.0,14.4,0.3,4,12.0,3,24.251000000000204,,22
2025,17,Baku,16,Charles Leclerc,Ferrari,10,20,0.473684210526315789473684,1,12,-2,8,101.458,102.376,119.36275,18.856161719334988,0.3410000000000082,232.0,230.0,339.0,322.0,5,2,3.6666666666666665,4.0,0.3812000000000012,20.551923076923092,26.107051282051287,59.833333333333336,1021.1160256410266,1.5070512820512825,2.9,20.3,21.1,0,0.00000,4,12.0,0,92.0,9.0,8.8,7.259476565152615,7.8,39.0,0.2,-4.8,154.0,123,10.833333333333334,9.3,13.0,0.3,9,2.0,6,20.587000000000444,,7
2025,18,Marina Bay,16,Charles Leclerc,Ferrari,7,20,0.315789473684210526315789,1,6,1,15,89.78399999999999,108.232,106.36506666666668,15.55824969253412,0.6259999999999906,315.0,281.0,264.0,304.0,6,1,6.666666666666667,4.8,0.40360000000000296,29.072049689440938,33.852173913043515,74.36024844720497,1010.7776397515512,1.1111801242236026,2.2,28.5,29.5,1,0.03727,9,2.0,0,92.0,10.666666666666666,7.8,6.685805860178712,8.2,41.0,0.2,-3.0,156.0,124,11.0,9.2,11.8,0.3,6,8.0,6,23.712000000000444,,16
2025,19,Austin,16,Charles Leclerc,Ferrari,3,20,0.105263157894736842105263,1,5,-2,10,92.807,97.314,107.51019999999998,15.644458953749586,0.29700000000001125,241.0,193.0,214.0,326.0,5,1,7.0,5.6,0.4611999999999995,28.267532467532465,45.04480519480521,22.532467532467532,1001.1077922077926,2.082467532467532,4.9,26.4,29.3,0,0.00000,6,8.0,0,92.0,6.333333333333333,8.4,6.268971207462991,6.8,34.0,0.2,-2.8,164.0,125,6.833333333333333,9.6,10.0,0.3,3,15.0,7,23.64300000000003,,30
2025,20,Mexico City,16,Charles Leclerc,Ferrari,2,20,0.052631578947368421052632,1,3,-1,14,75.848,92.82300000000001,90.73892857142856,13.788130829221785,0.26200000000000045,320.0,298.0,255.0,350.0,6,1,6.666666666666667,6.0,0.42420000000000185,26.405555555555555,50.58827160493828,23.234567901234566,780.8888888888889,1.8475308641975292,3.9,25.4,27.1,0,0.00000,3,15.0,0,92.0,6.0,8.2,6.457553716385176,7.4,37.0,0.2,-2.2,179.0,126,6.333333333333333,8.7,13.0,0.2,2,18.0,1,22.394000000000233,,28
2025,21,São Paulo,16,Charles Leclerc,Ferrari,3,19,0.111111111111111111111111,1,13,-10,16,69.801,85.982,84.92625000000001,15.007656887957781,0.29000000000000625,326.0,269.0,333.0,336.0,6,2,4.0,5.2,0.3482000000000028,17.34802631578948,30.69276315789474,70.57236842105263,929.708552631579,1.5098684210526314,2.9,16.6,18.0,0,0.00000,2,18.0,0,92.0,3.6666666666666665,4.8,2.7748873851023212,11.0,55.0,0.0,0.4,197.0,127,5.166666666666667,5.8,17.4,0.0,19,0.0,0,,,40
2025,22,Las Vegas,16,Charles Leclerc,Ferrari,9,20,0.421052631578947368421053,1,20,-11,19,109.872,117.273,122.98342105263157,13.12007661866089,1.9380000000000024,151.0,196.0,306.0,303.0,4,2,2.6666666666666665,5.0,0.36320000000000335,16.73404255319152,19.529787234042566,37.765957446808514,941.8964539007092,1.436879432624114,2.8,16.3,17.2,0,0.00000,19,0.0,1,92.0,8.0,7.8,6.833739825307955,8.6,43.0,0.2,-2.8,197.0,128,9.0,8.5,13.4,0.2,4,12.0,10,21.353000000000065,,14
2025,23,Lusail,16,Charles Leclerc,Ferrari,10,20,0.473684210526315789473684,1,18,-8,16,80.343,94.613,96.71906249999999,16.715868139659992,0.9560000000000031,259.0,290.0,287.0,324.0,8,1,4.666666666666667,4.8,0.6826000000000022,22.59932885906039,28.160402684563756,69.04697986577182,1016.0953020134215,1.2510067114093952,2.7,21.6,23.7,0,0.00000,4,12.0,0,92.0,8.333333333333334,6.8,6.978538528947161,10.6,53.0,0.2,-2.0,209.0,129,9.833333333333334,8.0,15.4,0.2,8,4.0,4,28.899999999999636,,5
2025,24,Yas Island,16,Charles Leclerc,Ferrari,5,20,0.210526315789473684210526,1,16,-11,11,82.73,83.994,95.50363636363636,14.683859297015397,0.5230000000000103,291.0,325.0,221.0,332.0,6,2,7.333333333333333,5.4,0.7486000000000047,26.67402597402595,31.0616883116883,60.44155844155844,1016.7279220779227,1.5733766233766233,3.2,25.9,27.5,0,0.00000,8,4.0,0,92.0,10.333333333333334,7.2,6.978538528947161,9.8,49.0,0.2,-1.8,213.0,130,11.5,8.6,13.8,0.2,4,12.0,5,21.01000000000022,1,26
2026,1,Melbourne,16,Charles Leclerc,Ferrari,4,19,0.166666666666666666666667,1,7,-3,16,79.327,95.53399999999999,95.3211875,15.29083917129796,0.8089999999999975,272.0,290.0,307.0,295.0,7,2,8.0,5.8,0.7938000000000045,24.23445945945945,36.13445945945945,53.97297297297296,1012.5608108108116,2.5614864864864857,4.6,23.1,25.3,0,0.00000,4,12.0,0,92.0,5.333333333333333,7.4,6.841052550594828,9.2,46.0,0.2,-1.6,,131,7.333333333333333,9.1,11.6,0.2,3,15.0,2,17.925000000000182,,22
2026,2,Shanghai,16,Charles Leclerc,Ferrari,4,22,0.142857142857142857142857,1,3,1,14,92.428,104.077,105.86542857142858,12.84598573463732,0.3640000000000043,281.0,274.0,282.0,310.0,6,1,6.333333333333333,6.2,0.9032000000000039,15.572368421052628,22.616447368421053,54.99802631578948,1024.481578947368,2.1934210526315794,4.5,14.9,16.4,0,0.00000,3,15.0,0,92.0,5.0,7.6,6.6558245169174945,8.6,43.0,0.2,-1.4,15.0,132,6.5,8.8,12.6,0.2,4,12.0,6,25.51800000000003,,25
2026,3,Suzuka,16,Charles Leclerc,Ferrari,4,22,0.142857142857142857142857,1,6,-2,12,89.303,90.078,102.05683333333333,13.377227956040773,0.5250000000000057,284.0,331.0,267.0,285.0,5,1,4.333333333333333,6.4,0.9180000000000035,18.556410256410274,34.1429487179487,52.49551282051283,1011.7987179487181,1.9506410256410254,3.7,17.3,19.5,0,0.00000,4,12.0,0,92.0,3.6666666666666665,4.6,1.9493588689617927,11.0,55.0,0.0,1.8,27.0,133,4.333333333333333,5.8,18.0,0.0,3,15.0,5,22.98199999999997,,25
2026,4,Miami Gardens,16,Charles Leclerc,Ferrari,3,22,0.095238095238095238095238,1,6,-3,14,88.143,97.594,106.32714285714287,17.533840330836046,0.34499999999999886,222.0,193.0,269.0,324.0,6,1,4.0,5.4,0.6354000000000042,27.125595238095247,37.01190476190477,70.44821428571433,1015.6476190476195,1.1517857142857149,4.8,25.7,28.1,1,0.01786,3,15.0,0,92.0,3.3333333333333335,4.4,2.073644135332772,11.6,58.0,0.0,1.0,42.0,134,3.8333333333333335,5.5,19.4,0.0,8,4.0,8,23.36200000000008,,30
2026,5,Montréal,16,Charles Leclerc,Ferrari,8,22,0.333333333333333333333333,1,5,3,24,72.976,89.024,87.44833333333334,11.592732463531387,0.39799999999999613,250.0,287.0,281.0,324.0,5,1,3.6666666666666665,4.0,0.5132000000000033,12.848750000000004,17.82749999999999,71.69499999999992,1024.2043749999991,3.0156249999999987,6.2,12.1,13.7,0,0.00000,8,4.0,0,92.0,5.0,4.4,2.073644135332772,11.6,58.0,0.0,-0.4,46.0,135,5.0,4.9,21.0,0.0,4,12.0,3,30.23400000000038,,10
2026,6,Monte Carlo,16,Charles Leclerc,Ferrari,4,22,0.142857142857142857142857,1,3,1,25,72.351,82.343,86.50988000000002,13.299493788361522,0.29999999999999716,220.0,205.0,264.0,280.0,5,1,5.0,4.6,0.4882000000000005,23.677403846153872,37.976923076923086,62.198557692307695,1021.4403846153845,0.8418269230769228,3.5,22.6,24.5,0,0.00000,4,12.0,0,92.0,5.0,4.4,2.073644135332772,11.6,58.0,0.0,0.2,58.0,136,4.833333333333333,4.3,23.8,0.0,17,0.0,1,19.875,,34
2026,7,Barcelona,16,Charles Leclerc,Ferrari,10,22,0.428571428571428571428571,1,2,8,4,75.281,75.964,89.639,16.521983799370663,0.6020000000000039,268.0,287.0,276.0,329.0,2,1,5.0,4.6,0.3864000000000004,30.529333333333362,50.28666666666666,28.866000000000017,1000.5366666666639,2.5713333333333326,5.2,29.8,31.1,0,0.00000,17,0.0,1,92.0,9.666666666666666,7.2,5.805170109479997,8.6,43.0,0.2,-2.6,58.0,137,6.5,5.5,22.0,0.1,15,0.0,10,22.136000000000422,,21
2020,1,Spielberg,3,Daniel Ricciardo,Renault,10,20,0.473684210526315789473684,1,14,-4,9,64.023,64.859,76.54544444444444,17.004790465565222,1.083999999999996,322.0,252.0,289.0,319.0,5,1,9.666666666666666,11.6,1.8938000000000046,28.68416666666667,52.02499999999999,33.8325,938.7708333333335,1.8874999999999997,3.6,26.9,30.0,0,0.00000,,,,87.0,,,,,,,,,0,,,,,19,0.0,1,,,20
2020,2,Spielberg,3,Daniel Ricciardo,Renault,9,20,0.421052631578947368421053,1,5,4,27,79.229,82.916,83.89892592592594,4.955492375799777,1.4039999999999964,295.0,215.0,265.0,293.0,3,1,10.0,10.4,1.5590000000000017,20.822499999999994,39.92,34.005,945.9099999999996,2.228333333333333,4.5,19.4,22.1,1,0.01667,19,0.0,1,87.0,19.0,19.0,,0.0,0.0,1.0,-9.0,0.0,1,13.5,13.5,4.0,0.5,8,4.0,5,21.62800000000061,,9
2020,3,Budapest,3,Daniel Ricciardo,Renault,11,20,0.526315789473684210526316,0,14,-3,10,75.661,76.736,86.75070000000001,12.154799802272901,2.2139999999999986,286.0,257.0,261.0,307.0,4,2,9.0,9.6,1.4048000000000016,20.74179104477611,27.12985074626864,77.19253731343284,986.3149253731342,1.5597014925373138,2.8,19.9,21.8,1,0.01493,8,4.0,0,87.0,13.5,13.5,7.7781745930520225,2.0,4.0,0.5,-4.5,4.0,2,13.25,13.25,4.0,0.5,8,4.0,8,21.966999999999643,,6
2020,4,Silverstone,3,Daniel Ricciardo,Renault,8,20,0.368421052631578947368421,1,9,-1,12,86.009,87.065,98.74358333333332,14.536843126460893,1.706000000000003,316.0,266.0,257.0,319.0,5,1,10.0,10.0,1.5558000000000007,21.291406249999998,40.63281250000001,44.16796875,998.40859375,3.114062500000001,4.7,20.8,22.1,0,0.00000,8,4.0,0,87.0,11.666666666666666,11.666666666666666,6.3508529610858835,2.6666666666666665,8.0,0.3333333333333333,-2.0,8.0,3,12.5,12.5,4.0,0.3333333333333333,4,12.0,5,29.61499999999978,,12
2020,5,Silverstone,3,Daniel Ricciardo,Renault,5,20,0.210526315789473684210526,1,11,-6,8,86.297,87.44200000000001,99.48437500000001,14.120604286315594,1.1430000000000007,318.0,272.0,253.0,332.0,5,2,9.333333333333334,9.2,1.6170000000000002,25.28706896551725,43.22758620689654,58.55603448275865,1000.9508620689652,2.236206896551725,4.3,23.5,26.8,0,0.00000,4,12.0,0,87.0,6.666666666666667,9.75,6.4485140407177015,5.0,20.0,0.25,-0.5,20.0,4,9.666666666666666,10.625,8.0,0.25,14,0.0,8,28.04199999999946,,32
2020,6,Barcelona,3,Daniel Ricciardo,Renault,13,20,0.631578947368421052631579,0,15,-2,8,77.19800000000001,77.811,91.997125,16.641828157108044,1.6140000000000043,291.0,301.0,287.0,322.0,4,1,8.0,8.6,1.5101999999999989,29.796899224806182,47.55581395348835,56.38449612403102,997.7038759689932,1.5449612403100779,2.9,28.6,30.7,0,0.00000,14,0.0,0,87.0,8.666666666666666,10.6,5.89915248150105,4.0,20.0,0.2,-2.2,20.0,5,9.0,10.7,7.2,0.2,11,0.0,8,21.900000000000546,,4
2020,7,Spa-Francorchamps,3,Daniel Ricciardo,Renault,4,20,0.157894736842105263157895,1,6,-2,6,102.061,103.309,118.34733333333332,18.09803587869873,0.8089999999999975,333.0,217.0,228.0,312.0,3,1,8.666666666666666,9.2,1.6162000000000005,18.568595041322304,29.82396694214875,54.85289256198344,962.4297520661155,1.4652892561983484,3.3,17.4,20.1,0,0.00000,11,0.0,0,87.0,9.666666666666666,9.0,3.7416573867739413,4.0,20.0,0.0,0.0,20.0,6,9.333333333333334,10.4,6.4,0.1,4,13.0,2,23.909000000000106,1,26
2020,8,Monza,3,Daniel Ricciardo,Renault,7,20,0.315789473684210526315789,1,12,-5,9,79.864,94.493,93.24133333333333,13.383880696569287,0.9770000000000039,333.0,336.0,316.0,342.0,6,1,7.333333333333333,8.2,1.4972000000000008,28.090909090909104,41.20139860139859,40.12447552447552,990.7804195804187,1.5209790209790213,3.1,27.3,28.9,0,0.00000,4,13.0,0,87.0,9.666666666666666,8.2,4.3817804600413295,5.8,29.0,0.0,0.0,33.0,7,9.166666666666666,8.7,10.2,0.0,6,8.0,5,25.47900000000027,,15
2020,9,Mugello,3,Daniel Ricciardo,Renault,8,20,0.368421052631578947368421,1,10,-2,9,76.243,112.249,106.12388888888889,29.36575486618914,1.0989999999999895,278.0,258.0,311.0,317.0,5,1,8.0,7.4,1.2498000000000018,30.169886363636337,43.10227272727272,39.94431818181818,993.6153409090938,2.36477272727273,4.4,29.6,30.7,0,0.00000,6,8.0,0,87.0,7.0,7.8,4.494441010848846,6.6,33.0,0.0,-0.4,41.0,8,7.833333333333333,7.9,11.8,0.0,4,12.0,8,17.13899999999967,,15
2020,10,Sochi,3,Daniel Ricciardo,Renault,5,20,0.210526315789473684210526,1,7,-2,9,92.218,94.344,106.41988888888889,15.943508956974028,0.9140000000000015,277.0,323.0,170.0,329.0,5,2,6.333333333333333,7.4,1.1283999999999992,28.80606060606062,40.342424242424265,51.36287878787878,1012.878787878789,1.428787878787879,3.2,27.6,30.5,0,0.00000,4,12.0,0,87.0,4.666666666666667,7.8,4.494441010848846,6.6,33.0,0.0,-0.4,53.0,9,6.833333333333333,8.7,10.2,0.1,5,10.0,8,30.11700000000019,,24
2020,11,Nürburgring,3,Daniel Ricciardo,Renault,6,20,0.263157894736842105263158,1,7,-1,12,86.096,88.08,99.47175,13.691534286325853,0.8269999999999982,270.0,240.0,257.0,315.0,6,2,6.666666666666667,7.4,1.0825999999999993,9.499999999999998,16.36020408163265,59.40408163265304,947.35918367347,1.6173469387755104,3.1,8.9,9.9,1,0.02041,5,10.0,0,87.0,5.0,6.0,2.9154759474226504,8.6,43.0,0.0,1.4,63.0,10,7.333333333333333,7.7,12.6,0.1,3,15.0,8,22.144000000000005,,22
2020,12,Portimão,3,Daniel Ricciardo,Renault,10,20,0.473684210526315789473684,1,11,-1,13,77.481,95.596,90.49315384615385,12.604999060201964,1.0149999999999864,278.0,201.0,310.0,326.0,4,1,6.333333333333333,6.0,0.9251999999999981,20.505468749999977,25.71562499999998,67.52812500000002,1007.3406250000008,4.0406249999999995,7.0,20.0,21.0,0,0.00000,3,15.0,0,87.0,4.0,4.4,1.1401754250991378,11.6,58.0,0.0,1.6,78.0,11,8.5,7.4,15.6,0.2,9,2.0,10,26.920000000000073,,11
2020,13,Imola,3,Daniel Ricciardo,Renault,5,20,0.210526315789473684210526,1,12,-7,11,74.52,76.056,85.06081818181816,11.649214023428204,0.9110000000000014,234.0,262.0,283.0,296.0,6,1,7.0,7.2,0.9663999999999959,18.030400000000004,23.26079999999999,71.13680000000001,1017.8919999999997,1.3415999999999992,3.1,16.9,18.5,0,0.00000,9,2.0,0,87.0,5.666666666666667,5.4,2.3021728866442674,9.4,47.0,0.0,1.8,80.0,12,8.333333333333334,8.2,12.2,0.2,3,15.0,7,30.268999999999778,,24
2020,14,Istanbul,3,Daniel Ricciardo,Renault,5,20,0.210526315789473684210526,1,7,-2,18,111.595,116.789,120.36894444444442,7.12196922100675,3.8299999999999983,258.0,271.0,216.0,250.0,4,1,7.0,6.8,0.9531999999999954,13.095683453237404,15.20575539568346,80.16115107913672,1008.4964028776968,1.066187050359712,2.7,12.1,13.8,1,0.04317,3,15.0,0,87.0,5.0,4.8,2.4899799195977463,10.8,54.0,0.0,2.0,95.0,13,10.0,9.0,12.8,0.3,10,1.0,2,23.201000000000022,,19
2020,15,Sakhir,3,Daniel Ricciardo,Renault,6,20,0.263157894736842105263158,1,7,-1,9,88.417,89.872,100.74744444444444,14.297996600145693,1.1530000000000058,246.0,273.0,293.0,328.0,5,2,6.666666666666667,6.2,1.4993999999999972,25.09907407407409,27.54814814814815,67.8472222222222,1015.8972222222209,0.8430555555555546,1.8,24.4,26.6,0,0.00000,10,1.0,0,87.0,7.333333333333333,6.0,3.3166247903554,8.6,43.0,0.0,0.2,96.0,14,10.0,9.3,10.6,0.2,7,6.0,14,24.63299999999981,,27
2020,16,Sakhir,3,Daniel Ricciardo,Renault,7,20,0.315789473684210526315789,1,11,-4,9,53.871,54.388,62.88077777777778,10.554881498361054,0.4939999999999998,291.0,274.0,303.0,331.0,5,2,5.333333333333333,6.4,1.547199999999998,20.947244094488184,23.46929133858268,58.16929133858269,1015.9417322834645,1.9480314960629923,3.4,20.4,22.0,0,0.00000,7,6.0,0,87.0,6.666666666666667,6.4,3.286335345030997,7.8,39.0,0.0,0.0,102.0,15,9.833333333333334,9.7,9.0,0.2,5,10.0,9,23.110000000000582,,19
2020,17,Yas Island,3,Daniel Ricciardo,Renault,12,20,0.578947368421052631578947,0,11,1,6,96.406,96.741,111.51733333333334,16.32518294741797,1.1599999999999966,291.0,320.0,223.0,326.0,3,2,6.0,6.6,1.4805999999999984,23.121481481481517,27.980000000000008,55.44666666666665,1015.8474074074076,2.5044444444444425,4.0,22.1,23.7,0,0.00000,5,10.0,0,87.0,7.333333333333333,6.8,2.8635642126552705,6.8,34.0,0.0,-0.2,112.0,16,7.333333333333333,8.3,11.6,0.1,7,7.0,2,22.161000000000058,1,3
2021,1,Sakhir,3,Daniel Ricciardo,McLaren,6,20,0.263157894736842105263158,1,7,-1,11,89.92699999999999,91.65299999999999,102.81990909090909,13.995571152722176,0.9299999999999926,247.0,270.0,294.0,315.0,6,2,8.333333333333334,7.0,1.5096000000000003,20.538345864661654,27.627819548872182,54.51729323308271,1014.9105263157908,0.8872180451127818,1.4,20.4,20.9,0,0.00000,7,7.0,0,89.0,6.333333333333333,6.4,2.6076809620810595,7.8,39.0,0.0,0.4,,17,5.666666666666667,6.2,15.6,0.0,7,6.0,9,24.653999999999996,,22
2021,2,Imola,3,Daniel Ricciardo,McLaren,6,20,0.263157894736842105263158,1,7,-1,12,74.826,76.065,86.59716666666667,12.23341271669397,0.41499999999999204,236.0,262.0,286.0,290.0,6,1,8.333333333333334,7.2,1.5133999999999985,10.621118012422354,16.827329192546586,69.48881987577641,1011.2527950310558,0.4788819875776397,1.1,9.2,12.3,1,0.40994,7,6.0,0,89.0,6.333333333333333,7.2,1.7888543819998317,6.0,30.0,0.0,-0.2,6.0,18,6.0,5.8,17.2,0.0,6,8.0,3,34.284999999999854,,16
2021,3,Portimão,3,Daniel Ricciardo,McLaren,16,20,0.789473684210526315789474,0,7,9,9,79.839,91.127,89.53477777777779,7.757032885997351,1.8709999999999951,290.0,196.0,293.0,314.0,2,2,8.0,7.4,0.8303999999999974,19.39253731343283,38.9507462686567,39.40373134328356,1004.8134328358209,0.8373134328358207,1.4,18.1,20.0,0,0.00000,6,8.0,0,89.0,6.666666666666667,6.4,0.894427190999916,7.4,37.0,0.0,0.8,14.0,19,5.166666666666667,5.4,18.8,0.0,9,2.0,9,21.97699999999986,,-3
2021,4,Barcelona,3,Daniel Ricciardo,McLaren,7,20,0.315789473684210526315789,1,9,-2,8,77.622,78.264,89.247375,12.407835749321592,0.8810000000000002,287.0,307.0,288.0,317.0,4,1,9.333333333333334,9.4,0.9739999999999952,22.203076923076917,32.92230769230769,57.55307692307693,993.5746153846156,0.4576923076923076,0.9,21.3,23.5,0,0.00000,9,2.0,0,89.0,7.333333333333333,6.8,1.4832396974191326,6.6,33.0,0.0,2.4,16.0,20,5.666666666666667,5.9,16.8,0.0,6,8.0,6,21.72099999999955,,16
2021,5,Monte Carlo,3,Daniel Ricciardo,McLaren,12,19,0.611111111111111111111111,0,5,7,17,71.598,88.889,84.50770588235294,10.497092250742023,1.2519999999999953,221.0,209.0,275.0,287.0,4,1,9.666666666666666,9.4,1.0513999999999952,20.760740740740758,37.59555555555557,61.42444444444447,1015.5711111111107,0.31629629629629613,0.6,20.3,21.5,0,0.00000,6,8.0,0,89.0,7.0,7.0,1.224744871391589,6.2,31.0,0.0,2.2,24.0,21,6.166666666666667,5.9,16.6,0.0,12,0.0,3,24.613000000000284,,3
2021,6,Baku,3,Daniel Ricciardo,McLaren,13,20,0.631578947368421052631579,0,6,7,6,102.304,119.11699999999999,120.05916666666666,16.065900179157925,1.0859999999999985,231.0,227.0,326.0,309.0,2,1,11.666666666666666,9.4,1.069799999999995,24.170930232558128,38.31453488372088,55.805232558139544,1014.7308139534875,0.2837209302325581,0.8,22.9,25.5,0,0.00000,12,0.0,0,89.0,9.0,8.0,2.5495097567963922,4.8,24.0,0.0,1.4,24.0,22,7.166666666666667,6.3,16.0,0.0,9,2.0,7,14.96099999999933,,1
2021,7,Le Castellet,3,Daniel Ricciardo,McLaren,10,20,0.473684210526315789473684,1,8,2,12,91.382,97.63499999999999,115.99608333333335,24.471708572287508,1.3920000000000101,120.0,282.0,307.0,325.0,6,2,10.666666666666666,10.8,1.1009999999999962,25.314399999999992,35.22879999999999,58.63039999999999,960.6376,1.1655999999999997,1.8,23.8,27.4,0,0.00000,9,2.0,0,89.0,9.0,8.4,2.5099800796022267,4.0,20.0,0.0,2.4,26.0,23,7.166666666666667,6.6,14.8,0.0,6,8.0,10,29.948999999999614,,11
2021,8,Spielberg,3,Daniel Ricciardo,McLaren,13,20,0.631578947368421052631579,0,4,9,10,64.80799999999999,88.277,85.19460000000001,19.44323774592196,0.9669999999999916,320.0,247.0,287.0,317.0,4,1,11.666666666666666,11.6,1.2963999999999998,26.692372881355922,52.352542372881345,33.24661016949152,938.4771186440671,0.3677966101694914,1.2,26.0,27.3,0,0.00000,6,8.0,0,89.0,9.0,8.4,2.5099800796022267,4.0,20.0,0.0,3.2,34.0,24,6.666666666666667,6.8,13.8,0.0,13,0.0,8,21.514000000000124,,8
2021,9,Spielberg,3,Daniel Ricciardo,McLaren,13,20,0.631578947368421052631579,0,2,11,11,64.719,77.782,79.46363636363635,16.37887633064447,0.9989999999999952,317.0,249.0,291.0,318.0,4,2,12.0,11.0,1.1155999999999993,20.966025641025656,33.18397435897434,49.730769230769255,934.7211538461531,0.348076923076923,0.9,19.0,22.6,1,0.03846,13,0.0,0,89.0,9.333333333333334,9.2,3.271085446759225,3.6,18.0,0.0,1.8,34.0,25,7.166666666666667,7.2,13.4,0.0,7,6.0,11,21.140000000000327,,5
2021,10,Silverstone,3,Daniel Ricciardo,McLaren,7,20,0.315789473684210526315789,1,6,1,15,86.899,88.749,101.912,19.577591990407228,0.8760000000000048,316.0,272.0,253.0,326.0,6,1,12.0,12.2,1.1391999999999982,29.4,50.931521739130446,37.20217391304347,1007.2461956521738,0.317934782608696,0.8,28.4,30.1,0,0.00000,7,6.0,0,89.0,8.666666666666666,9.4,3.0495901363953815,3.2,16.0,0.0,2.8,40.0,26,6.5,6.8,15.2,0.0,5,10.0,3,28.84600000000046,,13
2021,11,Budapest,3,Daniel Ricciardo,McLaren,11,20,0.526315789473684210526316,0,6,5,8,76.871,77.688,92.30862499999999,20.19490661342607,1.4519999999999982,284.0,255.0,261.0,305.0,4,1,11.0,11.2,1.064,27.22670157068063,37.82251308900524,68.61570680628276,977.6308900523562,0.5675392670157061,1.2,25.7,29.1,1,0.30366,5,10.0,0,89.0,8.333333333333334,8.0,3.1622776601683795,5.2,26.0,0.0,3.0,50.0,27,6.166666666666667,6.2,16.6,0.0,11,0.0,6,21.6299999999992,,6
2021,12,Spa-Francorchamps,3,Daniel Ricciardo,McLaren,4,20,0.157894736842105263157895,1,10,-6,12,117.12700000000001,121.969,128.94841666666665,12.453984075630604,1.1020000000000039,314.0,188.0,218.0,308.0,5,2,10.333333333333334,10.8,1.1372,13.012413793103491,15.258620689655164,96.4358620689655,970.2217241379296,0.5113793103448276,1.0,12.4,13.4,1,0.84138,11,0.0,0,89.0,7.666666666666667,8.4,3.4351128074635335,4.8,24.0,0.0,2.2,50.0,28,7.5,7.4,14.2,0.1,4,6.0,0,15374.826,,19
2021,13,Zandvoort,3,Daniel Ricciardo,McLaren,10,20,0.473684210526315789473684,1,13,-3,10,69.865,70.914,82.3431,14.798671445249555,0.9799999999999898,278.0,289.0,305.0,316.0,5,1,7.333333333333333,9.6,1.0791999999999988,21.50443037974685,36.10569620253166,54.10822784810126,1021.5056962025316,0.442405063291139,0.9,20.4,22.4,0,0.00000,4,6.0,0,89.0,6.666666666666667,8.0,3.8729833462074166,4.4,22.0,0.0,1.4,56.0,29,8.833333333333334,8.1,11.8,0.1,11,0.0,3,21.863999999999578,,6
2021,14,Monza,3,Daniel Ricciardo,McLaren,5,20,0.210526315789473684210526,1,4,1,10,79.995,81.292,94.38450000000002,17.45939659928461,0.4399999999999977,324.0,335.0,318.0,340.0,5,1,8.333333333333334,9.0,1.0817999999999983,28.885234899328868,43.52751677852349,33.2758389261745,994.4879194630865,0.3429530201342281,0.7,27.8,29.6,0,0.00000,11,0.0,0,89.0,8.666666666666666,7.6,3.286335345030997,4.4,22.0,0.0,1.2,56.0,30,10.833333333333334,8.4,10.0,0.1,1,26.0,4,23.786999999999352,1,32
2021,15,Sochi,3,Daniel Ricciardo,McLaren,5,20,0.210526315789473684210526,1,1,4,17,104.156,112.80199999999999,120.97382352941176,14.982894873134889,2.163000000000011,260.0,295.0,151.0,291.0,5,2,6.333333333333333,7.4,0.9699999999999989,19.13860759493674,21.75696202531647,61.94746835443034,1023.1310126582275,0.29050632911392416,0.9,17.4,19.5,1,0.10127,1,26.0,0,89.0,5.333333333333333,6.4,4.449719092257398,8.4,42.0,0.0,0.2,82.0,31,7.0,7.7,14.6,0.1,4,12.0,14,30.950000000000728,,30
2021,16,Istanbul,3,Daniel Ricciardo,McLaren,16,20,0.789473684210526315789474,0,8,8,8,85.881,99.768,99.339875,11.20939642108352,3.0130000000000052,278.0,292.0,253.0,319.0,2,1,6.666666666666667,7.0,1.2274,15.825477707006387,18.180891719745237,93.52484076433116,1006.4101910828001,0.4866242038216559,0.8,15.5,16.1,0,0.00000,4,12.0,0,89.0,5.333333333333333,6.2,4.54972526643093,8.8,44.0,0.0,0.2,94.0,32,5.833333333333333,7.9,14.0,0.1,13,0.0,8,23.09099999999944,,2
2021,17,Austin,3,Daniel Ricciardo,McLaren,7,20,0.315789473684210526315789,1,8,-1,9,93.80799999999999,94.643,106.156,14.443164049127187,0.8979999999999961,236.0,195.0,216.0,323.0,5,2,8.666666666666666,8.0,1.5396000000000014,28.148447204968935,37.470807453416164,61.19254658385094,992.1298136645961,0.8540372670807448,1.5,26.4,29.5,0,0.00000,13,0.0,0,89.0,6.0,6.6,5.128352561983235,8.8,44.0,0.0,1.6,94.0,33,5.666666666666667,7.3,15.2,0.0,5,10.0,3,24.103000000000065,,13
2021,18,Mexico City,3,Daniel Ricciardo,McLaren,7,20,0.315789473684210526315789,1,10,-3,9,76.763,89.25,89.82533333333333,14.450312176558677,0.8880000000000052,317.0,298.0,256.0,350.0,5,2,9.333333333333334,8.6,1.4988,21.20670731707316,47.57926829268294,31.2109756097561,784.2134146341465,0.3664634146341462,0.8,19.2,23.2,0,0.00000,5,10.0,0,89.0,7.333333333333333,6.8,5.019960159204453,9.6,48.0,0.0,1.8,104.0,34,7.333333333333333,6.8,16.8,0.0,12,0.0,8,22.875999999999294,,22
2021,19,São Paulo,3,Daniel Ricciardo,McLaren,9,20,0.421052631578947368421053,1,8,1,14,69.039,69.674,80.43871428571428,13.1209646422379,1.105000000000004,321.0,264.0,318.0,320.0,6,1,10.0,8.0,1.480400000000003,23.137341772151892,51.56139240506331,60.10126582278483,926.9303797468358,0.39177215189873377,0.8,22.5,24.0,0,0.00000,12,0.0,0,89.0,10.0,7.0,5.244044240850758,9.6,48.0,0.0,1.0,104.0,35,9.166666666666666,6.9,16.8,0.0,19,0.0,6,18.676000000000386,,28
2021,20,Lusail,3,Daniel Ricciardo,McLaren,14,20,0.684210526315789473684211,0,6,8,11,82.59700000000001,107.265,109.73254545454543,27.51014867412983,1.7700000000000102,248.0,281.0,318.0,324.0,4,2,7.666666666666667,8.8,1.6134000000000044,26.41513157894735,30.603289473684203,75.54013157894735,1012.3072368421057,0.4230263157894732,0.8,26.0,27.4,1,0.01974,19,0.0,1,89.0,12.0,10.6,6.18869937870632,4.4,22.0,0.2,-0.8,104.0,36,10.666666666666666,9.5,8.2,0.1,12,0.0,12,25.583999999999833,,8
2021,21,Jeddah,3,Daniel Ricciardo,McLaren,11,20,0.526315789473684210526316,0,7,4,14,88.21600000000001,100.564,108.55228571428567,19.466512810182795,0.7050000000000125,298.0,316.0,308.0,320.0,3,2,10.0,10.6,1.5348000000000042,28.816062176165733,31.684974093264252,76.20310880829015,1013.7974093264247,0.2715025906735748,0.6,28.5,29.2,0,0.00000,12,0.0,0,89.0,14.333333333333334,12.2,4.969909455915671,2.0,10.0,0.2,-0.6,104.0,37,12.0,10.5,4.8,0.1,5,10.0,4,996.9030000000002,,2
2021,22,Yas Island,3,Daniel Ricciardo,McLaren,10,20,0.473684210526315789473684,1,3,7,12,83.40899999999999,84.115,94.89066666666668,14.129659696946531,1.299999999999983,286.0,319.0,226.0,322.0,6,1,11.333333333333334,9.6,1.0732000000000057,24.51910828025481,28.46560509554141,59.05477707006371,1017.7108280254776,0.41464968152866166,0.7,23.5,25.7,0,0.00000,5,10.0,0,89.0,12.0,10.6,5.856620185738529,4.0,20.0,0.2,-0.8,114.0,38,10.833333333333334,10.0,5.8,0.1,12,0.0,7,21.63500000000022,,12
2022,1,Sakhir,3,Daniel Ricciardo,McLaren,18,20,0.894736842105263157894737,0,13,5,6,92.945,93.60300000000001,106.1425,14.747491661296168,2.3870000000000005,237.0,266.0,283.0,311.0,2,1,11.666666666666666,10.2,1.153600000000003,23.617791411042962,28.610429447852766,29.49079754601227,1010.3858895705521,0.3049079754601232,0.8,22.3,25.7,0,0.00000,12,0.0,0,83.0,9.666666666666666,12.0,4.949747468305833,2.0,10.0,0.2,-1.4,,39,9.166666666666666,10.6,4.2,0.1,14,0.0,12,24.927999999999884,,4
2022,2,Jeddah,3,Daniel Ricciardo,McLaren,12,20,0.578947368421052631578947,0,11,1,10,89.773,90.695,104.41279999999999,15.799228854599201,16.102999999999994,284.0,315.0,298.0,322.0,4,1,13.0,12.4,1.453400000000002,25.42039473684213,28.4092105263158,59.66447368421053,1012.7776315789473,2.3592105263157874,4.0,25.3,25.6,0,0.00000,14,0.0,0,83.0,10.333333333333334,12.4,5.029910535983717,2.0,10.0,0.2,0.4,0.0,40,10.5,11.3,4.0,0.1,17,0.0,5,20.636999999999716,,15
2022,3,Melbourne,3,Daniel Ricciardo,McLaren,7,20,0.315789473684210526315789,1,4,3,14,79.032,79.94200000000001,97.1685,19.427854815464556,1.1640000000000015,278.0,299.0,299.0,315.0,6,1,13.333333333333334,13.0,4.453,26.697435897435888,37.40833333333329,43.65384615384615,1014.2461538461532,1.8128205128205122,4.4,25.8,27.4,0,0.00000,17,0.0,1,83.0,14.333333333333334,12.0,4.415880433163924,2.0,10.0,0.2,1.4,0.0,41,12.0,10.8,5.0,0.1,6,8.0,4,18.132000000000517,,14
2022,4,Imola,3,Daniel Ricciardo,McLaren,6,20,0.263157894736842105263158,1,3,3,11,79.98,89.742,95.21345454545454,16.296416596071886,1.3020000000000067,220.0,257.0,273.0,290.0,4,2,12.333333333333334,11.6,4.3317999999999985,12.899367088607601,17.418987341772137,83.17088607594937,1001.0386075949358,1.4822784810126568,2.5,11.1,14.2,0,0.00000,6,8.0,0,83.0,12.333333333333334,10.8,5.167204273105526,3.6,18.0,0.2,1.2,8.0,42,10.666666666666666,9.8,8.2,0.1,18,0.0,3,30.159999999999854,,32
2022,5,Miami,3,Daniel Ricciardo,McLaren,14,20,0.684210526315789473684211,0,8,6,10,90.31,98.507,102.9073,12.076691351985074,1.51400000000001,221.0,191.0,284.0,322.0,4,1,8.333333333333334,10.6,4.451199999999997,30.61728395061729,42.81975308641976,58.858024691358025,1009.3049382716049,2.26728395061728,5.0,29.4,32.3,1,0.05556,18,0.0,0,83.0,13.666666666666666,13.4,4.774934554525329,1.6,8.0,0.2,-2.4,8.0,43,9.333333333333334,10.4,9.0,0.1,13,0.0,10,19.326000000000022,,8
2022,6,Barcelona,3,Daniel Ricciardo,McLaren,9,20,0.421052631578947368421053,1,11,-2,10,80.287,81.275,92.11110000000001,12.641279149850478,1.5370000000000061,287.0,303.0,278.0,321.0,5,1,9.0,11.4,4.494000000000002,36.56585365853659,48.95731707317072,7.109756097560975,996.0158536585362,3.4884146341463396,5.5,35.9,37.2,0,0.00000,13,0.0,0,83.0,12.333333333333334,13.6,4.722287581247038,1.6,8.0,0.2,-1.8,8.0,44,10.666666666666666,11.7,7.8,0.2,12,0.0,8,22.118000000000393,,16
2022,7,Monaco,3,Daniel Ricciardo,McLaren,14,20,0.684210526315789473684211,0,5,9,16,72.964,85.574,88.199875,13.75485281576409,1.5879999999999939,215.0,203.0,271.0,283.0,5,1,9.666666666666666,9.6,4.324000000000003,22.274693877550995,31.038367346938788,75.66530612244898,1002.9922448979627,0.9902040816326523,3.2,20.9,24.3,1,0.43673,12,0.0,0,83.0,14.333333333333334,13.2,4.764451699828638,1.6,8.0,0.2,-3.2,8.0,45,12.166666666666666,10.8,8.6,0.2,13,0.0,3,26.049999999999272,,1
2022,8,Baku,3,Daniel Ricciardo,McLaren,12,20,0.578947368421052631578947,0,11,1,11,103.574,121.796,119.92354545454545,16.572248956394763,2.214999999999989,221.0,230.0,328.0,310.0,4,1,12.333333333333334,10.0,1.4210000000000036,25.435403726708074,47.149689440993804,59.49068322981366,1009.9012422360254,1.5291925465838494,2.9,24.9,26.1,0,0.00000,13,0.0,0,83.0,12.666666666666666,12.4,4.277849927241488,1.6,8.0,0.0,-2.4,8.0,46,11.833333333333334,10.3,9.2,0.1,8,4.0,5,21.774999999999636,,1
2022,9,Montréal,3,Daniel Ricciardo,McLaren,9,20,0.421052631578947368421053,1,14,-5,26,83.749,94.455,98.58723076923077,13.530348120599683,2.4499999999999886,245.0,273.0,273.0,298.0,5,2,11.666666666666666,11.0,1.631200000000001,20.762962962962966,41.261111111111084,28.925925925925927,1012.4012345679009,3.5524691358024683,5.6,18.8,22.3,0,0.00000,8,4.0,0,83.0,11.0,12.8,3.5637059362410923,0.8,4.0,0.0,-1.8,12.0,47,9.333333333333334,10.9,6.8,0.1,11,0.0,5,24.855999999999767,,11
2022,10,Silverstone,3,Daniel Ricciardo,McLaren,14,20,0.684210526315789473684211,0,6,8,16,101.93299999999999,106.827,111.74843750000001,10.454928859753183,2.804000000000002,291.0,243.0,229.0,291.0,3,1,11.666666666666666,11.6,1.8607999999999976,18.253201970443335,30.026108374384233,59.748768472906406,1002.3581280788169,1.4561576354679806,3.9,17.5,19.2,1,0.04433,11,0.0,0,83.0,10.666666666666666,11.4,2.073644135332772,0.8,4.0,0.0,0.2,12.0,48,10.333333333333334,11.4,3.8,0.1,13,0.0,4,29.35200000000077,,2
2022,11,Spielberg,3,Daniel Ricciardo,McLaren,16,20,0.789473684210526315789474,0,15,1,7,66.613,84.107,81.71528571428573,15.224406433030325,1.6290000000000049,311.0,245.0,283.0,317.0,3,1,11.666666666666666,11.6,2.118799999999996,20.255921052631592,30.74671052631582,35.13815789473684,939.7124999999984,1.2552631578947366,3.9,19.7,21.1,0,0.00000,13,0.0,0,83.0,10.666666666666666,11.4,2.073644135332772,0.8,4.0,0.0,0.2,12.0,49,10.333333333333334,10.1,5.4,0.0,9,2.0,14,21.36200000000008,,2
2022,12,Le Castellet,3,Daniel Ricciardo,McLaren,11,20,0.526315789473684210526316,0,5,6,7,92.922,93.41,113.46342857142858,25.54675516158,2.049999999999997,118.0,279.0,300.0,331.0,4,1,13.0,13.0,2.1371999999999955,30.164843750000003,54.46171874999998,47.734375,967.9078124999985,1.9460937500000002,4.0,29.1,30.8,0,0.00000,9,2.0,0,83.0,11.0,10.8,2.280350850198276,1.2,6.0,0.0,1.2,14.0,50,10.166666666666666,9.7,6.2,0.0,9,2.0,3,36.26299999999992,,1
2022,13,Budapest,3,Daniel Ricciardo,McLaren,9,20,0.421052631578947368421053,1,4,5,12,78.19800000000001,79.89699999999999,90.0555,12.340122332530507,0.8210000000000122,281.0,248.0,257.0,303.0,6,1,13.666666666666666,12.4,2.2295999999999965,18.55988023952095,26.72095808383233,69.31736526946108,985.5814371257485,4.034131736526945,5.8,17.8,19.4,1,0.27545,9,2.0,0,83.0,10.333333333333334,10.0,1.9999999999999998,1.6,8.0,0.0,1.0,16.0,51,8.5,9.4,6.0,0.0,15,0.0,8,21.534999999999854,,22
2022,14,Spa-Francorchamps,3,Daniel Ricciardo,McLaren,11,20,0.526315789473684210526316,0,10,1,6,105.767,106.212,122.44366666666667,18.23784668941667,2.102000000000004,332.0,205.0,222.0,310.0,3,1,12.0,11.8,1.950800000000001,21.78717948717949,36.083974358974366,40.51923076923077,971.0519230769214,1.5192307692307678,3.5,20.7,22.5,0,0.00000,15,0.0,0,83.0,11.0,11.4,2.6076809620810595,0.8,4.0,0.0,-1.0,16.0,52,9.0,9.9,6.0,0.0,15,0.0,6,23.082000000000335,,14
2022,15,Zandvoort,3,Daniel Ricciardo,McLaren,17,20,0.842105263157894736842105,0,7,10,6,72.081,81.226,89.25883333333333,15.750381753045438,1.7390000000000043,279.0,283.0,311.0,319.0,2,1,10.333333333333334,12.2,1.881200000000004,22.730061349693237,33.44601226993866,75.38036809815951,1017.1098159509202,1.0619631901840485,2.0,22.3,23.3,0,0.00000,15,0.0,0,83.0,13.0,12.2,3.03315017762062,0.8,4.0,0.0,-2.2,16.0,53,10.833333333333334,10.0,6.0,0.0,17,0.0,7,14.468000000000757,,7
2022,16,Monza,3,Daniel Ricciardo,McLaren,8,20,0.368421052631578947368421,1,7,1,13,81.855,83.116,92.11569230769231,11.542800190195154,1.6940000000000026,318.0,333.0,310.0,341.0,6,1,12.333333333333334,12.8,1.6682000000000046,27.734693877551035,43.138775510204084,33.14965986394558,993.340136054421,1.3612244897959178,2.7,26.4,28.5,0,0.00000,17,0.0,0,83.0,15.666666666666666,13.0,3.7416573867739413,0.8,4.0,0.0,-2.4,16.0,54,12.166666666666666,10.5,5.6,0.0,17,0.0,5,25.153000000000247,,26
2022,17,Marina Bay,3,Daniel Ricciardo,McLaren,17,20,0.842105263157894736842105,0,6,11,6,116.226,119.793,127.851,11.264873226095352,6.813999999999993,289.0,263.0,246.0,281.0,2,1,12.0,11.2,1.681200000000004,26.232549019607895,28.973333333333354,87.44705882352942,1008.1439215686289,0.929803921568626,2.7,24.3,27.7,1,0.18039,17,0.0,1,83.0,16.333333333333332,14.6,3.286335345030997,0.4,2.0,0.2,-5.4,16.0,55,12.5,11.3,5.2,0.1,5,10.0,6,30.9429999999993,,-8
2022,18,Suzuka,3,Daniel Ricciardo,McLaren,11,20,0.526315789473684210526316,0,10,1,7,90.65899999999999,102.513,103.96957142857146,13.459440823664046,1.3549999999999898,280.0,300.0,263.0,297.0,4,1,14.0,12.4,2.634000000000003,16.717647058823538,19.930588235294138,86.21176470588236,1015.7062745098052,2.040784313725487,4.0,15.8,19.0,1,0.98039,5,10.0,0,83.0,13.0,13.8,5.019960159204453,2.0,10.0,0.2,-3.2,26.0,56,9.5,10.6,8.0,0.1,11,0.0,5,25.40900000000147,,5
2022,19,Austin,3,Daniel Ricciardo,McLaren,17,20,0.842105263157894736842105,0,8,9,4,97.04599999999999,97.38300000000001,112.66075,17.853538778535384,2.6899999999999977,227.0,191.0,209.0,313.0,2,1,12.0,12.8,2.740799999999999,29.28529411764708,35.52352941176471,49.62352941176471,991.1994117647055,5.487058823529408,10.1,28.3,30.7,0,0.00000,11,0.0,0,83.0,11.0,13.0,5.0990195135927845,2.0,10.0,0.2,-2.0,26.0,57,9.0,10.5,7.0,0.1,16,0.0,10,24.42999999999938,,8
2022,20,Mexico City,3,Daniel Ricciardo,McLaren,11,20,0.526315789473684210526316,0,8,3,10,79.325,95.75800000000001,94.65400000000002,13.568067790056018,1.5499999999999972,313.0,293.0,249.0,345.0,4,1,15.0,14.0,2.8583999999999974,24.312727272727287,41.68909090909089,34.442424242424245,780.4072727272716,1.3369696969696967,4.0,22.8,25.5,0,0.00000,16,0.0,0,83.0,10.666666666666666,13.2,5.215361924162119,2.0,10.0,0.2,-0.6,26.0,58,8.666666666666666,10.0,8.6,0.1,7,6.0,12,22.28400000000056,,10
2022,21,São Paulo,3,Daniel Ricciardo,McLaren,14,20,0.684210526315789473684211,0,4,10,17,72.14,81.012,85.76535294117649,12.960742672302658,1.2590000000000003,319.0,257.0,319.0,326.0,4,2,13.0,12.8,2.820599999999996,23.01077844311378,46.04910179640717,76.07784431137725,922.1604790419151,1.4443113772455085,2.9,20.9,25.1,0,0.00000,7,6.0,0,83.0,11.333333333333334,11.2,5.310367218940701,3.2,16.0,0.2,0.2,32.0,59,9.833333333333334,9.2,9.0,0.1,20,0.0,0,,,12
2022,22,Yas Island,3,Daniel Ricciardo,McLaren,10,20,0.473684210526315789473684,1,7,3,10,85.045,85.866,97.8959,13.782175956647775,1.2210000000000036,288.0,319.0,218.0,318.0,5,1,14.0,14.0,2.7335999999999956,28.57548387096773,34.31032258064516,61.68387096774194,1013.5206451612893,2.608387096774191,4.1,27.8,29.7,0,0.00000,20,0.0,1,83.0,14.333333333333334,11.8,6.220932405998316,3.2,16.0,0.2,1.0,32.0,60,12.666666666666666,10.6,7.8,0.2,9,2.0,16,21.885999999999513,,17
2020,1,Spielberg,26,Daniil Kvyat,AlphaTauri,13,20,0.631578947368421052631579,0,12,1,10,64.431,65.658,79.177,19.019136316410954,1.4919999999999973,319.0,250.0,289.0,317.0,4,1,14.333333333333334,13.2,2.028999999999999,28.68416666666667,52.02499999999999,33.8325,938.7708333333335,1.8874999999999997,3.6,26.9,30.0,0,0.00000,,,,80.0,,,,,,,,,0,,,,,12,0.0,11,19.621000000000095,,9
2020,2,Spielberg,26,Daniil Kvyat,AlphaTauri,14,20,0.684210526315789473684211,0,8,6,20,79.717,81.219,85.58825,10.473757752618027,1.891999999999996,292.0,216.0,263.0,292.0,3,1,14.333333333333334,13.0,1.8275999999999968,20.822499999999994,39.92,34.005,945.9099999999996,2.228333333333333,4.5,19.4,22.1,1,0.01667,12,0.0,1,80.0,12.0,12.0,,0.0,0.0,1.0,1.0,0.0,1,9.5,9.5,6.0,0.5,10,1.0,10,22.217999999999847,,3
2020,3,Budapest,26,Daniil Kvyat,AlphaTauri,17,20,0.842105263157894736842105,0,10,7,6,76.20400000000001,77.166,84.86316666666666,9.446626983567558,2.757000000000005,283.0,255.0,261.0,307.0,3,1,13.666666666666666,14.0,1.8637999999999963,20.74179104477611,27.12985074626864,77.19253731343284,986.3149253731342,1.5597014925373138,2.8,19.9,21.8,1,0.01493,10,1.0,0,80.0,11.0,11.0,1.4142135623730951,0.5,1.0,0.5,2.0,1.0,2,11.0,11.0,3.5,0.25,12,0.0,7,22.643999999999778,,-3
2020,4,Silverstone,26,Daniil Kvyat,AlphaTauri,14,20,0.684210526315789473684211,0,11,3,8,86.744,86.851,99.01075,14.745526147179111,2.4410000000000025,315.0,266.0,257.0,318.0,3,1,14.666666666666666,14.8,2.0639999999999974,21.291406249999998,40.63281250000001,44.16796875,998.40859375,3.114062500000001,4.7,20.8,22.1,0,0.00000,12,0.0,0,80.0,11.333333333333334,11.333333333333334,1.1547005383792517,0.3333333333333333,1.0,0.3333333333333333,3.0,1.0,3,12.666666666666666,12.666666666666666,2.3333333333333335,0.3333333333333333,18,0.0,2,,,10
2020,5,Silverstone,26,Daniil Kvyat,AlphaTauri,16,20,0.789473684210526315789474,0,7,9,4,87.882,88.133,99.13225,13.076999945833652,2.7280000000000086,313.0,271.0,251.0,334.0,2,1,15.0,14.4,2.188799999999999,25.28706896551725,43.22758620689654,58.55603448275865,1000.9508620689652,2.236206896551725,4.3,23.5,26.8,0,0.00000,18,0.0,1,80.0,13.333333333333334,13.0,3.4641016151377544,0.25,1.0,0.5,2.5,1.0,4,13.666666666666666,12.625,3.25,0.375,10,1.0,12,25.14800000000014,,1
2020,6,Barcelona,26,Daniil Kvyat,AlphaTauri,12,20,0.578947368421052631578947,0,10,2,8,77.19200000000001,78.293,88.52987499999999,11.638647030322232,1.608000000000004,293.0,297.0,289.0,323.0,4,1,15.666666666666666,14.8,2.262000000000002,29.796899224806182,47.55581395348835,56.38449612403102,997.7038759689932,1.5449612403100779,2.9,28.6,30.7,0,0.00000,10,1.0,0,80.0,13.333333333333334,12.4,3.2863353450309964,0.4,2.0,0.4,3.2,2.0,5,13.0,12.2,2.8,0.3,12,0.0,11,22.057999999999993,,11
2020,7,Spa-Francorchamps,26,Daniil Kvyat,AlphaTauri,11,20,0.526315789473684210526316,0,12,-1,7,102.72999999999999,103.876,117.41100000000002,17.82624252798853,1.4779999999999802,336.0,216.0,228.0,311.0,4,1,14.0,14.6,2.2852000000000032,18.568595041322304,29.82396694214875,54.85289256198344,962.4297520661155,1.4652892561983484,3.3,17.4,20.1,0,0.00000,12,0.0,0,80.0,13.333333333333334,12.4,3.286335345030997,0.4,2.0,0.2,3.0,2.0,6,11.166666666666666,12.4,2.0,0.2,11,0.0,3,23.71900000000005,,3
2020,8,Monza,26,Daniil Kvyat,AlphaTauri,11,20,0.526315789473684210526316,0,10,1,10,80.169,80.815,91.8573,12.486986043699877,1.2819999999999965,322.0,338.0,313.0,343.0,4,1,13.0,14.0,2.2024,28.090909090909104,41.20139860139859,40.12447552447552,990.7804195804187,1.5209790209790213,3.1,27.3,28.9,0,0.00000,11,0.0,0,80.0,11.0,12.6,3.1304951684997055,0.2,1.0,0.2,2.4,2.0,7,10.166666666666666,11.8,2.6,0.2,9,2.0,6,25.930999999999585,,4
2020,9,Mugello,26,Daniil Kvyat,AlphaTauri,12,20,0.578947368421052631578947,0,16,-4,7,76.854,110.068,99.827,21.970026983749168,1.7099999999999937,279.0,260.0,309.0,317.0,4,1,11.333333333333334,12.8,1.9073999999999984,30.169886363636337,43.10227272727272,39.94431818181818,993.6153409090938,2.36477272727273,4.4,29.6,30.7,0,0.00000,9,2.0,0,80.0,10.666666666666666,12.0,3.5355339059327378,0.6,3.0,0.2,1.8,4.0,8,8.333333333333334,9.6,8.0,0.1,7,6.0,6,17.519999999999982,,2
2020,10,Sochi,26,Daniil Kvyat,AlphaTauri,12,20,0.578947368421052631578947,0,9,3,9,93.249,94.81700000000001,111.29122222222222,26.585387192863006,1.9449999999999932,278.0,321.0,169.0,329.0,4,1,11.333333333333334,12.4,1.7611999999999965,28.80606060606062,40.342424242424265,51.36287878787878,1012.878787878789,1.428787878787879,3.2,27.6,30.5,0,0.00000,7,6.0,0,80.0,9.0,9.8,1.9235384061671343,1.8,9.0,0.0,2.6,10.0,9,9.333333333333334,9.8,8.0,0.1,8,4.0,9,29.66700000000037,,5
2020,11,Nürburgring,26,Daniil Kvyat,AlphaTauri,13,20,0.631578947368421052631579,0,12,1,12,86.848,88.14699999999999,100.77033333333334,15.156998667482313,1.5789999999999935,269.0,241.0,259.0,313.0,4,1,11.666666666666666,11.6,1.6045999999999936,9.499999999999998,16.36020408163265,59.40408163265304,947.35918367347,1.6173469387755104,3.1,8.9,9.9,1,0.02041,8,4.0,0,80.0,8.0,9.4,2.073644135332772,2.4,12.0,0.0,2.0,14.0,10,9.0,9.4,9.0,0.1,15,0.0,8,22.536999999999352,,12
2020,12,Portimão,26,Daniil Kvyat,AlphaTauri,13,20,0.631578947368421052631579,0,9,4,18,77.72800000000001,78.408,86.47544444444445,9.282255939170252,1.2620000000000005,280.0,199.0,308.0,323.0,4,1,12.333333333333334,11.8,1.5987999999999913,20.505468749999977,25.71562499999998,67.52812500000002,1007.3406250000008,4.0406249999999995,7.0,20.0,21.0,0,0.00000,15,0.0,0,80.0,10.0,10.0,3.1622776601683795,2.4,12.0,0.0,1.6,14.0,11,10.833333333333334,9.4,10.2,0.1,19,0.0,12,27.238999999999578,,24
2020,13,Imola,26,Daniil Kvyat,AlphaTauri,8,20,0.368421052631578947368421,1,4,4,15,74.696,75.902,86.06060000000001,12.644950137166557,1.0870000000000033,232.0,265.0,284.0,295.0,5,1,12.666666666666666,12.2,1.5555999999999954,18.030400000000004,23.26079999999999,71.13680000000001,1017.8919999999997,1.3415999999999992,3.1,16.9,18.5,0,0.00000,19,0.0,0,80.0,14.0,11.6,5.176871642217914,2.4,12.0,0.0,0.4,14.0,12,10.333333333333334,9.9,11.4,0.1,4,12.0,9,29.837999999999738,,16
2020,14,Istanbul,26,Daniil Kvyat,AlphaTauri,17,20,0.842105263157894736842105,0,15,2,4,129.07,138.922,146.45049999999998,18.26593013417787,21.304999999999993,218.0,257.0,182.0,225.0,2,1,11.333333333333334,11.6,1.5165999999999968,13.095683453237404,15.20575539568346,80.16115107913672,1008.4964028776968,1.066187050359712,2.7,12.1,13.8,1,0.04317,4,12.0,0,80.0,12.666666666666666,10.6,6.18869937870632,4.4,22.0,0.0,0.8,26.0,13,11.5,11.3,8.4,0.2,12,0.0,7,23.38000000000011,,-3
2020,15,Sakhir,26,Daniil Kvyat,AlphaTauri,10,20,0.473684210526315789473684,1,8,2,9,88.618,89.774,99.27833333333335,12.478314098867683,1.3539999999999992,247.0,272.0,293.0,323.0,5,2,12.666666666666666,12.6,5.435599999999996,25.09907407407409,27.54814814814815,67.8472222222222,1015.8972222222209,0.8430555555555546,1.8,24.4,26.6,0,0.00000,12,0.0,0,80.0,11.666666666666666,11.6,5.856620185738529,3.2,16.0,0.0,0.6,26.0,14,12.166666666666666,11.1,7.2,0.1,11,0.0,12,24.16899999999987,,15
2020,16,Sakhir,26,Daniil Kvyat,AlphaTauri,6,20,0.263157894736842105263158,1,9,-3,19,53.856,64.33,64.063,9.639666228661653,0.4789999999999992,294.0,272.0,302.0,330.0,6,2,11.666666666666666,12.2,5.3173999999999975,20.947244094488184,23.46929133858268,58.16929133858269,1015.9417322834645,1.9480314960629923,3.4,20.4,22.0,0,0.00000,11,0.0,0,80.0,9.0,12.2,5.540758070878027,2.4,12.0,0.0,-0.2,26.0,15,11.0,11.1,7.6,0.1,7,6.0,10,24.161000000000058,,23
2020,17,Yas Island,26,Daniil Kvyat,AlphaTauri,7,20,0.315789473684210526315789,1,10,-3,14,95.963,97.28399999999999,108.66821428571428,14.244031776791351,0.7169999999999845,287.0,320.0,227.0,321.0,6,1,11.0,10.8,5.097399999999999,23.121481481481517,27.980000000000008,55.44666666666665,1015.8474074074076,2.5044444444444425,4.0,22.1,23.7,0,0.00000,7,6.0,0,80.0,10.0,10.6,5.683308895353129,3.6,18.0,0.0,0.0,32.0,16,10.0,10.8,7.2,0.1,11,0.0,3,25.721999999999753,,15
2020,1,Spielberg,31,Esteban Ocon,Renault,14,20,0.684210526315789473684211,0,10,4,8,64.643,65.019,73.583375,9.777125927935788,1.7040000000000006,318.0,249.0,289.0,315.0,4,1,11.0,9.4,1.6827999999999974,28.68416666666667,52.02499999999999,33.8325,938.7708333333335,1.8874999999999997,3.6,26.9,30.0,0,0.00000,,,,80.0,,,,,,,,,0,,,,,8,4.0,12,19.48199999999997,,4
2020,2,Spielberg,31,Esteban Ocon,Renault,5,20,0.210526315789473684210526,1,9,-4,28,78.764,82.273,84.53696428571428,6.916855330664647,0.938999999999993,293.0,220.0,264.0,293.0,4,1,12.0,10.6,1.6679999999999993,20.822499999999994,39.92,34.005,945.9099999999996,2.228333333333333,4.5,19.4,22.1,1,0.01667,8,4.0,0,80.0,8.0,8.0,,4.0,4.0,0.0,6.0,4.0,1,13.5,13.5,4.0,0.5,18,0.0,0,,,32
2020,3,Budapest,31,Esteban Ocon,Renault,14,20,0.684210526315789473684211,0,11,3,10,75.719,76.487,86.1069,11.61909543667951,2.2719999999999914,285.0,255.0,263.0,305.0,4,2,9.333333333333334,10.4,1.4741999999999948,20.74179104477611,27.12985074626864,77.19253731343284,986.3149253731342,1.5597014925373138,2.8,19.9,21.8,1,0.01493,18,0.0,1,80.0,13.0,13.0,7.0710678118654755,2.0,4.0,0.5,-3.5,4.0,2,13.25,13.25,4.0,0.5,14,0.0,9,21.83300000000054,,9
2020,4,Silverstone,31,Esteban Ocon,Renault,9,20,0.421052631578947368421053,1,8,1,13,86.209,87.161,97.50776923076923,14.68449203044857,1.906000000000006,314.0,268.0,257.0,319.0,6,1,11.0,11.0,1.6299999999999941,21.291406249999998,40.63281250000001,44.16796875,998.40859375,3.114062500000001,4.7,20.8,22.1,0,0.00000,14,0.0,0,80.0,13.333333333333334,13.333333333333334,5.033222956847166,1.3333333333333333,4.0,0.3333333333333333,-2.3333333333333335,4.0,3,12.5,12.5,4.0,0.3333333333333333,6,8.0,5,30.758000000000266,,9
2020,5,Silverstone,31,Esteban Ocon,Renault,11,20,0.526315789473684210526316,0,5,6,8,87.011,87.929,97.4495,11.37615434645143,1.8569999999999993,315.0,271.0,251.0,330.0,4,2,9.333333333333334,10.2,1.7133999999999971,25.28706896551725,43.22758620689654,58.55603448275865,1000.9508620689652,2.236206896551725,4.3,23.5,26.8,0,0.00000,6,8.0,0,80.0,12.666666666666666,11.5,5.507570547286102,3.0,12.0,0.25,-1.0,12.0,4,9.666666666666666,10.625,8.0,0.25,8,4.0,9,28.126999999999953,,7
2020,6,Barcelona,31,Esteban Ocon,Renault,15,20,0.736842105263157894736842,0,13,2,8,77.56700000000001,77.967,88.733125,11.813854668354438,1.983000000000004,290.0,296.0,284.0,320.0,4,1,11.333333333333334,10.6,1.735599999999998,29.796899224806182,47.55581395348835,56.38449612403102,997.7038759689932,1.5449612403100779,2.9,28.6,30.7,0,0.00000,8,4.0,0,80.0,9.333333333333334,10.8,5.019960159204453,3.2,16.0,0.2,0.4,16.0,5,9.0,10.7,7.2,0.2,13,0.0,9,22.355999999999767,,5
2020,7,Spa-Francorchamps,31,Esteban Ocon,Renault,6,20,0.263157894736842105263158,1,4,2,9,102.396,103.505,115.18733333333333,15.202645024797489,1.1439999999999912,334.0,216.0,230.0,313.0,5,1,11.666666666666666,10.8,1.7913999999999988,18.568595041322304,29.82396694214875,54.85289256198344,962.4297520661155,1.4652892561983484,3.3,17.4,20.1,0,0.00000,13,0.0,0,80.0,9.0,11.8,4.816637831516918,2.4,12.0,0.2,-0.4,16.0,6,9.333333333333334,10.4,6.4,0.1,5,10.0,3,24.296000000000276,,16
2020,8,Monza,31,Esteban Ocon,Renault,12,20,0.578947368421052631578947,0,7,5,8,80.23400000000001,80.79599999999999,93.12075,13.47829226942345,1.3470000000000084,334.0,340.0,319.0,349.0,4,1,10.666666666666666,11.0,1.8323999999999985,28.090909090909104,41.20139860139859,40.12447552447552,990.7804195804187,1.5209790209790213,3.1,27.3,28.9,0,0.00000,5,10.0,0,80.0,8.666666666666666,9.2,4.08656334834051,4.4,22.0,0.0,2.4,26.0,7,9.166666666666666,8.7,10.2,0.0,8,4.0,5,25.267999999999574,,1
2020,9,Mugello,31,Esteban Ocon,Renault,10,20,0.473684210526315789473684,1,8,2,9,76.297,107.09,99.4781111111111,22.404408753883935,1.1529999999999916,280.0,260.0,308.0,314.0,5,1,11.0,10.6,1.6474000000000018,30.169886363636337,43.10227272727272,39.94431818181818,993.6153409090938,2.36477272727273,4.4,29.6,30.7,0,0.00000,8,4.0,0,80.0,8.666666666666666,8.0,3.082207001484488,5.2,26.0,0.0,3.2,30.0,8,7.833333333333333,7.9,11.8,0.0,14,0.0,1,17.44900000000007,,10
2020,10,Sochi,31,Esteban Ocon,Renault,7,20,0.315789473684210526315789,1,5,2,11,92.624,95.24000000000001,106.65609090909089,15.730342573857353,1.3199999999999932,277.0,327.0,172.0,333.0,6,2,9.333333333333334,10.8,1.496799999999999,28.80606060606062,40.342424242424265,51.36287878787878,1012.878787878789,1.428787878787879,3.2,27.6,30.5,0,0.00000,14,0.0,1,80.0,9.0,9.6,3.7815340802378077,3.6,18.0,0.2,1.8,30.0,9,6.833333333333333,8.7,10.2,0.1,7,6.0,4,30.0570000000007,,14
2020,11,Nürburgring,31,Esteban Ocon,Renault,7,20,0.315789473684210526315789,1,6,1,14,86.242,87.904,99.78285714285714,13.595760763828286,0.972999999999999,271.0,241.0,260.0,317.0,6,1,9.666666666666666,10.0,1.3893999999999977,9.499999999999998,16.36020408163265,59.40408163265304,947.35918367347,1.6173469387755104,3.1,8.9,9.9,1,0.02041,7,6.0,0,80.0,9.666666666666666,9.4,3.9115214431215892,4.0,20.0,0.2,0.6,36.0,10,7.333333333333333,7.7,12.6,0.1,18,0.0,4,,,30
2020,12,Portimão,31,Esteban Ocon,Renault,11,20,0.526315789473684210526316,0,10,1,14,77.614,85.864,87.30499999999999,9.663813413570631,1.1479999999999961,279.0,200.0,314.0,326.0,4,1,8.0,8.4,1.1873999999999967,20.505468749999977,25.71562499999998,67.52812500000002,1007.3406250000008,4.0406249999999995,7.0,20.0,21.0,0,0.00000,18,0.0,1,80.0,13.0,10.4,5.412947441089743,4.0,20.0,0.4,-2.0,36.0,11,8.5,7.4,15.6,0.2,8,4.0,8,28.435999999999694,,6
2020,13,Imola,31,Esteban Ocon,Renault,12,20,0.578947368421052631578947,0,5,7,10,75.201,76.07,87.7089,13.146734291999836,1.5919999999999987,232.0,264.0,287.0,297.0,4,1,8.333333333333334,9.4,1.1881999999999977,18.030400000000004,23.26079999999999,71.13680000000001,1017.8919999999997,1.3415999999999992,3.1,16.9,18.5,0,0.00000,8,4.0,0,80.0,11.0,11.0,4.795831523312719,2.8,14.0,0.4,-1.6,40.0,12,8.333333333333334,8.2,12.2,0.2,19,0.0,1,31.740999999999985,,15
2020,14,Istanbul,31,Esteban Ocon,Renault,7,20,0.315789473684210526315789,1,5,2,18,112.622,119.87100000000001,122.85655555555553,7.669697526225576,4.856999999999999,251.0,271.0,216.0,243.0,5,2,10.0,9.4,1.2371999999999956,13.095683453237404,15.20575539568346,80.16115107913672,1008.4964028776968,1.066187050359712,2.7,12.1,13.8,1,0.04317,19,0.0,1,80.0,15.0,13.2,5.540758070878027,2.0,10.0,0.6,-3.8,40.0,13,10.0,9.0,12.8,0.3,11,0.0,11,23.519999999999982,,23
2020,15,Sakhir,31,Esteban Ocon,Renault,7,20,0.315789473684210526315789,1,6,1,7,88.419,89.203,100.61342857142857,15.37156985972418,1.1550000000000011,246.0,274.0,294.0,326.0,4,2,10.0,8.8,1.9779999999999973,25.09907407407409,27.54814814814815,67.8472222222222,1015.8972222222209,0.8430555555555546,1.8,24.4,26.6,0,0.00000,11,0.0,0,80.0,12.666666666666666,12.6,5.594640292279746,2.0,10.0,0.4,-3.8,40.0,14,10.0,9.3,10.6,0.2,9,2.0,13,24.110999999998967,,23
2020,16,Sakhir,31,Esteban Ocon,Renault,11,20,0.526315789473684210526316,0,7,4,9,53.995,71.74,67.87155555555556,13.739786225694264,0.617999999999995,291.0,272.0,299.0,329.0,4,2,8.666666666666666,8.8,1.944999999999999,20.947244094488184,23.46929133858268,58.16929133858269,1015.9417322834645,1.9480314960629923,3.4,20.4,22.0,0,0.00000,9,2.0,0,80.0,13.0,13.0,5.1478150704935,1.2,6.0,0.4,-4.2,42.0,15,9.833333333333334,9.7,9.0,0.2,2,18.0,11,24.413000000000466,,11
2020,17,Yas Island,31,Esteban Ocon,Renault,11,20,0.526315789473684210526316,0,12,-1,8,96.35900000000001,104.35900000000001,111.94062500000001,14.652370436578314,1.1129999999999995,290.0,320.0,226.0,323.0,4,2,8.333333333333334,9.6,1.8739999999999981,23.121481481481517,27.980000000000008,55.44666666666665,1015.8474074074076,2.5044444444444425,4.0,22.1,23.7,0,0.00000,2,18.0,0,80.0,7.333333333333333,9.8,6.1400325732035,4.8,24.0,0.2,-0.2,60.0,16,7.333333333333333,8.3,11.6,0.1,9,2.0,4,21.324999999999818,,2
2021,1,Sakhir,31,Esteban Ocon,Alpine,16,20,0.789473684210526315789474,0,9,7,4,91.724,92.387,103.8025,13.775075861860072,2.727000000000004,243.0,268.0,284.0,315.0,2,1,9.666666666666666,9.6,1.8669999999999987,20.538345864661654,27.627819548872182,54.51729323308271,1014.9105263157908,0.8872180451127818,1.4,20.4,20.9,0,0.00000,9,2.0,0,83.0,6.666666666666667,10.0,6.082762530298219,4.4,22.0,0.2,-0.6,,17,,,,,13,0.0,11,24.460000000000036,,5
2021,2,Imola,31,Esteban Ocon,Alpine,9,20,0.421052631578947368421053,1,15,-6,11,75.117,76.115,85.6149090909091,11.85839046797284,0.7060000000000031,234.0,261.0,286.0,292.0,6,1,12.666666666666666,10.4,2.094,10.621118012422354,16.827329192546586,69.48881987577641,1011.2527950310558,0.4788819875776397,1.1,9.2,12.3,1,0.40994,13,0.0,0,83.0,8.0,8.8,4.147288270665544,4.4,22.0,0.0,1.4,0.0,18,16.0,16.0,0.0,0.5,9,2.0,14,30.641999999999825,,18
2021,3,Portimão,31,Esteban Ocon,Alpine,6,20,0.263157894736842105263158,1,13,-7,11,78.586,80.10300000000001,86.80172727272728,8.652008357496069,0.617999999999995,289.0,198.0,297.0,318.0,5,1,12.0,10.8,1.2638000000000005,19.39253731343283,38.9507462686567,39.40373134328356,1004.8134328358209,0.8373134328358207,1.4,18.1,20.0,0,0.00000,9,2.0,0,83.0,10.333333333333334,8.4,3.9749213828703582,4.8,24.0,0.0,2.2,2.0,19,12.75,12.75,1.5,0.25,7,6.0,7,21.654999999999745,,20
2021,4,Barcelona,31,Esteban Ocon,Alpine,5,20,0.210526315789473684210526,1,10,-5,9,77.58,78.281,89.24511111111113,13.589123623733471,0.8389999999999986,286.0,304.0,287.0,318.0,5,1,10.333333333333334,10.6,1.1563999999999992,22.203076923076917,32.92230769230769,57.55307692307693,993.5746153846156,0.4576923076923076,0.9,21.3,23.5,0,0.00000,7,6.0,0,83.0,9.666666666666666,8.0,4.0,5.6,28.0,0.0,2.4,8.0,20,11.0,11.0,4.333333333333333,0.16666666666666666,9,2.0,4,22.778999999999996,,20
2021,5,Monte Carlo,31,Esteban Ocon,Alpine,11,19,0.555555555555555555555556,0,17,-6,18,71.486,79.81700000000001,82.74916666666667,11.160390485736494,1.1400000000000006,222.0,208.0,269.0,280.0,4,1,6.666666666666667,9.4,1.2006000000000001,20.760740740740758,37.59555555555557,61.42444444444447,1015.5711111111107,0.31629629629629613,0.6,20.3,21.5,0,0.00000,9,2.0,0,83.0,8.333333333333334,9.4,2.1908902300206647,2.4,12.0,0.0,-0.2,10.0,21,10.0,11.5,3.75,0.125,9,2.0,3,23.698999999999614,,1
2021,6,Baku,31,Esteban Ocon,Alpine,12,20,0.578947368421052631578947,0,9,3,4,102.273,102.426,108.18975,11.569934842081002,1.0549999999999926,225.0,235.0,333.0,313.0,3,1,7.333333333333333,9.4,1.2060000000000002,24.170930232558128,38.31453488372088,55.805232558139544,1014.7308139534875,0.2837209302325581,0.8,22.9,25.5,0,0.00000,9,2.0,0,83.0,8.333333333333334,9.4,2.1908902300206643,2.4,12.0,0.0,0.0,12.0,22,10.5,11.4,3.4,0.1,20,0.0,0,,,16
2021,7,Le Castellet,31,Esteban Ocon,Alpine,11,20,0.526315789473684210526316,0,9,2,3,91.736,91.762,91.879,0.22554157044767145,1.7460000000000093,123.0,279.0,299.0,327.0,3,2,9.333333333333334,8.6,0.8715999999999979,25.314399999999992,35.22879999999999,58.63039999999999,960.6376,1.1655999999999997,1.8,23.8,27.4,0,0.00000,20,0.0,1,83.0,12.666666666666666,10.8,5.215361924162119,2.4,12.0,0.2,-2.2,12.0,23,12.333333333333334,10.8,5.0,0.1,14,0.0,8,30.079000000000633,,14
2021,8,Spielberg,31,Esteban Ocon,Alpine,17,20,0.842105263157894736842105,0,9,8,4,65.217,65.48,82.88874999999999,24.042133257748432,1.3759999999999977,315.0,246.0,284.0,312.0,2,1,11.333333333333334,9.0,1.0795999999999992,26.692372881355922,52.352542372881345,33.24661016949152,938.4771186440671,0.3677966101694914,1.2,26.0,27.3,0,0.00000,14,0.0,0,83.0,14.333333333333334,11.8,5.263078946776307,2.0,10.0,0.2,-2.8,12.0,24,11.666666666666666,11.1,5.2,0.1,14,0.0,8,21.222000000000662,,2
2021,9,Spielberg,31,Esteban Ocon,Alpine,17,20,0.842105263157894736842105,0,14,3,4,65.051,65.436,74.27100000000002,10.820364165159445,1.331000000000003,314.0,248.0,291.0,311.0,2,1,13.333333333333334,11.2,1.2311999999999999,20.966025641025656,33.18397435897434,49.730769230769255,934.7211538461531,0.348076923076923,0.9,19.0,22.6,1,0.03846,14,0.0,0,83.0,16.0,13.2,4.54972526643093,0.8,4.0,0.2,-2.0,12.0,25,11.833333333333334,11.9,3.6,0.1,20,0.0,0,,,6
2021,10,Silverstone,31,Esteban Ocon,Alpine,13,20,0.631578947368421052631579,0,11,2,8,87.34,87.963,99.8745,13.240534009515736,1.3170000000000073,318.0,270.0,251.0,327.0,4,1,15.0,13.6,1.3296000000000006,29.4,50.931521739130446,37.20217391304347,1007.2461956521738,0.317934782608696,0.8,28.4,30.1,0,0.00000,20,0.0,1,83.0,16.0,15.4,4.669047011971501,0.4,2.0,0.4,-1.8,12.0,26,12.5,12.3,3.4,0.2,9,2.0,5,28.771999999999935,,-1
2021,11,Budapest,31,Esteban Ocon,Alpine,8,20,0.368421052631578947368421,1,9,-1,8,76.65299999999999,77.286,86.3015,12.932743218005108,1.2339999999999947,278.0,252.0,258.0,298.0,5,1,15.666666666666666,14.0,1.365000000000002,27.22670157068063,37.82251308900524,68.61570680628276,977.6308900523562,0.5675392670157061,1.2,25.7,29.1,1,0.30366,9,2.0,0,83.0,14.333333333333334,15.4,4.669047011971501,0.4,2.0,0.4,-2.2,14.0,27,11.5,11.7,4.6,0.2,1,25.0,3,21.66899999999987,,17
2021,12,Spa-Francorchamps,31,Esteban Ocon,Alpine,9,20,0.421052631578947368421053,1,14,-5,16,117.354,123.953,128.89156250000002,9.92778524457998,1.3289999999999935,314.0,184.0,215.0,302.0,5,2,12.666666666666666,13.2,1.4008000000000025,13.012413793103491,15.258620689655164,96.4358620689655,970.2217241379296,0.5113793103448276,1.0,12.4,13.4,1,0.84138,1,25.0,0,83.0,10.0,11.6,7.092249290598858,5.4,27.0,0.2,0.8,39.0,28,8.5,9.6,10.4,0.1,7,3.0,0,15386.148,,4
2021,13,Zandvoort,31,Esteban Ocon,Alpine,8,20,0.368421052631578947368421,1,9,-1,9,69.919,70.732,80.54966666666667,12.246563926261114,1.0339999999999918,277.0,289.0,303.0,312.0,5,1,10.0,12.8,1.3173999999999992,21.50443037974685,36.10569620253166,54.10822784810126,1021.5056962025316,0.442405063291139,0.9,20.4,22.4,0,0.00000,7,3.0,0,83.0,5.666666666666667,10.2,7.19027120489902,6.0,30.0,0.2,1.6,42.0,29,6.5,9.2,10.2,0.1,9,2.0,2,18.88799999999992,,9
2021,14,Monza,31,Esteban Ocon,Alpine,14,20,0.684210526315789473684211,0,13,1,8,81.10300000000001,82.34,94.68937500000001,14.277467742040251,1.5480000000000018,322.0,333.0,312.0,335.0,4,1,8.333333333333334,11.0,1.2489999999999981,28.885234899328868,43.52751677852349,33.2758389261745,994.4879194630865,0.3429530201342281,0.7,27.8,29.6,0,0.00000,9,2.0,0,83.0,5.666666666666667,9.2,6.870225614927067,6.4,32.0,0.2,0.8,44.0,30,6.333333333333333,8.4,11.8,0.1,10,1.0,3,30.34900000000016,,-4
2021,15,Sochi,31,Esteban Ocon,Alpine,10,20,0.473684210526315789473684,1,6,4,19,105.86500000000001,110.437,115.07231578947369,9.012531066690984,3.872000000000014,252.0,298.0,146.0,294.0,5,2,10.333333333333334,10.4,1.2923999999999978,19.13860759493674,21.75696202531647,61.94746835443034,1023.1310126582275,0.29050632911392416,0.9,17.4,19.5,1,0.10127,10,1.0,0,83.0,8.666666666666666,7.2,3.63318042491699,6.6,33.0,0.0,1.8,45.0,31,8.5,7.2,12.6,0.0,14,0.0,11,29.670000000000073,,20
2021,16,Istanbul,31,Esteban Ocon,Alpine,12,20,0.578947368421052631578947,0,6,6,14,84.842,98.582,100.428,14.259810026785072,1.9740000000000038,283.0,292.0,251.0,326.0,4,2,10.666666666666666,9.8,1.8033999999999992,15.825477707006387,18.180891719745237,93.52484076433116,1006.4101910828001,0.4866242038216559,0.8,15.5,16.1,0,0.00000,14,0.0,0,83.0,11.0,8.2,4.764451699828638,6.2,31.0,0.0,0.8,45.0,32,8.833333333333334,7.6,12.6,0.0,10,1.0,4,,,1
2021,17,Austin,31,Esteban Ocon,Alpine,11,20,0.526315789473684210526316,0,14,-3,8,95.37700000000001,96.09899999999999,111.415,16.960153747618477,2.467000000000013,233.0,191.0,212.0,332.0,4,2,12.0,10.6,1.951400000000001,28.148447204968935,37.470807453416164,61.19254658385094,992.1298136645961,0.8540372670807448,1.5,26.4,29.5,0,0.00000,10,1.0,0,83.0,11.333333333333334,10.0,2.5495097567963927,1.4,7.0,0.0,-0.2,46.0,33,10.666666666666666,9.7,5.4,0.0,19,0.0,4,23.97400000000016,,20
2021,18,Mexico City,31,Esteban Ocon,Alpine,15,20,0.736842105263157894736842,0,16,-1,8,78.126,81.06700000000001,91.594875,14.854427905870834,2.2510000000000048,314.0,294.0,253.0,345.0,3,2,11.0,11.0,2.1790000000000047,21.20670731707316,47.57926829268294,31.2109756097561,784.2134146341465,0.3664634146341462,0.8,19.2,23.2,0,0.00000,19,0.0,1,83.0,14.333333333333334,12.4,4.159326868617084,0.8,4.0,0.2,-2.0,46.0,34,13.833333333333334,11.6,4.8,0.2,13,0.0,5,23.391999999999825,,1
2021,19,São Paulo,31,Esteban Ocon,Alpine,11,20,0.526315789473684210526316,0,10,1,10,69.189,69.925,81.6919,13.580355579128096,1.2549999999999955,321.0,265.0,325.0,324.0,4,1,12.666666666666666,12.4,2.4224000000000077,23.137341772151892,51.56139240506331,60.10126582278483,926.9303797468358,0.39177215189873377,0.8,22.5,24.0,0,0.00000,13,0.0,0,83.0,14.0,13.2,3.7013511046643495,0.4,2.0,0.2,-0.6,46.0,35,14.166666666666666,12.3,3.2,0.2,8,4.0,9,18.14800000000014,,7
2021,20,Lusail,31,Esteban Ocon,Alpine,9,20,0.421052631578947368421053,1,5,4,10,82.012,82.565,97.8639,20.127080355967074,1.1850000000000023,249.0,278.0,314.0,324.0,6,1,12.333333333333334,11.8,2.363800000000006,26.41513157894735,30.603289473684203,75.54013157894735,1012.3072368421057,0.4230263157894732,0.8,26.0,27.4,1,0.01974,8,4.0,0,83.0,13.333333333333334,12.8,4.207136793592526,1.0,5.0,0.2,-1.0,50.0,36,12.666666666666666,12.2,3.4,0.2,5,10.0,10,25.464999999999236,,14
2021,21,Jeddah,31,Esteban Ocon,Alpine,9,20,0.421052631578947368421053,1,13,-4,18,88.574,94.45400000000001,106.75955555555555,19.030000442713423,1.0630000000000024,295.0,315.0,307.0,323.0,4,2,11.666666666666666,11.6,1.8264000000000038,28.816062176165733,31.684974093264252,76.20310880829015,1013.7974093264247,0.2715025906735748,0.6,28.5,29.2,0,0.00000,5,10.0,0,83.0,8.666666666666666,11.0,5.338539126015656,3.0,15.0,0.2,0.8,60.0,37,7.833333333333333,11.0,6.8,0.2,4,12.0,4,997.1369999999997,,8
2021,22,Yas Island,31,Esteban Ocon,Alpine,9,20,0.421052631578947368421053,1,11,-2,13,83.389,84.318,98.20723076923075,16.931707056849714,1.279999999999987,294.0,319.0,224.0,325.0,6,1,9.666666666666666,11.0,1.6442000000000037,24.51910828025481,28.46560509554141,59.05477707006371,1017.7108280254776,0.41464968152866166,0.7,23.5,25.7,0,0.00000,4,12.0,0,83.0,5.666666666666667,9.8,6.220932405998316,5.2,26.0,0.2,1.4,72.0,38,7.0,10.1,9.0,0.2,9,2.0,7,21.68499999999949,,11
2022,1,Sakhir,31,Esteban Ocon,Alpine,11,20,0.526315789473684210526316,0,8,3,8,91.782,92.667,105.39025000000001,14.795042564994533,1.2240000000000038,240.0,269.0,287.0,320.0,4,1,9.0,10.6,1.4067999999999983,23.617791411042962,28.610429447852766,29.49079754601227,1010.3858895705521,0.3049079754601232,0.8,22.3,25.7,0,0.00000,9,2.0,0,83.0,6.0,7.8,3.5637059362410923,5.6,28.0,0.0,3.0,,39,7.0,8.1,10.2,0.0,7,6.0,12,24.41699999999946,,10
2022,2,Jeddah,31,Esteban Ocon,Alpine,5,20,0.210526315789473684210526,1,7,-2,14,89.068,99.37700000000001,105.96878571428574,15.175922727888976,15.397999999999996,288.0,320.0,303.0,326.0,5,1,9.666666666666666,9.8,1.2013999999999982,25.42039473684213,28.4092105263158,59.66447368421053,1012.7776315789473,2.3592105263157874,4.0,25.3,25.6,0,0.00000,7,6.0,0,83.0,6.666666666666667,6.6,2.073644135332772,6.8,34.0,0.0,2.6,6.0,40,8.333333333333334,7.5,11.4,0.0,6,8.0,6,21.128999999999905,,22
2022,3,Melbourne,31,Esteban Ocon,Alpine,8,20,0.368421052631578947368421,1,10,-2,16,79.061,79.845,92.65225,14.520355971302262,1.193000000000012,286.0,308.0,304.0,320.0,6,1,8.333333333333334,8.6,4.0299999999999985,26.697435897435888,37.40833333333329,43.65384615384615,1014.2461538461532,1.8128205128205122,4.4,25.8,27.4,0,0.00000,6,8.0,0,83.0,7.333333333333333,6.2,1.9235384061671346,7.6,38.0,0.0,2.4,14.0,41,9.166666666666666,8.0,11.8,0.1,7,6.0,6,19.11499999999978,,13
2022,4,Imola,31,Esteban Ocon,Alpine,19,20,0.947368421052631578947368,0,5,14,6,82.338,88.361,101.44383333333333,20.661523791014705,3.6599999999999966,217.0,256.0,272.0,285.0,3,1,8.0,8.4,4.0316,12.899367088607601,17.418987341772137,83.17088607594937,1001.0386075949358,1.4822784810126568,2.5,11.1,14.2,0,0.00000,7,6.0,0,83.0,6.666666666666667,6.6,1.816590212458495,6.8,34.0,0.0,1.8,20.0,42,10.333333333333334,9.6,8.0,0.1,14,0.0,2,31.414999999999964,,-8
2022,5,Miami,31,Esteban Ocon,Alpine,20,20,1.000000000000000000000000,0,11,9,,,,,,,,,,,,,10.666666666666666,10.4,4.550999999999999,30.61728395061729,42.81975308641976,58.858024691358025,1009.3049382716049,2.26728395061728,5.0,29.4,32.3,1,0.05556,14,0.0,0,83.0,9.0,8.6,3.2093613071762426,4.4,22.0,0.0,1.2,20.0,43,13.166666666666666,11.2,5.6,0.2,8,4.0,10,19.028000000000247,,-10
2022,6,Barcelona,31,Esteban Ocon,Alpine,12,20,0.578947368421052631578947,0,17,-5,6,80.638,81.037,97.774,22.835481961193633,1.8880000000000052,288.0,303.0,283.0,322.0,3,1,15.666666666666666,12.6,5.368750000000002,36.56585365853659,48.95731707317072,7.109756097560975,996.0158536585362,3.4884146341463396,5.5,35.9,37.2,0,0.00000,8,4.0,0,83.0,9.666666666666666,8.4,3.209361307176242,4.8,24.0,0.0,3.6,24.0,44,12.666666666666666,11.4,5.2,0.2,7,6.0,9,22.040000000000873,,5
2022,7,Monaco,31,Esteban Ocon,Alpine,10,20,0.473684210526315789473684,1,7,3,15,72.528,91.906,88.43186666666665,13.664384607264173,1.152000000000001,214.0,200.0,271.0,281.0,7,1,17.0,12.8,5.5347500000000025,22.274693877550995,31.038367346938788,75.66530612244898,1002.9922448979627,0.9902040816326523,3.2,20.9,24.3,1,0.43673,7,6.0,0,83.0,9.666666666666666,8.4,3.2093613071762426,4.8,24.0,0.0,3.8,30.0,45,11.333333333333334,11.4,5.2,0.2,12,0.0,3,24.83599999999933,,8
2022,8,Baku,31,Esteban Ocon,Alpine,13,20,0.631578947368421052631579,0,10,3,8,103.58500000000001,112.527,116.65475,12.169932794156496,2.225999999999999,220.0,227.0,342.0,323.0,3,1,14.0,13.8,1.9732500000000037,25.435403726708074,47.149689440993804,59.49068322981366,1009.9012422360254,1.5291925465838494,2.9,24.9,26.1,0,0.00000,12,0.0,0,83.0,9.0,9.6,3.209361307176242,3.2,16.0,0.0,3.6,30.0,46,9.0,11.1,4.8,0.1,10,1.0,5,22.61999999999989,,0
2022,9,Montréal,31,Esteban Ocon,Alpine,7,20,0.315789473684210526315789,1,2,5,25,83.529,93.548,95.72244,10.101167358610912,2.2299999999999898,249.0,274.0,276.0,303.0,5,2,11.666666666666666,14.8,2.2315000000000005,20.762962962962966,41.261111111111084,28.925925925925927,1012.4012345679009,3.5524691358024683,5.6,18.8,22.3,0,0.00000,10,1.0,0,83.0,9.666666666666666,10.2,2.8635642126552705,2.2,11.0,0.0,4.0,31.0,47,8.666666666666666,10.4,5.0,0.1,6,8.0,4,23.943999999999505,,14
2022,10,Silverstone,31,Esteban Ocon,Alpine,15,20,0.736842105263157894736842,0,7,8,15,101.72999999999999,105.809,108.87233333333333,7.3176984834876935,2.600999999999999,293.0,241.0,227.0,295.0,2,1,10.0,12.4,1.8739999999999988,18.253201970443335,30.026108374384233,59.748768472906406,1002.3581280788169,1.4561576354679806,3.9,17.5,19.2,1,0.04433,6,8.0,0,83.0,9.333333333333334,8.6,2.4083189157584592,3.8,19.0,0.0,3.8,39.0,48,8.5,8.6,7.0,0.0,15,0.0,7,30.28899999999885,,7
2022,11,Spielberg,31,Esteban Ocon,Alpine,5,20,0.210526315789473684210526,1,8,-3,19,65.726,67.298,79.80952631578947,16.41213306729852,0.7420000000000044,312.0,248.0,284.0,316.0,6,1,11.666666666666666,11.4,2.0193999999999988,20.255921052631592,30.74671052631582,35.13815789473684,939.7124999999984,1.2552631578947366,3.9,19.7,21.1,0,0.00000,15,0.0,1,83.0,10.333333333333334,10.0,3.6742346141747673,3.0,15.0,0.2,1.4,39.0,49,8.666666666666666,8.7,8.2,0.1,5,10.0,9,21.712000000000444,,25
2022,12,Le Castellet,31,Esteban Ocon,Alpine,12,20,0.578947368421052631578947,0,7,5,6,93.048,93.469,110.3165,26.22091843357131,2.176000000000002,122.0,278.0,299.0,331.0,4,1,9.0,10.0,1.7901999999999987,30.164843750000003,54.46171874999998,47.734375,967.9078124999985,1.9460937500000002,4.0,29.1,30.8,0,0.00000,5,10.0,0,83.0,8.666666666666666,9.6,4.159326868617084,3.8,19.0,0.2,0.6,49.0,50,8.333333333333334,8.6,8.8,0.1,8,4.0,3,44.724999999999454,,-1
2022,13,Budapest,31,Esteban Ocon,Alpine,5,20,0.210526315789473684210526,1,6,-1,13,78.018,80.499,91.49092307692308,15.216287893030605,0.6410000000000053,279.0,255.0,257.0,300.0,6,1,10.666666666666666,10.4,1.9949999999999988,18.55988023952095,26.72095808383233,69.31736526946108,985.5814371257485,4.034131736526945,5.8,17.8,19.4,1,0.27545,8,4.0,0,83.0,9.333333333333334,8.8,3.96232255123179,4.6,23.0,0.2,1.4,53.0,51,8.166666666666666,8.1,10.0,0.1,9,2.0,7,23.605999999999767,,23
2022,14,Spa-Francorchamps,31,Esteban Ocon,Alpine,5,20,0.210526315789473684210526,1,6,-1,8,105.18,124.589,124.29025,16.88970805592227,1.5150000000000148,334.0,205.0,222.0,312.0,5,1,7.333333333333333,8.8,1.6780000000000002,21.78717948717949,36.083974358974366,40.51923076923077,971.0519230769214,1.5192307692307678,3.5,20.7,22.5,0,0.00000,9,2.0,0,83.0,7.333333333333333,8.6,3.9115214431215897,4.8,24.0,0.2,0.0,55.0,52,7.666666666666667,8.1,9.8,0.1,7,6.0,12,23.506999999999607,,28
2022,15,Zandvoort,31,Esteban Ocon,Alpine,12,20,0.578947368421052631578947,0,13,-1,8,71.605,72.222,84.31625,13.280865513426235,1.2630000000000052,283.0,284.0,314.0,322.0,4,1,7.333333333333333,8.4,1.535000000000005,22.730061349693237,33.44601226993866,75.38036809815951,1017.1098159509202,1.0619631901840485,2.0,22.3,23.3,0,0.00000,7,6.0,0,83.0,8.0,8.8,3.7682887362833544,4.4,22.0,0.2,1.6,61.0,53,7.166666666666667,7.8,11.0,0.1,9,2.0,6,14.106999999999971,,2
2022,16,Monza,31,Esteban Ocon,Alpine,11,20,0.526315789473684210526316,0,10,1,7,82.13,82.181,94.787,16.387209921154977,1.968999999999994,320.0,334.0,309.0,341.0,4,1,7.333333333333333,7.8,1.2674000000000063,27.734693877551035,43.138775510204084,33.14965986394558,993.340136054421,1.3612244897959178,2.7,26.4,28.5,0,0.00000,9,2.0,0,83.0,8.333333333333334,7.6,1.6733200530681511,4.8,24.0,0.0,2.2,63.0,54,7.333333333333333,7.3,11.0,0.0,11,0.0,10,24.384000000000015,,10
2022,17,Marina Bay,31,Esteban Ocon,Alpine,18,20,0.894736842105263157894737,0,5,13,7,116.337,117.439,124.21685714285714,10.06376414715308,6.924999999999997,289.0,262.0,241.0,279.0,1,1,9.333333333333334,9.0,1.5128000000000044,26.232549019607895,28.973333333333354,87.44705882352942,1008.1439215686289,0.929803921568626,2.7,24.3,27.7,1,0.18039,11,0.0,0,83.0,9.0,8.8,1.4832396974191326,2.8,14.0,0.0,2.6,63.0,55,9.5,8.8,8.8,0.1,16,0.0,2,,,-2
2022,18,Suzuka,31,Esteban Ocon,Alpine,5,20,0.210526315789473684210526,1,7,-2,12,90.16499999999999,91.106,106.21066666666665,16.423349062363695,0.86099999999999,280.0,302.0,266.0,301.0,6,1,13.666666666666666,10.2,2.4626000000000032,16.717647058823538,19.930588235294138,86.21176470588236,1015.7062745098052,2.040784313725487,4.0,15.8,19.0,1,0.98039,16,0.0,1,83.0,12.0,10.4,3.4351128074635335,2.0,10.0,0.2,2.4,63.0,56,13.166666666666666,10.8,6.4,0.3,4,12.0,2,25.483000000000175,,18
2022,19,Austin,31,Esteban Ocon,Alpine,18,20,0.894736842105263157894737,0,9,9,4,97.068,97.229,111.42875000000001,16.529004091293583,2.7120000000000033,231.0,190.0,209.0,319.0,2,1,11.333333333333334,10.2,2.5066,29.28529411764708,35.52352941176471,49.62352941176471,991.1994117647055,5.487058823529408,10.1,28.3,30.7,0,0.00000,4,12.0,0,83.0,10.333333333333334,9.4,4.505552130427524,4.0,20.0,0.2,3.4,75.0,57,12.5,10.2,8.8,0.3,11,0.0,18,24.730999999999767,,4
2022,20,Mexico City,31,Esteban Ocon,Alpine,10,20,0.473684210526315789473684,1,9,1,11,79.01,80.208,88.00245454545454,10.0239975794454,1.2349999999999994,313.0,292.0,250.0,346.0,6,1,13.666666666666666,12.8,2.7459999999999978,24.312727272727287,41.68909090909089,34.442424242424245,780.4072727272716,1.3369696969696967,4.0,22.8,25.5,0,0.00000,11,0.0,0,83.0,10.333333333333334,10.2,4.324349662087931,2.8,14.0,0.2,2.0,75.0,58,10.5,10.8,6.8,0.3,8,4.0,6,22.313000000000102,,7
2022,21,São Paulo,31,Esteban Ocon,Alpine,6,20,0.263157894736842105263158,1,7,-1,16,71.587,78.53399999999999,83.4139375,12.137204266050453,0.7060000000000031,322.0,259.0,322.0,327.0,5,2,11.0,12.4,2.7403999999999966,23.01077844311378,46.04910179640717,76.07784431137725,922.1604790419151,1.4443113772455085,2.9,20.9,25.1,0,0.00000,8,4.0,0,83.0,7.666666666666667,10.0,4.415880433163924,3.2,16.0,0.2,1.75,79.0,59,9.333333333333334,12.0,5.6,0.4,8,4.0,12,23.962999999999738,,25
2022,22,Yas Island,31,Esteban Ocon,Alpine,8,20,0.368421052631578947368421,1,11,-3,11,84.83,99.65899999999999,99.71354545454547,14.436300006328741,1.0060000000000002,291.0,321.0,219.0,324.0,6,1,11.333333333333334,11.4,2.4877999999999987,28.57548387096773,34.31032258064516,61.68387096774194,1013.5206451612893,2.608387096774191,4.1,27.8,29.7,0,0.00000,8,4.0,0,83.0,9.0,9.4,4.449719092257398,4.0,20.0,0.2,3.0,83.0,60,9.666666666666666,10.3,8.4,0.3,7,6.0,7,21.65900000000056,,14
2023,1,Sakhir,31,Esteban Ocon,Alpine,9,20,0.421052631578947368421053,1,20,-11,9,90.914,92.36699999999999,104.80855555555554,15.872040512416095,1.206000000000003,242.0,270.0,287.0,321.0,5,1,8.0,9.4,1.3039999999999992,27.43167701863353,31.01180124223602,21.496894409937887,1016.863975155279,0.6832298136645952,2.2,26.2,29.8,0,0.00000,7,6.0,0,86.0,7.666666666666667,7.6,2.5099800796022267,5.2,26.0,0.0,3.0,,61,11.166666666666666,9.6,9.6,0.2,18,0.0,8,24.98399999999947,,28
2023,2,Jeddah,31,Esteban Ocon,Alpine,7,20,0.315789473684210526315789,1,10,-3,19,89.078,103.789,104.82126315789473,14.39849518310895,0.8130000000000024,290.0,320.0,306.0,327.0,5,1,7.666666666666667,10.2,1.3730000000000018,26.09189189189191,31.792567567567573,57.79054054054054,1010.9297297297305,1.7722972972972975,3.7,25.8,26.4,0,0.00000,18,0.0,1,86.0,11.0,10.4,4.505552130427524,2.8,14.0,0.2,0.5,0.0,62,11.166666666666666,11.2,6.4,0.3,8,4.0,2,20.79699999999957,,12
2023,3,Melbourne,31,Esteban Ocon,Alpine,11,20,0.526315789473684210526316,0,9,2,15,77.768,93.97800000000001,93.47453333333333,15.900916805853266,1.0360000000000014,285.0,321.0,307.0,321.0,3,1,8.0,8.0,0.9932000000000016,17.449549549549555,30.139639639639615,54.15765765765766,1018.3666666666695,1.1270270270270264,5.0,16.8,18.1,0,0.00000,8,4.0,0,86.0,11.0,9.8,4.604345773288535,3.6,18.0,0.2,0.0,4.0,63,11.833333333333334,11.1,6.4,0.3,14,0.0,5,18.141000000000076,,11
2025,1,Melbourne,31,Esteban Ocon,Haas F1 Team,19,20,0.947368421052631578947368,0,20,-1,5,77.14699999999999,77.686,98.4788,28.79594269510898,2.0509999999999877,288.0,327.0,307.0,322.0,3,1,9.0,8.2,0.953400000000002,15.707865168539323,18.942134831460663,78.42134831460675,1009.9016853932579,3.475280898876404,6.9,15.1,16.6,1,0.32584,20,0.0,1,83.0,13.0,14.0,7.176350047203662,3.6,18.0,0.8,-2.5,,106,11.5,11.7,3.6,0.4,13,0.0,4,14.458999999999833,,-8
2025,2,Shanghai,31,Esteban Ocon,Haas F1 Team,11,20,0.526315789473684210526316,0,17,-6,10,91.625,92.37,107.6378,16.640856573839915,0.9840000000000089,286.0,280.0,272.0,327.0,5,1,12.333333333333334,10.8,1.222399999999999,27.215584415584427,35.81688311688313,18.233766233766232,1010.4227272727292,2.18831168831169,4.3,26.4,28.1,0,0.00000,13,0.0,0,83.0,16.666666666666668,13.0,6.819090848492928,3.6,18.0,0.6,0.5,0.0,107,12.666666666666666,12.8,2.0,0.3,5,10.0,9,23.039999999999964,,7
2025,3,Suzuka,31,Esteban Ocon,Haas F1 Team,18,20,0.894736842105263157894737,0,10,8,6,88.696,89.724,100.10233333333333,12.397426872809804,1.7129999999999939,287.0,298.0,271.0,296.0,3,1,13.666666666666666,11.4,1.2180000000000006,14.42999999999999,20.514285714285716,76.37142857142857,1009.3171428571422,1.2021428571428572,2.4,14.2,14.7,0,0.00000,5,10.0,0,83.0,12.666666666666666,11.4,7.700649323271382,5.6,28.0,0.4,1.6,10.0,108,10.666666666666666,10.9,4.8,0.2,18,0.0,3,24.442000000000007,,3
2025,4,Sakhir,31,Esteban Ocon,Haas F1 Team,14,20,0.684210526315789473684211,0,20,-6,4,91.594,92.057,102.39699999999999,13.610329631080461,1.752999999999986,243.0,271.0,289.0,318.0,2,1,16.0,13.2,1.3193999999999988,27.05253164556961,31.87025316455695,45.32911392405063,1008.1253164556957,2.105696202531645,3.6,26.6,27.9,0,0.00000,18,0.0,0,83.0,12.0,14.6,5.9413803110051795,2.0,10.0,0.4,1.2,10.0,109,11.333333333333334,11.7,4.2,0.2,8,4.0,13,24.947000000000116,,5
2025,5,Jeddah,31,Esteban Ocon,Haas F1 Team,19,20,0.947368421052631578947368,0,15,4,6,89.092,89.924,103.61333333333333,16.900915805561148,1.7980000000000018,293.0,328.0,308.0,333.0,3,1,14.333333333333334,14.6,1.5073999999999956,29.483802816901413,37.81971830985914,62.725352112676056,1006.7661971830992,1.026056338028169,2.2,28.3,31.7,0,0.00000,8,4.0,0,83.0,10.333333333333334,12.8,6.3796551630946325,2.8,14.0,0.2,3.6,14.0,110,9.833333333333334,11.0,4.8,0.1,14,0.0,6,21.562999999999647,,-4
2025,6,Miami Gardens,31,Esteban Ocon,Haas F1 Team,9,20,0.421052631578947368421053,1,20,-11,13,86.824,88.53,99.7826923076923,15.006559567872396,0.6199999999999903,225.0,194.0,287.0,338.0,7,1,17.0,16.2,1.6597999999999957,26.573154362416098,38.69060402684562,63.02013422818792,1012.2959731543626,1.0469798657718126,2.4,25.9,28.0,1,0.03356,14,0.0,0,83.0,13.333333333333334,11.6,5.128352561983234,2.8,14.0,0.0,4.6,14.0,111,12.166666666666666,11.3,4.0,0.0,12,0.0,3,23.074000000000524,,11
2025,7,Imola,31,Esteban Ocon,Haas F1 Team,18,20,0.894736842105263157894737,0,19,-1,6,76.613,77.24,93.67333333333333,19.473191496687612,1.9429999999999978,227.0,262.0,284.0,300.0,3,1,14.0,14.2,1.3735999999999962,23.964666666666666,42.66399999999999,38.306666666666665,1009.7999999999994,3.2479999999999993,5.0,23.4,24.3,0,0.00000,12,0.0,0,83.0,11.333333333333334,11.4,5.079370039680118,2.8,14.0,0.0,2.8,14.0,112,12.666666666666666,11.7,4.0,0.1,20,0.0,4,30.472000000000207,,8
2025,8,Monaco,31,Esteban Ocon,Haas F1 Team,8,20,0.368421052631578947368421,1,17,-9,26,70.94200000000001,80.998,83.18684615384616,10.218390960194496,0.9879999999999995,218.0,213.0,273.0,282.0,7,2,15.333333333333334,15.6,1.565399999999994,22.20937500000001,43.31749999999996,52.51875,1016.7837499999993,0.9793749999999999,2.2,21.3,22.9,0,0.00000,20,0.0,1,83.0,15.333333333333334,14.4,4.774934554525329,0.8,4.0,0.2,1.2,14.0,113,15.833333333333334,14.1,1.2,0.2,7,6.0,5,24.751999999999498,,12
2025,9,Barcelona,31,Esteban Ocon,Haas F1 Team,17,20,0.842105263157894736842105,0,15,2,6,73.201,74.016,90.28033333333333,21.574389721766565,1.6550000000000011,289.0,307.0,289.0,326.0,3,1,11.666666666666666,13.6,1.420399999999995,29.11999999999999,48.54322580645158,54.6258064516129,1002.7716129032251,1.6329032258064524,3.5,28.1,30.0,0,0.00000,7,6.0,1,83.0,13.0,12.2,5.215361924162119,2.0,10.0,0.4,1.4,20.0,114,14.5,13.2,2.2,0.4,16,0.0,16,22.480000000000473,,14
2025,10,Montréal,31,Esteban Ocon,Haas F1 Team,15,20,0.736842105263157894736842,0,14,1,17,72.378,89.82300000000001,87.23494117647061,14.38056041358693,1.4789999999999992,262.0,282.0,295.0,328.0,5,1,14.333333333333334,14.2,1.400799999999998,24.036526946107763,49.25329341317365,27.976047904191617,1018.9281437125736,1.0377245508982031,2.9,22.8,25.6,1,0.00599,16,0.0,0,83.0,14.333333333333334,13.8,4.8166378315169185,1.2,6.0,0.4,0.2,20.0,115,14.833333333333334,14.7,1.2,0.4,9,2.0,7,18.156999999999243,,-3
2025,11,Spielberg,31,Esteban Ocon,Haas F1 Team,17,20,0.842105263157894736842105,0,15,2,6,65.364,65.821,82.31183333333333,18.71996738690179,1.3930000000000007,315.0,247.0,285.0,319.0,3,1,13.333333333333334,13.4,1.3369999999999975,30.347826086956506,49.16645962732919,31.981366459627328,943.3447204968951,1.6180124223602488,3.7,29.1,31.3,0,0.00000,9,2.0,1,83.0,10.666666666666666,12.8,5.263078946776307,1.6,8.0,0.6,0.2,22.0,116,12.0,14.0,1.6,0.6,10,1.0,14,22.324000000000524,,1
2025,12,Silverstone,31,Esteban Ocon,Haas F1 Team,15,20,0.736842105263157894736842,0,8,7,8,85.95,86.824,96.7435,11.424654768150699,1.058000000000007,322.0,270.0,254.0,319.0,4,1,16.333333333333332,15.0,1.4915999999999996,17.917419354838703,23.578709677419354,78.3741935483871,988.7767741935467,1.4832258064516135,5.8,16.0,19.6,1,0.18065,10,1.0,1,83.0,11.666666666666666,12.4,5.412947441089743,1.8,9.0,0.8,2.2,23.0,117,12.333333333333334,13.0,1.8,0.7,13,0.0,10,28.658000000001266,,6
2025,13,Spa-Francorchamps,31,Esteban Ocon,Haas F1 Team,11,20,0.526315789473684210526316,0,12,-1,8,101.525,102.479,114.45275,16.314116058975245,0.9630000000000081,345.0,215.0,229.0,318.0,5,1,15.666666666666666,14.4,1.3146000000000015,17.03004484304933,24.090134529147992,84.4439461883408,965.0475336322884,1.446188340807175,3.2,14.5,19.0,1,0.45740,13,0.0,0,83.0,10.666666666666666,11.0,3.5355339059327378,1.8,9.0,0.6,2.8,23.0,118,10.833333333333334,11.7,1.8,0.6,15,0.0,8,23.95600000000013,,16
2025,14,Budapest,31,Esteban Ocon,Haas F1 Team,18,20,0.894736842105263157894737,0,11,7,4,76.023,76.783,88.1145,13.557380781945556,1.1329999999999956,283.0,255.0,259.0,310.0,2,1,14.333333333333334,15.0,1.3096000000000032,22.08216560509553,32.7299363057325,57.24203821656051,987.1401273885358,2.1509554140127394,3.7,21.6,22.5,0,0.00000,15,0.0,0,83.0,12.666666666666666,12.6,3.0495901363953815,0.6,3.0,0.4,1.8,23.0,119,11.833333333333334,12.4,0.6,0.4,16,0.0,9,22.415999999999258,,5
2025,15,Zandvoort,31,Esteban Ocon,Haas F1 Team,18,20,0.894736842105263157894737,0,19,-1,6,70.197,71.18299999999999,84.476,15.30829636504337,1.5349999999999966,287.0,281.0,317.0,328.0,3,1,14.666666666666666,15.2,1.205200000000002,20.077358490566034,27.963522012578633,71.17610062893081,1006.205660377358,2.170440251572328,3.9,19.4,20.7,0,0.00000,16,0.0,1,83.0,14.666666666666666,12.6,3.0495901363953815,0.6,3.0,0.6,2.0,23.0,120,14.333333333333334,12.7,0.6,0.6,10,1.0,8,18.121000000000095,,-7
2025,16,Monza,31,Esteban Ocon,Haas F1 Team,15,20,0.736842105263157894736842,0,11,4,10,79.707,81.055,92.76820000000001,14.367698337281134,0.914999999999992,325.0,339.0,316.0,348.0,5,1,15.666666666666666,15.8,1.2164000000000015,26.761111111111102,43.28819444444442,42.604166666666664,996.7527777777791,1.960416666666666,4.0,25.9,27.4,0,0.00000,10,1.0,0,83.0,13.666666666666666,12.8,2.7748873851023212,0.4,2.0,0.4,2.6,24.0,121,13.0,12.3,2.0,0.4,15,0.0,7,30.66700000000037,,7
2025,17,Baku,31,Esteban Ocon,Haas F1 Team,20,20,1.000000000000000000000000,0,15,5,4,103.00399999999999,103.247,114.17224999999999,15.196257398342096,1.8870000000000005,212.0,222.0,337.0,319.0,2,1,17.0,15.4,1.1207999999999998,20.551923076923092,26.107051282051287,59.833333333333336,1021.1160256410266,1.5070512820512825,2.9,20.3,21.1,0,0.00000,15,0.0,1,83.0,13.666666666666666,13.8,2.3874672772626644,0.2,1.0,0.4,1.2,24.0,122,13.166666666666666,12.9,1.8,0.3,14,0.0,8,20.73799999999983,,-4
2025,18,Marina Bay,31,Esteban Ocon,Haas F1 Team,17,20,0.842105263157894736842105,0,9,8,4,90.989,91.247,108.32125,19.939271440635274,1.831000000000003,312.0,279.0,262.0,302.0,2,1,17.666666666666668,16.4,1.2865999999999986,29.072049689440938,33.852173913043515,74.36024844720497,1010.7776397515512,1.1111801242236026,2.2,28.5,29.5,1,0.03727,14,0.0,0,83.0,13.0,14.0,2.345207879911715,0.2,1.0,0.4,2.2,24.0,123,11.5,13.1,1.8,0.3,18,0.0,11,25.15899999999965,,13
2025,19,Austin,31,Esteban Ocon,Haas F1 Team,17,20,0.842105263157894736842105,0,8,9,4,94.136,94.533,108.12174999999999,15.921824254253448,1.6260000000000048,236.0,192.0,213.0,323.0,2,1,17.333333333333332,17.6,1.4601999999999975,28.267532467532465,45.04480519480521,22.532467532467532,1001.1077922077926,2.082467532467532,4.9,26.4,29.3,0,0.00000,18,0.0,1,83.0,15.666666666666666,14.6,2.9664793948382653,0.2,1.0,0.6,2.8,24.0,124,13.333333333333334,13.2,2.2,0.4,15,0.0,8,25.087999999999738,,4
2025,20,Mexico City,31,Esteban Ocon,Haas F1 Team,12,20,0.578947368421052631578947,0,10,2,10,76.837,78.017,87.8923,12.0336422494974,1.2510000000000048,318.0,297.0,255.0,346.0,5,1,18.0,17.4,1.5587999999999993,26.405555555555555,50.58827160493828,23.234567901234566,780.8888888888889,1.8475308641975292,3.9,25.4,27.1,0,0.00000,15,0.0,0,83.0,15.666666666666666,14.4,2.8809720581775866,0.2,1.0,0.4,3.0,24.0,125,12.833333333333334,12.0,2.6,0.2,9,2.0,9,23.095000000000255,,5
2025,21,São Paulo,31,Esteban Ocon,Haas F1 Team,17,19,0.888888888888888888888889,0,8,9,7,70.438,90.76,87.12442857142857,16.089609813553,0.9270000000000067,322.0,265.0,329.0,330.0,3,1,15.333333333333334,16.2,1.5020000000000011,17.34802631578948,30.69276315789474,70.57236842105263,929.708552631579,1.5098684210526314,2.9,16.6,18.0,0,0.00000,9,2.0,0,83.0,14.0,14.2,3.2710854467592254,0.4,2.0,0.4,1.8,26.0,126,10.666666666666666,11.7,3.6,0.2,12,0.0,19,24.050000000000182,,9
2025,22,Las Vegas,31,Esteban Ocon,Haas F1 Team,13,20,0.631578947368421052631579,0,14,-1,14,112.987,115.818,118.32571428571428,5.9685277971987425,5.052999999999997,147.0,188.0,312.0,248.0,2,1,15.333333333333334,16.6,1.504400000000004,16.73404255319152,19.529787234042566,37.765957446808514,941.8964539007092,1.436879432624114,2.8,16.3,17.2,0,0.00000,12,0.0,0,83.0,12.0,13.6,3.361547262794322,0.4,2.0,0.2,3.4,26.0,127,9.166666666666666,10.8,5.2,0.1,9,2.0,9,22.500999999999294,,3
2025,23,Lusail,31,Esteban Ocon,Haas F1 Team,17,20,0.842105263157894736842105,0,13,4,9,80.864,97.255,101.79055555555556,21.212383217775834,1.4770000000000039,253.0,289.0,283.0,324.0,2,1,14.0,15.2,2.1376000000000035,22.59932885906039,28.160402684563756,69.04697986577182,1016.0953020134215,1.2510067114093952,2.7,21.6,23.7,0,0.00000,9,2.0,0,83.0,10.0,12.6,3.9115214431215892,0.8,4.0,0.2,3.0,28.0,128,8.333333333333334,10.1,5.8,0.1,15,0.0,8,30.484999999999673,,4
2025,24,Yas Island,31,Esteban Ocon,Haas F1 Team,8,20,0.368421052631578947368421,1,11,-3,12,82.913,83.676,98.265,15.855030902180264,0.7060000000000031,295.0,323.0,223.0,329.0,6,1,15.666666666666666,15.2,2.0668000000000033,26.67402597402595,31.0616883116883,60.44155844155844,1016.7279220779227,1.5733766233766233,3.2,25.9,27.5,0,0.00000,15,0.0,1,83.0,12.0,12.0,3.0,0.8,4.0,0.2,3.4,28.0,129,11.833333333333334,10.8,5.4,0.2,7,6.0,13,22.287999999999556,,20
2026,1,Melbourne,31,Esteban Ocon,Haas F1 Team,13,19,0.666666666666666666666667,0,12,1,12,80.491,81.818,93.32991666666665,14.457231644080622,1.972999999999999,282.0,302.0,307.0,284.0,4,1,12.666666666666666,13.4,1.8828000000000031,24.23445945945945,36.13445945945945,53.97297297297296,1012.5608108108116,2.5614864864864857,4.6,23.1,25.3,0,0.00000,7,6.0,0,84.0,10.333333333333334,10.4,3.1304951684997055,2.0,10.0,0.2,3.2,,130,12.0,10.3,6.2,0.2,11,0.0,4,18.808999999999287,,0
2026,2,Shanghai,31,Esteban Ocon,Haas F1 Team,13,22,0.571428571428571428571429,0,10,3,10,93.538,97.148,109.2875,15.954201705367636,1.4740000000000038,297.0,278.0,274.0,310.0,4,1,12.666666666666666,13.6,2.027200000000002,15.572368421052628,22.616447368421053,54.99802631578948,1024.481578947368,2.1934210526315794,4.5,14.9,16.4,0,0.00000,11,0.0,1,84.0,11.0,10.8,3.03315017762062,1.6,8.0,0.4,3.2,0.0,131,11.833333333333334,10.8,4.6,0.4,14,0.0,9,25.94499999999971,,11
2026,3,Suzuka,31,Esteban Ocon,Haas F1 Team,12,22,0.523809523809523809523810,0,18,-6,11,90.309,110.464,105.5849090909091,14.385992363786,1.531000000000006,282.0,329.0,265.0,282.0,4,1,11.333333333333334,12.8,2.1366000000000014,18.556410256410274,34.1429487179487,52.49551282051283,1011.7987179487181,1.9506410256410254,3.7,17.3,19.5,0,0.00000,14,0.0,1,84.0,10.666666666666666,11.2,3.3466401061363023,1.6,8.0,0.6,1.4,0.0,132,9.333333333333334,10.9,5.0,0.5,10,1.0,5,24.564000000000306,,2
2026,4,Miami Gardens,31,Esteban Ocon,Haas F1 Team,14,22,0.619047619047619047619048,0,12,2,9,89.77199999999999,90.783,103.53744444444443,16.18630915396644,1.9739999999999895,223.0,194.0,268.0,324.0,5,1,12.666666666666666,12.6,1.432200000000003,27.125595238095247,37.01190476190477,70.44821428571433,1015.6476190476195,1.1517857142857149,4.8,25.7,28.1,1,0.01786,10,1.0,0,84.0,11.666666666666666,11.4,3.2093613071762426,1.4,7.0,0.6,1.0,1.0,133,11.5,12.2,4.6,0.6,13,0.0,7,24.067000000000007,,5
2026,5,Montréal,31,Esteban Ocon,Haas F1 Team,17,22,0.761904761904761904761905,0,16,1,10,74.845,85.682,88.91669999999999,12.674079199952423,2.266999999999996,248.0,282.0,277.0,322.0,2,1,13.0,12.0,1.5316000000000003,12.848750000000004,17.82749999999999,71.69499999999992,1024.2043749999991,3.0156249999999987,6.2,12.1,13.7,0,0.00000,13,0.0,1,84.0,12.333333333333334,11.0,2.7386127875258306,1.4,7.0,0.6,1.0,1.0,134,12.5,11.2,4.6,0.6,14,0.0,8,24.82799999999952,,2
2026,6,Monte Carlo,31,Esteban Ocon,Haas F1 Team,17,22,0.761904761904761904761905,0,19,-2,12,74.722,81.099,86.05075000000001,11.432276017128792,2.6709999999999923,210.0,197.0,265.0,282.0,3,1,14.333333333333334,13.8,1.8437999999999988,23.677403846153872,37.976923076923086,62.198557692307695,1021.4403846153845,0.8418269230769228,3.5,22.6,24.5,0,0.00000,14,0.0,1,84.0,12.333333333333334,12.4,1.816590212458495,0.2,1.0,0.8,1.4,1.0,135,13.333333333333334,11.7,3.6,0.8,9,2.0,6,20.01299999999992,,-8
2026,7,Barcelona,31,Esteban Ocon,Haas F1 Team,17,22,0.761904761904761904761905,0,15,2,6,77.07300000000001,78.17099999999999,97.43266666666666,26.29295567003958,2.3940000000000055,280.0,281.0,292.0,337.0,3,2,16.0,14.6,1.9833999999999974,30.529333333333362,50.28666666666666,28.866000000000017,1000.5366666666639,2.5713333333333326,5.2,29.8,31.1,0,0.00000,9,2.0,0,84.0,12.0,12.0,2.345207879911715,0.6,3.0,0.6,2.6,3.0,136,12.833333333333334,12.8,2.8,0.7,13,0.0,10,23.066000000000713,,2
2021,1,Sakhir,14,Fernando Alonso,Alpine,9,20,0.421052631578947368421053,1,16,-7,9,90.249,91.81700000000001,104.77166666666669,16.49598801981864,1.2519999999999953,244.0,270.0,288.0,314.0,5,1,15.0,15.8,2.6075999999999993,20.538345864661654,27.627819548872182,54.51729323308271,1014.9105263157908,0.8872180451127818,1.4,20.4,20.9,0,0.00000,,,,89.0,,,,,,,,,0,,,,,19,0.0,7,24.376999999999953,,29
2021,2,Imola,14,Fernando Alonso,Alpine,15,20,0.736842105263157894736842,0,9,6,8,75.593,76.005,88.92699999999999,13.994692126455861,1.1820000000000022,233.0,260.0,285.0,294.0,4,1,14.0,14.0,2.295399999999998,10.621118012422354,16.827329192546586,69.48881987577641,1011.2527950310558,0.4788819875776397,1.1,9.2,12.3,1,0.40994,19,0.0,1,89.0,19.0,19.0,,0.0,0.0,1.0,-10.0,0.0,1,16.0,16.0,0.0,0.5,10,1.0,13,30.98400000000038,,4
2021,3,Portimão,14,Fernando Alonso,Alpine,13,20,0.631578947368421052631579,0,6,7,8,79.456,94.036,91.20224999999999,10.140303443614068,1.4879999999999995,290.0,197.0,295.0,323.0,4,1,13.0,13.8,1.9203999999999979,19.39253731343283,38.9507462686567,39.40373134328356,1004.8134328358209,0.8373134328358207,1.4,18.1,20.0,0,0.00000,10,1.0,0,89.0,14.5,14.5,6.363961030678928,0.5,1.0,0.5,-2.5,1.0,2,12.75,12.75,1.5,0.25,8,4.0,9,21.41899999999987,,3
2021,4,Barcelona,14,Fernando Alonso,Alpine,10,20,0.473684210526315789473684,1,5,5,10,77.96600000000001,78.56,89.98719999999999,13.129816109400265,1.2250000000000085,285.0,304.0,285.0,317.0,6,1,12.333333333333334,14.0,1.798399999999998,22.203076923076917,32.92230769230769,57.55307692307693,993.5746153846156,0.4576923076923076,0.9,21.3,23.5,0,0.00000,8,4.0,0,89.0,12.333333333333334,12.333333333333334,5.8594652770823155,1.6666666666666667,5.0,0.3333333333333333,0.0,5.0,3,11.0,11.0,4.333333333333333,0.16666666666666666,17,0.0,7,21.909000000000106,,22
2021,5,Monte Carlo,14,Fernando Alonso,Alpine,17,19,0.888888888888888888888889,0,11,6,10,72.205,89.17099999999999,87.4082,13.819522413359056,1.8589999999999947,221.0,203.0,273.0,280.0,2,1,12.666666666666666,12.4,1.6192000000000006,20.760740740740758,37.59555555555557,61.42444444444447,1015.5711111111107,0.31629629629629613,0.6,20.3,21.5,0,0.00000,17,0.0,0,89.0,11.666666666666666,13.5,5.32290647422377,1.25,5.0,0.25,-1.75,5.0,4,10.0,11.5,3.75,0.125,13,0.0,3,23.573999999999614,,-5
2021,6,Baku,14,Fernando Alonso,Alpine,9,20,0.421052631578947368421053,1,12,-3,9,102.195,111.179,115.266,14.198816315101764,0.9769999999999897,228.0,239.0,332.0,312.0,4,1,13.333333333333334,12.8,1.4012,24.170930232558128,38.31453488372088,55.805232558139544,1014.7308139534875,0.2837209302325581,0.8,22.9,25.5,0,0.00000,13,0.0,0,89.0,12.666666666666666,13.4,4.61519230368573,1.0,5.0,0.2,-0.6,5.0,5,10.5,11.4,3.4,0.1,6,8.0,7,15.402000000000044,,11
2021,7,Le Castellet,14,Fernando Alonso,Alpine,9,20,0.421052631578947368421053,1,11,-2,8,91.34,91.566,111.91275,28.01237418279898,1.3500000000000085,126.0,279.0,300.0,328.0,5,2,12.0,12.8,1.346199999999999,25.314399999999992,35.22879999999999,58.63039999999999,960.6376,1.1655999999999997,1.8,23.8,27.4,0,0.00000,6,8.0,0,89.0,12.0,10.8,4.324349662087931,2.6,13.0,0.0,1.8,13.0,6,12.333333333333334,10.8,5.0,0.1,8,4.0,8,31.196000000000367,,12
2021,8,Spielberg,14,Fernando Alonso,Alpine,9,20,0.421052631578947368421053,1,17,-8,11,64.574,65.119,76.07381818181817,13.067910657929842,0.732999999999997,319.0,248.0,286.0,315.0,6,1,11.666666666666666,11.6,1.3798000000000001,26.692372881355922,52.352542372881345,33.24661016949152,938.4771186440671,0.3677966101694914,1.2,26.0,27.3,0,0.00000,8,4.0,0,89.0,9.0,10.4,4.505552130427524,3.2,16.0,0.0,1.0,17.0,7,11.666666666666666,11.1,5.2,0.1,9,2.0,4,21.108000000000175,,8
2021,9,Spielberg,14,Fernando Alonso,Alpine,14,20,0.684210526315789473684211,0,17,-3,6,64.472,64.97,77.23416666666667,14.113816966599321,0.7519999999999953,317.0,248.0,288.0,315.0,3,1,9.0,10.8,1.2287999999999997,20.966025641025656,33.18397435897434,49.730769230769255,934.7211538461531,0.348076923076923,0.9,19.0,22.6,1,0.03846,9,2.0,0,89.0,7.666666666666667,10.6,4.39317652729776,2.8,14.0,0.0,-0.2,19.0,8,11.833333333333334,11.9,3.6,0.1,10,1.0,12,22.67999999999938,,5
2021,10,Silverstone,14,Fernando Alonso,Alpine,11,20,0.526315789473684210526316,0,13,-2,8,87.245,88.461,98.69924999999999,11.855171960553154,1.2220000000000084,317.0,268.0,251.0,324.0,4,1,10.666666666666666,11.6,1.134199999999997,29.4,50.931521739130446,37.20217391304347,1007.2461956521738,0.317934782608696,0.8,28.4,30.1,0,0.00000,10,1.0,0,89.0,9.0,9.2,2.588435821108957,3.0,15.0,0.0,2.0,20.0,9,12.5,12.3,3.4,0.2,7,6.0,5,29.661000000000058,,3
2021,11,Budapest,14,Fernando Alonso,Alpine,9,20,0.421052631578947368421053,1,8,1,8,76.541,76.906,87.63575,15.049474302636428,1.1219999999999999,278.0,252.0,257.0,299.0,5,1,11.333333333333334,10.4,1.0067999999999997,27.22670157068063,37.82251308900524,68.61570680628276,977.6308900523562,0.5675392670157061,1.2,25.7,29.1,1,0.30366,7,6.0,0,89.0,8.666666666666666,8.0,1.5811388300841898,4.2,21.0,0.0,1.2,26.0,10,11.5,11.7,4.6,0.2,4,12.0,8,21.47899999999936,,12
2021,12,Spa-Francorchamps,14,Fernando Alonso,Alpine,14,20,0.684210526315789473684211,0,9,5,12,118.205,129.615,133.82091666666665,13.684033439532453,2.1799999999999926,310.0,185.0,217.0,301.0,4,2,11.333333333333334,10.4,1.0358000000000018,13.012413793103491,15.258620689655164,96.4358620689655,970.2217241379296,0.5113793103448276,1.0,12.4,13.4,1,0.84138,4,12.0,0,89.0,7.0,7.6,2.3021728866442674,5.0,25.0,0.0,1.8,38.0,11,8.5,9.6,10.4,0.1,11,0.0,0,15401.19,,-6
2021,13,Zandvoort,14,Fernando Alonso,Alpine,9,20,0.421052631578947368421053,1,8,1,7,69.956,70.435,81.01614285714287,13.68541972841378,1.070999999999998,278.0,291.0,306.0,313.0,4,1,11.333333333333334,11.4,1.2017999999999986,21.50443037974685,36.10569620253166,54.10822784810126,1021.5056962025316,0.442405063291139,0.9,20.4,22.4,0,0.00000,11,0.0,0,89.0,7.333333333333333,8.2,2.7748873851023212,4.2,21.0,0.0,1.8,38.0,12,6.5,9.2,10.2,0.1,6,8.0,5,19.02600000000075,,9
2021,14,Monza,14,Fernando Alonso,Alpine,13,20,0.631578947368421052631579,0,14,-1,7,81.069,108.481,99.24199999999999,16.795548100612855,1.5139999999999958,324.0,335.0,312.0,339.0,4,1,10.666666666666666,11.4,1.2693999999999988,28.885234899328868,43.52751677852349,33.2758389261745,994.4879194630865,0.3429530201342281,0.7,27.8,29.6,0,0.00000,6,8.0,0,89.0,7.0,7.6,2.8809720581775866,5.4,27.0,0.0,2.6,46.0,13,6.333333333333333,8.4,11.8,0.1,8,4.0,1,24.77100000000064,,-5
2021,15,Sochi,14,Fernando Alonso,Alpine,6,20,0.263157894736842105263158,1,10,-4,19,104.20400000000001,118.495,120.56578947368423,14.323136247107904,2.2110000000000127,259.0,298.0,147.0,292.0,6,3,12.0,11.2,1.4217999999999988,19.13860759493674,21.75696202531647,61.94746835443034,1023.1310126582275,0.29050632911392416,0.9,17.4,19.5,1,0.10127,8,4.0,0,89.0,8.333333333333334,7.2,2.588435821108957,6.0,30.0,0.0,2.2,50.0,14,8.5,7.2,12.6,0.0,6,8.0,11,30.373000000000502,,24
2021,16,Istanbul,14,Fernando Alonso,Alpine,6,20,0.263157894736842105263158,1,12,-6,17,83.477,89.589,93.817,10.838024191475125,0.6090000000000089,281.0,291.0,255.0,326.0,6,2,9.333333333333334,10.2,1.6195999999999997,15.825477707006387,18.180891719745237,93.52484076433116,1006.4101910828001,0.4866242038216559,0.8,15.5,16.1,0,0.00000,6,8.0,0,89.0,6.666666666666667,7.0,2.6457513110645907,6.4,32.0,0.0,2.2,58.0,15,8.833333333333334,7.6,12.6,0.0,16,0.0,4,29.113000000000284,,29
2021,17,Austin,14,Fernando Alonso,Alpine,14,20,0.684210526315789473684211,0,11,3,8,95.756,107.05799999999999,110.9905,11.990352800719176,2.8460000000000036,232.0,191.0,212.0,315.0,4,1,8.333333333333334,9.6,1.5170000000000017,28.148447204968935,37.470807453416164,61.19254658385094,992.1298136645961,0.8540372670807448,1.5,26.4,29.5,0,0.00000,16,0.0,0,89.0,10.0,9.4,4.219004621945797,4.0,20.0,0.0,-1.0,58.0,16,10.666666666666666,9.7,5.4,0.0,18,0.0,13,23.301000000000386,,21
2021,18,Mexico City,14,Fernando Alonso,Alpine,16,20,0.789473684210526315789474,0,15,1,4,78.452,79.111,92.76725,17.526168346694227,2.576999999999998,315.0,295.0,253.0,342.0,1,1,8.666666666666666,9.6,1.6502000000000039,21.20670731707316,47.57926829268294,31.2109756097561,784.2134146341465,0.3664634146341462,0.8,19.2,23.2,0,0.00000,18,0.0,1,89.0,13.333333333333334,10.8,5.761944116355173,4.0,20.0,0.2,-1.0,58.0,17,13.833333333333334,11.6,4.8,0.2,9,2.0,7,23.97899999999936,,-5
2021,19,São Paulo,14,Fernando Alonso,Alpine,10,20,0.473684210526315789473684,1,11,-1,13,69.113,76.855,83.55184615384617,15.190184938780666,1.179000000000002,322.0,266.0,321.0,328.0,6,1,12.0,11.0,1.9514000000000038,23.137341772151892,51.56139240506331,60.10126582278483,926.9303797468358,0.39177215189873377,0.8,22.5,24.0,0,0.00000,9,2.0,0,89.0,14.333333333333334,11.4,5.272570530585627,2.8,14.0,0.2,-1.0,60.0,18,14.166666666666666,12.3,3.2,0.2,9,2.0,11,17.3779999999997,,12
2021,20,Lusail,14,Fernando Alonso,Alpine,5,20,0.210526315789473684210526,1,9,-4,11,81.67,87.351,104.67909090909089,25.41237036741967,0.8430000000000035,252.0,278.0,319.0,327.0,6,1,13.333333333333334,10.4,1.8844000000000052,26.41513157894735,30.603289473684203,75.54013157894735,1012.3072368421057,0.4230263157894732,0.8,26.0,27.4,1,0.01974,9,2.0,0,89.0,12.0,11.6,5.128352561983234,2.4,12.0,0.2,-0.8,62.0,19,12.666666666666666,12.2,3.4,0.2,3,15.0,4,26.014000000000124,,21
2021,21,Jeddah,14,Fernando Alonso,Alpine,13,20,0.631578947368421052631579,0,9,4,14,88.92,104.857,105.7772142857143,15.05229294660948,1.409000000000006,292.0,315.0,307.0,322.0,3,2,10.333333333333334,10.2,1.6108000000000033,28.816062176165733,31.684974093264252,76.20310880829015,1013.7974093264247,0.2715025906735748,0.6,28.5,29.2,0,0.00000,3,15.0,0,89.0,7.0,11.0,6.041522986797286,3.8,19.0,0.2,-0.8,77.0,20,7.833333333333333,11.0,6.8,0.2,13,0.0,5,19.35900000000038,,5
2021,22,Yas Island,14,Fernando Alonso,Alpine,11,20,0.526315789473684210526316,0,9,2,8,83.46000000000001,83.90299999999999,101.437875,19.4541699050982,1.350999999999999,292.0,319.0,223.0,325.0,4,1,9.333333333333334,11.6,1.7708000000000026,24.51910828025481,28.46560509554141,59.05477707006371,1017.7108280254776,0.41464968152866166,0.7,23.5,25.7,0,0.00000,13,0.0,0,89.0,8.333333333333334,10.4,5.549774770204643,3.8,19.0,0.2,1.4,77.0,21,7.0,10.1,9.0,0.2,8,4.0,7,21.42699999999968,,5
2022,1,Sakhir,14,Fernando Alonso,Alpine,8,20,0.368421052631578947368421,1,11,-3,8,91.621,92.346,102.85149999999999,12.608420542297463,1.0630000000000024,241.0,268.0,287.0,321.0,5,1,9.666666666666666,11.0,1.4718000000000018,23.617791411042962,28.610429447852766,29.49079754601227,1010.3858895705521,0.3049079754601232,0.8,22.3,25.7,0,0.00000,8,4.0,0,89.0,8.0,8.4,3.5777087639996634,4.6,23.0,0.0,1.8,,22,7.0,8.1,10.2,0.0,9,2.0,12,24.53900000000067,,19
2022,2,Jeddah,14,Fernando Alonso,Alpine,7,20,0.315789473684210526315789,1,5,2,15,89.14699999999999,105.04599999999999,105.5224,14.622702993242102,15.47699999999999,287.0,319.0,307.0,328.0,5,1,10.666666666666666,9.4,1.1690000000000027,25.42039473684213,28.4092105263158,59.66447368421053,1012.7776315789473,2.3592105263157874,4.0,25.3,25.6,0,0.00000,9,2.0,0,89.0,10.0,8.4,3.5777087639996634,4.6,23.0,0.0,1.0,2.0,23,8.333333333333334,7.5,11.4,0.0,16,0.0,2,21.525000000000546,,24
2022,3,Melbourne,14,Fernando Alonso,Alpine,10,20,0.473684210526315789473684,1,8,2,10,78.815,100.649,96.31339999999999,15.565790119503875,0.9470000000000027,284.0,307.0,305.0,322.0,4,1,8.666666666666666,8.8,4.0286,26.697435897435888,37.40833333333329,43.65384615384615,1014.2461538461532,1.8128205128205122,4.4,25.8,27.4,0,0.00000,16,0.0,1,89.0,11.0,9.8,4.969909455915671,4.2,21.0,0.2,-1.4,2.0,24,9.166666666666666,8.0,11.8,0.1,17,0.0,6,18.429000000000087,,21
2022,4,Imola,14,Fernando Alonso,Alpine,5,20,0.210526315789473684210526,1,19,-14,14,79.595,92.518,92.39857142857144,9.74098206006486,0.9170000000000016,223.0,258.0,271.0,291.0,5,2,8.333333333333334,9.8,4.0494,12.899367088607601,17.418987341772137,83.17088607594937,1001.0386075949358,1.4822784810126568,2.5,11.1,14.2,0,0.00000,17,0.0,0,89.0,14.0,12.6,4.03732584763727,1.2,6.0,0.2,-2.8,2.0,25,10.333333333333334,9.6,8.0,0.1,19,0.0,0,,,34
2022,5,Miami,14,Fernando Alonso,Alpine,11,20,0.526315789473684210526316,0,20,-9,9,90.16,91.365,103.399,15.228479569543378,1.3640000000000043,220.0,191.0,285.0,327.0,4,1,7.333333333333333,8.2,3.950999999999999,30.61728395061729,42.81975308641976,58.858024691358025,1009.3049382716049,2.26728395061728,5.0,29.4,32.3,1,0.05556,19,0.0,1,89.0,17.333333333333332,13.8,4.969909455915671,1.2,6.0,0.4,-4.8,2.0,26,13.166666666666666,11.2,5.6,0.2,11,0.0,5,21.59599999999955,,5
2022,6,Barcelona,14,Fernando Alonso,Alpine,17,20,0.842105263157894736842105,0,12,5,3,81.043,108.483,99.60733333333333,16.08232247945965,2.2930000000000064,284.0,295.0,282.0,327.0,2,1,8.666666666666666,8.2,3.9536000000000002,36.56585365853659,48.95731707317072,7.109756097560975,996.0158536585362,3.4884146341463396,5.5,35.9,37.2,0,0.00000,11,0.0,0,89.0,15.666666666666666,14.4,4.219004621945797,0.4,2.0,0.4,-5.4,2.0,27,12.666666666666666,11.4,5.2,0.2,9,2.0,13,21.936000000000604,,-1
2022,7,Monaco,14,Fernando Alonso,Alpine,7,20,0.315789473684210526315789,1,10,-3,15,72.247,90.794,87.36906666666665,12.886481058328785,0.8709999999999951,216.0,202.0,269.0,279.0,7,1,11.0,10.0,4.199600000000001,22.274693877550995,31.038367346938788,75.66530612244898,1002.9922448979627,0.9902040816326523,3.2,20.9,24.3,1,0.43673,9,2.0,0,89.0,13.0,14.4,4.219004621945797,0.4,2.0,0.4,-3.0,4.0,28,11.333333333333334,11.4,5.2,0.2,7,6.0,1,24.501000000000204,,11
2022,8,Baku,14,Fernando Alonso,Alpine,10,20,0.473684210526315789473684,1,13,-3,12,103.173,117.021,119.50483333333331,18.817796556515965,1.813999999999993,226.0,232.0,344.0,323.0,6,1,11.666666666666666,10.0,1.278400000000002,25.435403726708074,47.149689440993804,59.49068322981366,1009.9012422360254,1.5291925465838494,2.9,24.9,26.1,0,0.00000,7,6.0,0,89.0,9.0,12.6,5.176871642217914,1.6,8.0,0.2,-1.2,10.0,29,9.0,11.1,4.8,0.1,7,6.0,9,20.583999999999833,,10
2022,9,Montréal,14,Fernando Alonso,Alpine,2,20,0.052631578947368421052632,1,7,-5,24,81.944,97.65899999999999,97.66024999999998,10.532389027681932,0.644999999999996,248.0,275.0,275.0,303.0,5,2,11.333333333333334,10.0,1.4518,20.762962962962966,41.261111111111084,28.925925925925927,1012.4012345679009,3.5524691358024683,5.6,18.8,22.3,0,0.00000,7,6.0,0,89.0,7.666666666666667,10.6,4.979959839195493,2.8,14.0,0.2,0.8,16.0,30,8.666666666666666,10.4,5.0,0.1,9,2.0,3,23.778000000000247,,28
2022,10,Silverstone,14,Fernando Alonso,Alpine,7,20,0.315789473684210526315789,1,15,-8,20,101.598,106.227,113.90429999999999,12.828828719969557,2.4690000000000083,293.0,242.0,226.0,293.0,4,1,6.333333333333333,9.4,1.3973999999999989,18.253201970443335,30.026108374384233,59.748768472906406,1002.3581280788169,1.4561576354679806,3.9,17.5,19.2,1,0.04433,9,2.0,0,89.0,7.666666666666667,8.6,1.6733200530681511,3.2,16.0,0.0,1.4,18.0,31,8.5,8.6,7.0,0.0,5,10.0,5,28.691000000000713,,15
2022,11,Spielberg,14,Fernando Alonso,Alpine,8,20,0.368421052631578947368421,1,5,3,13,66.016,66.716,75.97892307692308,12.05578772804124,1.0320000000000107,315.0,247.0,283.0,318.0,7,1,6.333333333333333,8.6,1.6183999999999998,20.255921052631592,30.74671052631582,35.13815789473684,939.7124999999984,1.2552631578947366,3.9,19.7,21.1,0,0.00000,5,10.0,0,89.0,7.0,7.4,1.6733200530681511,5.2,26.0,0.0,1.8,28.0,32,8.666666666666666,8.7,8.2,0.1,10,1.0,20,21.548999999999978,,28
2022,12,Le Castellet,14,Fernando Alonso,Alpine,7,20,0.315789473684210526315789,1,12,-5,7,92.55199999999999,93.156,108.39385714285716,26.426803681291542,1.6799999999999926,120.0,278.0,302.0,332.0,5,1,5.666666666666667,6.8,1.3662000000000005,30.164843750000003,54.46171874999998,47.734375,967.9078124999985,1.9460937500000002,4.0,29.1,30.8,0,0.00000,10,1.0,0,89.0,8.0,7.6,1.9493588689617927,5.0,25.0,0.0,1.4,29.0,33,8.333333333333334,8.6,8.8,0.1,6,8.0,2,36.509000000000015,,12
2022,13,Budapest,14,Fernando Alonso,Alpine,6,20,0.263157894736842105263158,1,5,1,11,77.904,79.82300000000001,90.454,14.629525870649395,0.527000000000001,281.0,251.0,255.0,300.0,5,1,7.333333333333333,6.8,1.528,18.55988023952095,26.72095808383233,69.31736526946108,985.5814371257485,4.034131736526945,5.8,17.8,19.4,1,0.27545,6,8.0,0,89.0,7.0,7.4,2.073644135332772,5.4,27.0,0.0,1.6,37.0,34,8.166666666666666,8.1,10.0,0.1,8,4.0,7,22.069000000000415,,20
2022,14,Spa-Francorchamps,14,Fernando Alonso,Alpine,6,20,0.263157894736842105263158,1,5,1,8,105.368,106.075,118.70762499999998,14.061861702974163,1.703000000000003,332.0,206.0,220.0,312.0,6,1,7.0,6.0,1.2706000000000017,21.78717948717949,36.083974358974366,40.51923076923077,971.0519230769214,1.5192307692307678,3.5,20.7,22.5,0,0.00000,8,4.0,0,89.0,8.0,7.6,2.073644135332772,5.0,25.0,0.0,0.6,41.0,35,7.666666666666667,8.1,9.8,0.1,5,10.0,10,22.610000000000582,,23
2022,15,Zandvoort,14,Fernando Alonso,Alpine,13,20,0.631578947368421052631579,0,12,1,7,71.613,88.325,84.34685714285715,12.463206883042734,1.2710000000000008,282.0,286.0,315.0,327.0,4,1,6.333333333333333,6.8,1.482200000000003,22.730061349693237,33.44601226993866,75.38036809815951,1017.1098159509202,1.0619631901840485,2.0,22.3,23.3,0,0.00000,5,10.0,0,89.0,6.333333333333333,6.8,2.16794833886788,6.6,33.0,0.0,1.6,51.0,36,7.166666666666667,7.8,11.0,0.1,6,8.0,10,15.84100000000035,,4
2022,16,Monza,14,Fernando Alonso,Alpine,10,20,0.473684210526315789473684,1,11,-1,10,81.82900000000001,82.135,94.27829999999999,13.63993563889996,1.6680000000000064,321.0,335.0,308.0,341.0,6,1,8.333333333333334,8.0,1.2426000000000017,27.734693877551035,43.138775510204084,33.14965986394558,993.340136054421,1.3612244897959178,2.7,26.4,28.5,0,0.00000,6,8.0,0,89.0,6.333333333333333,7.0,2.0,6.2,31.0,0.0,2.6,59.0,37,7.333333333333333,7.3,11.0,0.0,19,0.0,2,,,21
2022,17,Marina Bay,14,Fernando Alonso,Alpine,5,20,0.210526315789473684210526,1,18,-13,18,109.96600000000001,117.90899999999999,125.30133333333333,14.274378849162291,0.554000000000002,290.0,263.0,248.0,283.0,4,2,9.666666666666666,8.4,1.3698000000000008,26.232549019607895,28.973333333333354,87.44705882352942,1008.1439215686289,0.929803921568626,2.7,24.3,27.7,1,0.18039,19,0.0,1,89.0,10.0,8.8,5.805170109479997,6.0,30.0,0.2,-1.8,59.0,38,9.5,8.8,8.8,0.1,18,0.0,0,,,32
2022,18,Suzuka,14,Fernando Alonso,Alpine,7,20,0.315789473684210526315789,1,5,2,10,90.322,90.701,105.92819999999999,17.270595703552193,1.0180000000000007,281.0,302.0,264.0,302.0,5,1,9.333333333333334,8.0,1.1446000000000027,16.717647058823538,19.930588235294138,86.21176470588236,1015.7062745098052,2.040784313725487,4.0,15.8,19.0,1,0.98039,18,0.0,1,89.0,14.333333333333334,11.2,6.760177512462229,4.4,22.0,0.4,-4.6,59.0,39,13.166666666666666,10.8,6.4,0.3,7,6.0,6,24.131999999999607,,16
2022,19,Austin,14,Fernando Alonso,Alpine,9,20,0.421052631578947368421053,1,18,-9,11,95.876,115.765,111.539,15.27354137716594,1.5200000000000102,232.0,192.0,212.0,321.0,6,1,7.333333333333333,8.2,1.2428000000000026,29.28529411764708,35.52352941176471,49.62352941176471,991.1994117647055,5.487058823529408,10.1,28.3,30.7,0,0.00000,7,6.0,0,89.0,14.666666666666666,11.0,6.892024376045111,4.8,24.0,0.4,-4.2,65.0,40,12.5,10.2,8.8,0.3,7,6.0,14,23.851000000000568,,18
2022,20,Mexico City,14,Fernando Alonso,Alpine,9,20,0.421052631578947368421053,1,10,-1,10,78.939,80.262,90.46899999999998,11.758831158844924,1.1639999999999873,312.0,293.0,249.0,345.0,5,1,7.0,8.8,1.206200000000004,24.312727272727287,41.68909090909089,34.442424242424245,780.4072727272716,1.3369696969696967,4.0,22.8,25.5,0,0.00000,7,6.0,0,89.0,10.666666666666666,11.4,6.5038450166036395,4.0,20.0,0.4,-2.4,71.0,41,10.5,10.8,6.8,0.3,19,0.0,3,23.13299999999981,,25
2022,21,São Paulo,14,Fernando Alonso,Alpine,7,20,0.315789473684210526315789,1,6,1,15,71.394,80.507,84.24973333333334,12.42032224948098,0.5130000000000052,321.0,260.0,329.0,327.0,5,2,8.333333333333334,8.0,1.1848000000000014,23.01077844311378,46.04910179640717,76.07784431137725,922.1604790419151,1.4443113772455085,2.9,20.9,25.1,0,0.00000,19,0.0,1,89.0,11.0,14.0,6.4031242374328485,2.4,12.0,0.6,-5.8,71.0,42,9.333333333333334,12.0,5.6,0.4,5,10.0,18,23.46100000000024,,28
2022,22,Yas Island,14,Fernando Alonso,Alpine,11,20,0.526315789473684210526316,0,8,3,8,85.096,85.916,99.997,15.40399416663465,1.2720000000000056,290.0,321.0,218.0,327.0,4,1,8.333333333333334,7.4,0.9538000000000011,28.57548387096773,34.31032258064516,61.68387096774194,1013.5206451612893,2.608387096774191,4.1,27.8,29.7,0,0.00000,5,10.0,0,89.0,10.333333333333334,11.2,6.723094525588644,4.4,22.0,0.4,-0.8,81.0,43,9.666666666666666,10.3,8.4,0.3,20,0.0,7,21.730000000000473,,25
2023,1,Sakhir,14,Fernando Alonso,Aston Martin,5,20,0.210526315789473684210526,1,8,-3,10,90.336,91.22800000000001,106.95780000000002,17.137383644470873,0.6280000000000001,242.0,268.0,287.0,320.0,5,1,9.0,8.6,1.0974000000000017,27.43167701863353,31.01180124223602,21.496894409937887,1016.863975155279,0.6832298136645952,2.2,26.2,29.8,0,0.00000,20,0.0,1,92.0,14.666666666666666,11.6,7.26636084983398,4.4,22.0,0.4,-0.2,,44,11.333333333333334,11.2,3.6,0.1,3,15.0,11,24.84400000000005,,28
2023,2,Jeddah,14,Fernando Alonso,Aston Martin,3,20,0.105263157894736842105263,1,6,-3,13,88.73,108.756,105.19376923076925,15.162110188195253,0.4650000000000034,292.0,321.0,301.0,327.0,5,1,7.666666666666667,8.2,1.0194000000000016,26.09189189189191,31.792567567567573,57.79054054054054,1010.9297297297305,1.7722972972972975,3.7,25.8,26.4,0,0.00000,3,15.0,0,92.0,9.333333333333334,10.8,8.07465169527454,6.2,31.0,0.4,0.2,15.0,45,8.0,10.3,6.6,0.1,3,15.0,0,26.85899999999947,,23
2023,3,Melbourne,14,Fernando Alonso,Aston Martin,4,20,0.157894736842105263157895,1,6,-2,20,77.139,85.703,91.6806,15.460233689253075,0.4069999999999965,284.0,315.0,305.0,322.0,5,1,6.333333333333333,7.0,0.8084000000000003,17.449549549549555,30.139639639639615,54.15765765765766,1018.3666666666695,1.1270270270270264,5.0,16.8,18.1,0,0.00000,3,15.0,0,92.0,8.666666666666666,10.0,8.717797887081348,8.0,40.0,0.4,-1.4,30.0,46,8.333333333333334,10.0,8.8,0.1,3,15.0,1,874.3029999999999,,21
2025,1,Melbourne,14,Fernando Alonso,Aston Martin,12,20,0.578947368421052631578947,0,13,-1,8,76.288,98.055,103.468875,27.137849159101442,1.191999999999993,289.0,328.0,311.0,330.0,5,1,4.0,6.0,0.6570000000000021,15.707865168539323,18.942134831460663,78.42134831460675,1009.9016853932579,3.475280898876404,6.9,15.1,16.6,1,0.32584,9,2.0,0,89.0,9.0,11.8,4.324349662087931,1.6,8.0,0.2,-1.0,,90,12.333333333333334,13.6,1.6,0.5,17,0.0,0,15.061999999999898,,10
2025,2,Shanghai,14,Fernando Alonso,Aston Martin,13,20,0.631578947368421052631579,0,14,-1,11,91.688,107.173,108.65727272727275,19.194439387962905,1.0470000000000113,283.0,278.0,271.0,330.0,5,1,6.333333333333333,7.0,0.7927999999999997,27.215584415584427,35.81688311688313,18.233766233766232,1010.4227272727292,2.18831168831169,4.3,26.4,28.1,0,0.00000,17,0.0,1,89.0,11.0,11.6,3.9749213828703582,1.6,8.0,0.2,-1.0,0.0,91,11.833333333333334,13.0,3.2,0.4,17,0.0,0,,,8
2025,3,Suzuka,14,Fernando Alonso,Aston Martin,13,20,0.631578947368421052631579,0,20,-7,7,87.89699999999999,89.089,103.6022857142857,19.170634520139437,0.9139999999999873,287.0,301.0,269.0,296.0,4,1,9.666666666666666,7.4,0.7478000000000009,14.42999999999999,20.514285714285716,76.37142857142857,1009.3171428571422,1.2021428571428572,2.4,14.2,14.7,0,0.00000,17,0.0,1,89.0,14.333333333333334,12.2,4.604345773288535,1.6,8.0,0.4,-0.8,0.0,92,12.0,12.3,3.6,0.4,11,0.0,6,25.68199999999979,,2
2025,4,Sakhir,14,Fernando Alonso,Aston Martin,13,20,0.631578947368421052631579,0,19,-6,9,91.634,98.527,105.37033333333335,14.844077674278054,1.7929999999999922,243.0,270.0,287.0,320.0,5,1,12.666666666666666,9.0,0.8049999999999983,27.05253164556961,31.87025316455695,45.32911392405063,1008.1253164556957,2.105696202531645,3.6,26.6,27.9,0,0.00000,11,0.0,0,89.0,15.0,12.2,4.604345773288535,1.6,8.0,0.4,-1.6,0.0,93,13.333333333333334,12.8,3.6,0.5,15,0.0,13,24.783000000000357,,17
2025,5,Jeddah,14,Fernando Alonso,Aston Martin,13,20,0.631578947368421052631579,0,16,-3,10,88.303,103.61,107.3423,18.588944922841762,1.0090000000000003,295.0,323.0,308.0,332.0,5,1,13.0,11.0,1.070599999999996,29.483802816901413,37.81971830985914,62.725352112676056,1006.7661971830992,1.026056338028169,2.2,28.3,31.7,0,0.00000,15,0.0,0,89.0,14.333333333333334,13.8,3.6331804249169903,0.4,2.0,0.4,-2.2,0.0,94,14.833333333333334,13.5,2.4,0.4,11,0.0,5,21.98700000000008,,1
2025,6,Miami Gardens,14,Fernando Alonso,Aston Martin,17,20,0.842105263157894736842105,0,19,-2,6,87.604,88.05799999999999,108.298,26.085716681739843,1.3999999999999915,219.0,192.0,287.0,337.0,3,1,13.0,12.8,1.1909999999999967,26.573154362416098,38.69060402684562,63.02013422818792,1012.2959731543626,1.0469798657718126,2.4,25.9,28.0,1,0.03356,11,0.0,0,89.0,12.333333333333334,14.2,3.03315017762062,0.0,0.0,0.4,-1.6,0.0,95,15.0,13.9,2.0,0.4,15,0.0,4,23.489000000000487,,0
2025,7,Imola,14,Fernando Alonso,Aston Martin,5,20,0.210526315789473684210526,1,8,-3,11,75.431,76.238,87.40645454545455,13.479844630882333,0.7609999999999957,235.0,266.0,282.0,299.0,6,2,14.333333333333334,13.8,1.2325999999999966,23.964666666666666,42.66399999999999,38.306666666666665,1009.7999999999994,3.2479999999999993,5.0,23.4,24.3,0,0.00000,15,0.0,1,89.0,13.666666666666666,13.8,2.6832815729997477,0.0,0.0,0.4,-0.2,0.0,96,15.0,14.7,0.4,0.5,11,0.0,8,30.23700000000008,,26
2025,8,Monaco,14,Fernando Alonso,Aston Martin,7,20,0.315789473684210526315789,1,19,-12,25,70.924,92.033,88.40747999999999,16.56524770445646,0.9699999999999989,223.0,204.0,272.0,281.0,6,2,11.666666666666666,12.2,1.1753999999999933,22.20937500000001,43.31749999999996,52.51875,1016.7837499999993,0.9793749999999999,2.2,21.3,22.9,0,0.00000,11,0.0,0,89.0,12.333333333333334,12.6,2.1908902300206643,0.0,0.0,0.2,-0.6,0.0,97,14.0,14.7,0.0,0.4,19,0.0,2,25.467999999999847,,30
2025,9,Barcelona,14,Fernando Alonso,Aston Martin,10,20,0.473684210526315789473684,1,14,-4,8,72.284,83.711,90.37637500000001,16.540878659832003,0.7380000000000138,290.0,311.0,292.0,326.0,5,1,9.666666666666666,11.0,1.1865999999999957,29.11999999999999,48.54322580645158,54.6258064516129,1002.7716129032251,1.6329032258064524,3.5,28.1,30.0,0,0.00000,19,0.0,1,89.0,15.0,14.2,3.3466401061363023,0.0,0.0,0.4,-3.4,0.0,98,15.166666666666666,15.0,0.0,0.5,9,2.0,18,21.95599999999922,,19
2025,10,Montréal,14,Fernando Alonso,Aston Martin,6,20,0.263157894736842105263158,1,18,-12,21,71.586,87.35900000000001,85.39504761904762,11.939791717095362,0.6869999999999976,264.0,285.0,298.0,333.0,6,2,7.333333333333333,10.4,0.9756,24.036526946107763,49.25329341317365,27.976047904191617,1018.9281437125736,1.0377245508982031,2.9,22.8,25.6,1,0.00599,9,2.0,0,89.0,13.0,13.0,4.0,0.4,2.0,0.4,-2.8,2.0,99,13.0,13.6,0.4,0.5,7,6.0,14,18.227999999999156,,27
2025,11,Spielberg,14,Fernando Alonso,Aston Martin,11,20,0.526315789473684210526316,0,16,-5,9,65.128,79.084,79.716,14.657427332243538,1.1569999999999965,319.0,249.0,285.0,320.0,5,2,7.666666666666667,9.0,0.9111999999999995,30.347826086956506,49.16645962732919,31.981366459627328,943.3447204968951,1.6180124223602488,3.7,29.1,31.3,0,0.00000,7,6.0,0,89.0,11.666666666666666,12.2,4.8166378315169185,1.6,8.0,0.4,-3.4,8.0,100,12.666666666666666,13.3,1.6,0.5,7,6.0,11,21.878999999999905,,9
2025,12,Silverstone,14,Fernando Alonso,Aston Martin,9,20,0.421052631578947368421053,1,18,-9,9,85.593,86.108,98.72566666666665,15.746055386985022,0.7010000000000076,320.0,274.0,255.0,323.0,5,1,9.0,7.8,0.8626000000000005,17.917419354838703,23.578709677419354,78.3741935483871,988.7767741935467,1.4832258064516135,5.8,16.0,19.6,1,0.18065,7,6.0,1,89.0,7.666666666666667,10.6,4.979959839195493,2.8,14.0,0.4,-3.0,14.0,101,10.5,12.3,2.8,0.5,9,2.0,8,28.582000000000335,,12
2025,13,Spa-Francorchamps,14,Fernando Alonso,Aston Martin,19,20,0.947368421052631578947368,0,20,-1,5,102.38499999999999,116.952,117.4194,16.475263997884827,1.8229999999999933,340.0,218.0,228.0,311.0,3,1,8.666666666666666,8.6,0.8506000000000029,17.03004484304933,24.090134529147992,84.4439461883408,965.0475336322884,1.446188340807175,3.2,14.5,19.0,1,0.45740,9,2.0,0,89.0,7.666666666666667,10.2,5.0199601592044525,3.2,16.0,0.4,-2.2,16.0,102,10.166666666666666,11.3,4.4,0.5,17,0.0,3,23.307999999999083,,-1
2025,14,Budapest,14,Fernando Alonso,Aston Martin,5,20,0.210526315789473684210526,1,6,-1,10,75.281,76.025,90.8676,16.22562420097024,0.39100000000000534,282.0,257.0,261.0,312.0,5,1,13.0,11.0,1.0212000000000017,22.08216560509553,32.7299363057325,57.24203821656051,987.1401273885358,2.1509554140127394,3.7,21.6,22.5,0,0.00000,17,0.0,0,89.0,11.0,9.8,4.147288270665544,3.2,16.0,0.2,1.0,16.0,103,11.333333333333334,11.0,4.4,0.3,5,10.0,4,22.3070000000007,,20
2025,15,Zandvoort,14,Fernando Alonso,Aston Martin,10,20,0.473684210526315789473684,1,20,-10,10,69.366,69.95,83.1265,14.49142243804168,0.7039999999999935,293.0,282.0,321.0,331.0,6,1,11.0,10.0,0.9518000000000001,20.077358490566034,27.963522012578633,71.17610062893081,1006.205660377358,2.170440251572328,3.9,19.4,20.7,0,0.00000,5,10.0,0,89.0,10.333333333333334,9.0,4.690415759823429,4.8,24.0,0.2,0.8,26.0,104,9.833333333333334,10.4,7.2,0.3,8,4.0,11,17.381000000000313,,12
2025,16,Monza,14,Fernando Alonso,Aston Martin,9,20,0.421052631578947368421053,1,17,-8,12,79.362,80.559,94.01608333333333,15.423855198174106,0.5699999999999932,325.0,342.0,315.0,349.0,7,1,11.333333333333334,10.8,0.9551999999999993,26.761111111111102,43.28819444444442,42.604166666666664,996.7527777777791,1.960416666666666,4.0,25.9,27.4,0,0.00000,8,4.0,0,89.0,10.0,9.2,4.604345773288535,4.4,22.0,0.2,1.4,30.0,105,9.666666666666666,9.5,8.0,0.2,19,0.0,0,25.204999999999927,,22
2025,17,Baku,14,Fernando Alonso,Aston Martin,11,20,0.526315789473684210526316,0,14,-3,9,101.857,114.503,115.81511111111111,12.889410163429165,0.7400000000000091,224.0,227.0,341.0,324.0,4,2,8.0,10.4,0.8377999999999985,20.551923076923092,26.107051282051287,59.833333333333336,1021.1160256410266,1.5070512820512825,2.9,20.3,21.1,0,0.00000,19,0.0,1,89.0,10.666666666666666,11.6,6.06630035524124,3.2,16.0,0.2,-1.6,30.0,106,10.666666666666666,11.1,6.8,0.2,15,0.0,6,25.680999999999585,,14
2025,18,Marina Bay,14,Fernando Alonso,Aston Martin,10,20,0.473684210526315789473684,1,15,-5,10,89.955,90.745,102.7828,17.360954433568576,0.796999999999997,313.0,279.0,261.0,304.0,6,1,10.0,10.8,0.8455999999999989,29.072049689440938,33.852173913043515,74.36024844720497,1010.7776397515512,1.1111801242236026,2.2,28.5,29.5,1,0.03727,15,0.0,0,89.0,14.0,12.8,6.016643582596529,2.8,14.0,0.2,-2.0,30.0,107,14.0,12.7,5.2,0.2,7,6.0,10,30.66400000000067,,11
2025,19,Austin,14,Fernando Alonso,Aston Martin,10,20,0.473684210526315789473684,1,18,-8,10,93.16,100.753,110.10879999999997,18.32643465234487,0.6500000000000057,240.0,193.0,213.0,328.0,5,1,10.0,9.0,0.6403999999999996,28.267532467532465,45.04480519480521,22.532467532467532,1001.1077922077926,2.082467532467532,4.9,26.4,29.3,0,0.00000,7,6.0,0,89.0,13.666666666666666,10.8,5.93295878967653,4.0,20.0,0.2,-2.0,36.0,108,14.833333333333334,11.6,6.4,0.3,10,1.0,5,23.933999999999287,,7
2025,20,Mexico City,14,Fernando Alonso,Aston Martin,14,20,0.684210526315789473684211,0,19,-5,10,77.10300000000001,77.936,89.6462,13.174013113364929,1.5170000000000101,318.0,297.0,254.0,351.0,5,1,10.333333333333334,10.0,0.6921999999999997,26.405555555555555,50.58827160493828,23.234567901234566,780.8888888888889,1.8475308641975292,3.9,25.4,27.1,0,0.00000,10,1.0,0,89.0,10.666666666666666,11.8,5.06951674225463,2.2,11.0,0.2,-2.0,37.0,109,12.333333333333334,12.6,3.4,0.3,18,0.0,5,26.868000000000393,,13
2025,21,São Paulo,14,Fernando Alonso,Aston Martin,11,19,0.555555555555555555555556,0,14,-3,10,70.001,71.135,85.60919999999999,16.161161872423243,0.4900000000000091,325.0,268.0,330.0,335.0,5,2,11.333333333333334,10.8,0.854800000000003,17.34802631578948,30.69276315789474,70.57236842105263,929.708552631579,1.5098684210526314,2.9,16.6,18.0,0,0.00000,18,0.0,1,89.0,11.666666666666666,13.8,5.167204273105525,1.4,7.0,0.4,-3.2,37.0,110,12.333333333333334,14.3,1.4,0.5,14,0.0,14,23.56800000000021,,20
2025,22,Las Vegas,14,Fernando Alonso,Aston Martin,7,20,0.315789473684210526315789,1,12,-5,21,109.46600000000001,117.669,120.75157142857145,10.207379730231594,1.5320000000000107,153.0,195.0,310.0,243.0,3,2,11.666666666666666,11.2,0.8388000000000062,16.73404255319152,19.529787234042566,37.765957446808514,941.8964539007092,1.436879432624114,2.8,16.3,17.2,0,0.00000,14,0.0,0,89.0,14.0,12.8,4.324349662087931,1.4,7.0,0.2,-1.6,37.0,111,14.0,13.6,1.4,0.3,11,0.0,4,21.036000000000058,,16
2025,23,Lusail,14,Fernando Alonso,Aston Martin,8,20,0.368421052631578947368421,1,19,-11,13,80.219,80.98,95.30753846153847,17.468423753616047,0.8319999999999936,257.0,288.0,285.0,328.0,6,1,10.666666666666666,10.4,0.9972000000000065,22.59932885906039,28.160402684563756,69.04697986577182,1016.0953020134215,1.2510067114093952,2.7,21.6,23.7,0,0.00000,11,0.0,0,89.0,14.333333333333334,12.0,4.183300132670378,1.4,7.0,0.2,-1.6,37.0,112,15.166666666666666,13.3,1.4,0.4,7,6.0,3,28.375,,10
2025,24,Yas Island,14,Fernando Alonso,Aston Martin,6,20,0.263157894736842105263158,1,15,-9,12,82.861,83.417,100.27083333333333,18.49010403055121,0.6540000000000106,295.0,324.0,222.0,330.0,6,1,8.666666666666666,10.0,1.0042000000000058,26.67402597402595,31.0616883116883,60.44155844155844,1016.7279220779227,1.5733766233766233,3.2,25.9,27.5,0,0.00000,7,6.0,0,89.0,10.666666666666666,12.0,4.183300132670378,1.4,7.0,0.2,-2.0,43.0,113,13.833333333333334,13.7,1.4,0.4,6,8.0,9,23.358000000000175,,22
2026,1,Melbourne,14,Fernando Alonso,Aston Martin,17,19,0.888888888888888888888889,0,,,8,81.969,83.011,98.013375,19.42329115070358,3.4509999999999934,247.0,271.0,294.0,292.0,2,1,7.0,9.2,1.0050000000000068,24.23445945945945,36.13445945945945,53.97297297297296,1012.5608108108116,2.5614864864864857,4.6,23.1,25.3,0,0.00000,6,8.0,0,89.0,8.0,11.2,4.969909455915671,2.8,14.0,0.2,-2.0,,114,11.5,13.1,3.0,0.4,18,0.0,3,26.006000000000313,,5
2026,2,Shanghai,14,Fernando Alonso,Aston Martin,19,22,0.857142857142857142857143,0,21,-2,7,95.203,117.571,111.95828571428571,17.390454668335405,3.13900000000001,280.0,274.0,273.0,307.0,3,1,10.333333333333334,9.8,1.3918000000000035,15.572368421052628,22.616447368421053,54.99802631578948,1024.481578947368,2.1934210526315794,4.5,14.9,16.4,0,0.00000,18,0.0,1,89.0,10.333333333333334,11.2,4.969909455915671,2.8,14.0,0.2,-1.4,0.0,115,12.5,13.4,3.0,0.4,17,0.0,2,23.311999999999898,,-2
2026,3,Suzuka,14,Fernando Alonso,Aston Martin,21,22,0.952380952380952380952381,0,22,-1,6,92.646,93.846,102.949,11.255316361613296,3.868000000000009,270.0,329.0,254.0,282.0,3,1,14.0,11.4,1.9216000000000037,18.556410256410274,34.1429487179487,52.49551282051283,1011.7987179487181,1.9506410256410254,3.7,17.3,19.5,0,0.00000,17,0.0,1,89.0,13.666666666666666,11.8,5.540758070878027,2.8,14.0,0.4,-0.6,0.0,116,14.333333333333334,13.9,3.0,0.6,18,0.0,3,24.057999999999993,,-3
2026,4,Miami Gardens,14,Fernando Alonso,Aston Martin,17,22,0.761904761904761904761905,0,18,-1,5,91.098,98.137,101.625,11.318375700602978,3.299999999999997,215.0,188.0,267.0,303.0,3,1,19.0,14.2,2.3888000000000034,27.125595238095247,37.01190476190477,70.44821428571433,1015.6476190476195,1.1517857142857149,4.8,25.7,28.1,1,0.01786,18,0.0,1,89.0,17.666666666666668,13.2,6.1400325732035,2.8,14.0,0.6,0.8,0.0,117,18.166666666666668,14.9,3.0,0.7,15,0.0,4,23.30200000000059,,0
2026,5,Montréal,14,Fernando Alonso,Aston Martin,19,22,0.857142857142857142857143,0,21,-2,9,75.196,95.27199999999999,89.25033333333333,12.849187464583121,2.617999999999995,245.0,278.0,274.0,320.0,2,1,19.0,16.0,2.882400000000004,12.848750000000004,17.82749999999999,71.69499999999992,1024.2043749999991,3.0156249999999987,6.2,12.1,13.7,0,0.00000,15,0.0,1,89.0,16.666666666666668,14.8,5.06951674225463,1.6,8.0,0.8,1.0,0.0,118,17.666666666666668,15.7,1.8,0.8,20,0.0,2,24.66900000000078,,4
2026,6,Monte Carlo,14,Fernando Alonso,Aston Martin,21,22,0.952380952380952380952381,0,22,-1,11,75.349,92.327,89.07318181818182,10.668999529648335,3.298000000000002,208.0,192.0,259.0,278.0,3,1,19.0,18.6,3.2752000000000008,23.677403846153872,37.976923076923086,62.198557692307695,1021.4403846153845,0.8418269230769228,3.5,22.6,24.5,0,0.00000,20,0.0,1,89.0,17.666666666666668,17.6,1.8165902124584954,0.0,0.0,1.0,0.8,0.0,119,17.666666666666668,17.6,0.0,1.0,10,1.0,6,20.25300000000061,,-15
2026,7,Barcelona,14,Fernando Alonso,Aston Martin,22,22,1.000000000000000000000000,0,21,1,5,78.815,92.041,91.6202,13.071629840995346,4.135999999999996,274.0,282.0,278.0,327.0,3,1,19.0,19.4,3.244600000000003,30.529333333333362,50.28666666666666,28.866000000000017,1000.5366666666639,2.5713333333333326,5.2,29.8,31.1,0,0.00000,10,1.0,0,89.0,15.0,16.0,3.807886552931954,0.2,1.0,0.8,3.2,1.0,120,15.833333333333334,16.9,0.2,0.9,19,0.0,8,22.20299999999952,,2
2025,7,Imola,43,Franco Colapinto,Alpine,15,20,0.736842105263157894736842,0,10,5,2,76.256,76.256,90.418,20.02809247032777,1.5859999999999985,230.0,263.0,281.0,303.0,1,1,,,,23.964666666666666,42.66399999999999,38.306666666666665,1009.7999999999994,3.2479999999999993,5.0,23.4,24.3,0,0.00000,19,0.0,1,73.0,17.333333333333332,16.2,3.114482300479487,0.0,0.0,0.8,2.0,,9,15.166666666666666,15.2,1.2,0.4,16,0.0,11,30.25799999999981,,13
2025,8,Monaco,43,Franco Colapinto,Alpine,20,20,1.000000000000000000000000,0,18,2,10,72.597,76.09100000000001,85.9973,13.422054016100184,2.6429999999999865,222.0,202.0,269.0,279.0,2,2,15.0,15.0,1.5859999999999985,22.20937500000001,43.31749999999996,52.51875,1016.7837499999993,0.9793749999999999,2.2,21.3,22.9,0,0.00000,16,0.0,0,73.0,18.0,17.0,2.1213203435596424,0.0,0.0,0.6,1.2,0.0,10,16.5,14.8,1.2,0.3,13,0.0,8,24.36999999999989,,-6
2025,9,Barcelona,43,Franco Colapinto,Alpine,19,20,0.947368421052631578947368,0,8,11,4,73.334,73.897,85.75650000000002,14.233809761737488,1.788000000000011,293.0,307.0,293.0,326.0,2,1,17.5,17.5,2.1144999999999925,29.11999999999999,48.54322580645158,54.6258064516129,1002.7716129032251,1.6329032258064524,3.5,28.1,30.0,0,0.00000,13,0.0,1,73.0,16.0,16.2,2.7748873851023212,0.0,0.0,0.6,2.4,0.0,11,15.833333333333334,15.3,1.2,0.5,15,0.0,11,21.88000000000011,,3
2025,10,Montréal,43,Franco Colapinto,Alpine,12,20,0.578947368421052631578947,0,20,-8,15,72.142,88.23,86.7274,12.60497120073777,1.242999999999995,261.0,283.0,298.0,329.0,5,2,18.0,18.0,2.005666666666665,24.036526946107763,49.25329341317365,27.976047904191617,1018.9281437125736,1.0377245508982031,2.9,22.8,25.6,1,0.00599,15,0.0,0,73.0,14.666666666666666,16.4,2.6076809620810595,0.0,0.0,0.6,1.8,0.0,12,14.166666666666666,15.5,0.8,0.5,13,0.0,8,18.16899999999987,,10
2025,11,Spielberg,43,Franco Colapinto,Alpine,14,20,0.684210526315789473684211,0,10,4,10,65.278,67.042,78.6482,15.324871199748754,1.3070000000000022,317.0,247.0,286.0,318.0,5,1,17.0,16.5,1.8149999999999977,30.347826086956506,49.16645962732919,31.981366459627328,943.3447204968951,1.6180124223602488,3.7,29.1,31.3,0,0.00000,13,0.0,1,73.0,13.666666666666666,15.2,2.4899799195977463,0.0,0.0,0.6,1.2,0.0,13,14.0,14.6,0.8,0.5,15,0.0,8,21.201999999999316,,10
2025,12,Silverstone,43,Franco Colapinto,Alpine,20,20,1.000000000000000000000000,0,10,10,4,87.06,114.163,112.54700000000001,17.675902221197457,2.1680000000000064,321.0,269.0,257.0,325.0,1,1,15.0,16.0,1.7133999999999987,17.917419354838703,23.578709677419354,78.3741935483871,988.7767741935467,1.4832258064516135,5.8,16.0,19.6,1,0.18065,15,0.0,1,73.0,14.333333333333334,14.4,1.3416407864998736,0.0,0.0,0.6,0.8,0.0,14,13.166666666666666,14.1,0.8,0.6,20,0.0,,,,0
2025,13,Spa-Francorchamps,43,Franco Colapinto,Alpine,17,20,0.842105263157894736842105,0,13,4,4,102.02199999999999,102.545,114.64974999999998,20.12682389871785,1.4599999999999937,341.0,214.0,226.0,319.0,3,2,15.333333333333334,17.0,1.8298,17.03004484304933,24.090134529147992,84.4439461883408,965.0475336322884,1.446188340807175,3.2,14.5,19.0,1,0.45740,20,0.0,1,73.0,16.0,15.2,2.8635642126552705,0.0,0.0,0.8,0.8,0.0,15,13.666666666666666,13.8,2.4,0.7,19,0.0,2,22.95600000000013,,6
2025,14,Budapest,43,Franco Colapinto,Alpine,14,20,0.684210526315789473684211,0,17,-3,8,75.875,77.269,87.653375,12.751679328481742,0.9849999999999994,282.0,256.0,261.0,310.0,4,1,17.0,16.4,1.5932000000000017,22.08216560509553,32.7299363057325,57.24203821656051,987.1401273885358,2.1509554140127394,3.7,21.6,22.5,0,0.00000,19,0.0,0,73.0,18.0,16.4,2.9664793948382653,0.0,0.0,0.6,-1.0,0.0,16,13.833333333333334,13.4,2.6,0.5,18,0.0,6,26.23400000000038,,14
2025,15,Zandvoort,43,Franco Colapinto,Alpine,16,20,0.789473684210526315789474,0,14,2,6,70.104,71.132,83.08866666666667,13.839121267864757,1.441999999999993,291.0,283.0,323.0,331.0,3,1,17.0,15.4,1.4325999999999994,20.077358490566034,27.963522012578633,71.17610062893081,1006.205660377358,2.170440251572328,3.9,19.4,20.7,0,0.00000,18,0.0,1,73.0,19.0,17.0,2.9154759474226504,0.0,0.0,0.8,-2.4,0.0,17,15.333333333333334,14.8,1.8,0.7,11,0.0,9,17.69499999999971,,-1
2025,16,Monza,43,Franco Colapinto,Alpine,18,20,0.894736842105263157894737,0,19,-1,6,79.992,80.67,93.66616666666665,14.981473391047576,1.2000000000000028,322.0,337.0,315.0,345.0,3,1,15.666666666666666,16.2,1.472399999999999,26.761111111111102,43.28819444444442,42.604166666666664,996.7527777777791,1.960416666666666,4.0,25.9,27.4,0,0.00000,11,0.0,0,73.0,16.0,16.6,3.6469165057620936,0.0,0.0,0.6,-0.8,0.0,18,15.666666666666666,14.8,1.8,0.5,17,0.0,7,25.074999999999818,,5
2025,17,Baku,43,Franco Colapinto,Alpine,16,20,0.789473684210526315789474,0,18,-2,3,102.779,104.057,111.36333333333334,13.776548418719887,1.6620000000000061,224.0,220.0,341.0,323.0,2,1,16.0,17.0,1.4509999999999992,20.551923076923092,26.107051282051287,59.833333333333336,1021.1160256410266,1.5070512820512825,2.9,20.3,21.1,0,0.00000,17,0.0,1,73.0,15.333333333333334,17.0,3.5355339059327378,0.0,0.0,0.6,-0.6,0.0,19,16.333333333333332,15.3,1.8,0.5,19,0.0,2,21.145000000000437,,8
2025,18,Marina Bay,43,Franco Colapinto,Alpine,16,20,0.789473684210526315789474,0,18,-2,7,90.982,122.882,117.09271428571427,28.100394165173114,1.823999999999998,314.0,279.0,262.0,304.0,3,1,16.666666666666668,16.2,1.349799999999999,29.072049689440938,33.852173913043515,74.36024844720497,1010.7776397515512,1.1111801242236026,2.2,28.5,29.5,1,0.03727,19,0.0,1,73.0,15.666666666666666,16.8,3.3466401061363023,0.0,0.0,0.6,-1.2,0.0,20,16.333333333333332,16.4,0.2,0.6,16,0.0,7,23.95600000000013,,7
2025,19,Austin,43,Franco Colapinto,Alpine,15,20,0.736842105263157894736842,0,14,1,8,94.039,106.38,108.575,13.570848241727562,1.5290000000000106,242.0,190.0,211.0,325.0,4,1,16.666666666666668,16.0,1.4225999999999999,28.267532467532465,45.04480519480521,22.532467532467532,1001.1077922077926,2.082467532467532,4.9,26.4,29.3,0,0.00000,16,0.0,1,73.0,17.333333333333332,16.2,3.114482300479487,0.0,0.0,0.8,-0.4,0.0,21,17.5,17.0,0.0,0.8,17,0.0,9,23.784999999999854,,13
2025,20,Mexico City,43,Franco Colapinto,Alpine,20,20,1.000000000000000000000000,0,18,2,5,77.67,98.60900000000001,93.75059999999999,15.818140086622073,2.084000000000003,317.0,296.0,253.0,350.0,3,1,15.666666666666666,16.2,1.531400000000002,26.405555555555555,50.58827160493828,23.234567901234566,780.8888888888889,1.8475308641975292,3.9,25.4,27.1,0,0.00000,17,0.0,1,73.0,17.333333333333332,16.0,3.0,0.0,0.0,0.8,0.0,0.0,22,18.0,16.9,0.0,0.8,16,0.0,7,22.810999999999694,,-1
2025,21,São Paulo,43,Franco Colapinto,Alpine,18,19,0.944444444444444444444444,0,9,9,6,70.632,71.966,83.37333333333333,15.254266952779693,1.1210000000000093,324.0,265.0,331.0,338.0,3,1,17.0,17.0,1.6598000000000042,17.34802631578948,30.69276315789474,70.57236842105263,929.708552631579,1.5098684210526314,2.9,16.6,18.0,0,0.00000,16,0.0,1,73.0,16.333333333333332,17.0,1.224744871391589,0.0,0.0,1.0,-0.2,0.0,23,17.0,17.2,0.0,1.0,15,0.0,17,23.73199999999997,,11
2025,22,Las Vegas,43,Franco Colapinto,Alpine,15,20,0.736842105263157894736842,0,10,5,14,113.68299999999999,118.783,123.36835714285714,11.783791218365248,5.748999999999995,144.0,178.0,307.0,237.0,2,1,17.666666666666668,17.0,1.6440000000000055,16.73404255319152,19.529787234042566,37.765957446808514,941.8964539007092,1.436879432624114,2.8,16.3,17.2,0,0.00000,15,0.0,0,73.0,16.0,16.6,1.51657508881031,0.0,0.0,0.8,0.0,0.0,24,15.333333333333334,16.4,0.2,0.8,15,0.0,7,22.847999999999956,,7
2025,23,Lusail,43,Franco Colapinto,Alpine,20,20,1.000000000000000000000000,0,9,11,7,81.137,102.21000000000001,99.06642857142856,18.957431021960254,1.75,252.0,287.0,283.0,326.0,3,1,17.666666666666668,16.8,2.4614000000000034,22.59932885906039,28.160402684563756,69.04697986577182,1016.0953020134215,1.2510067114093952,2.7,21.6,23.7,0,0.00000,15,0.0,1,73.0,15.333333333333334,15.8,0.8366600265340752,0.0,0.0,0.8,0.6,0.0,25,14.0,15.5,0.2,0.7,14,0.0,6,29.100000000000364,,-6
2025,24,Yas Island,43,Franco Colapinto,Alpine,20,20,1.000000000000000000000000,0,19,1,6,83.89,84.468,96.89333333333333,14.326604170795905,1.683000000000007,295.0,322.0,219.0,328.0,3,1,17.666666666666668,17.6,2.4466000000000037,26.67402597402595,31.0616883116883,60.44155844155844,1016.7279220779227,1.5733766233766233,3.2,25.9,27.5,0,0.00000,14,0.0,1,73.0,14.666666666666666,15.4,1.1401754250991378,0.0,0.0,0.8,1.8,0.0,26,13.833333333333334,15.0,0.2,0.7,20,0.0,8,21.925000000000182,,8
2026,1,Melbourne,43,Franco Colapinto,Alpine,16,19,0.833333333333333333333333,0,14,2,14,81.2,104.501,101.08471428571431,16.021805422267832,2.682000000000002,282.0,292.0,302.0,302.0,4,1,18.333333333333332,18.6,2.477400000000003,24.23445945945945,36.13445945945945,53.97297297297296,1012.5608108108116,2.5614864864864857,4.6,23.1,25.3,0,0.00000,20,0.0,1,73.0,16.333333333333332,16.0,2.345207879911715,0.0,0.0,0.8,2.2,,27,16.166666666666668,15.3,0.2,0.7,14,0.0,7,18.78399999999965,,3
2026,2,Shanghai,43,Franco Colapinto,Alpine,12,22,0.523809523809523809523810,0,7,5,11,93.357,111.194,107.3731818181818,14.68110322706153,1.2930000000000064,288.0,276.0,279.0,320.0,5,1,18.666666666666668,17.8,2.5970000000000026,15.572368421052628,22.616447368421053,54.99802631578948,1024.481578947368,2.1934210526315794,4.5,14.9,16.4,0,0.00000,14,0.0,1,73.0,16.0,15.6,2.5099800796022267,0.0,0.0,0.8,1.8,0.0,28,15.5,14.6,0.4,0.7,10,1.0,5,23.186999999999898,,2
2026,3,Suzuka,43,Franco Colapinto,Alpine,15,22,0.666666666666666666666667,0,7,8,8,90.627,91.458,101.232375,11.19108038876753,1.8490000000000038,275.0,329.0,270.0,283.0,4,1,16.0,16.6,2.631400000000002,18.556410256410274,34.1429487179487,52.49551282051283,1011.7987179487181,1.9506410256410254,3.7,17.3,19.5,0,0.00000,10,1.0,1,73.0,14.666666666666666,14.6,3.5777087639996634,0.2,1.0,1.0,2.0,1.0,29,13.166666666666666,13.7,2.0,0.8,16,0.0,2,23.50799999999981,,4
2026,4,Miami Gardens,43,Franco Colapinto,Alpine,8,22,0.333333333333333333333333,1,9,-1,12,88.762,97.06700000000001,106.86399999999999,18.21466453662592,0.9639999999999986,221.0,193.0,274.0,327.0,5,1,14.333333333333334,16.6,1.851400000000004,27.125595238095247,37.01190476190477,70.44821428571433,1015.6476190476195,1.1517857142857149,4.8,25.7,28.1,1,0.01786,16,0.0,0,73.0,13.333333333333334,14.8,3.63318042491699,0.2,1.0,0.8,1.8,1.0,30,10.5,13.2,3.2,0.7,7,6.0,3,23.11999999999989,,10
2026,5,Montréal,43,Franco Colapinto,Alpine,10,22,0.428571428571428571428571,1,14,-4,20,73.697,87.611,88.25915,12.504951748786306,1.1189999999999998,249.0,292.0,280.0,323.0,6,1,11.666666666666666,14.2,1.6942000000000035,12.848750000000004,17.82749999999999,71.69499999999992,1024.2043749999991,3.0156249999999987,6.2,12.1,13.7,0,0.00000,7,6.0,0,73.0,11.0,13.4,5.079370039680118,1.4,7.0,0.6,0.8,7.0,31,11.166666666666666,13.0,4.4,0.6,6,8.0,2,25.566000000000713,,3
2026,6,Monte Carlo,43,Franco Colapinto,Alpine,14,22,0.619047619047619047619048,0,9,5,19,73.995,83.52199999999999,84.4872105263158,9.830310781675594,1.9440000000000026,215.0,199.0,266.0,284.0,5,1,11.0,12.2,1.5814000000000021,23.677403846153872,37.976923076923086,62.198557692307695,1021.4403846153845,0.8418269230769228,3.5,22.6,24.5,0,0.00000,6,8.0,1,73.0,9.666666666666666,10.6,4.33589667773576,3.0,15.0,0.6,1.6,15.0,32,10.833333333333334,10.5,6.8,0.6,14,0.0,4,22.079000000000633,,4
2026,7,Barcelona,43,Franco Colapinto,Alpine,13,22,0.571428571428571428571429,0,14,-1,8,76.191,77.376,94.40062499999999,18.85594128375533,1.5120000000000005,280.0,288.0,290.0,336.0,4,1,10.666666666666666,11.8,1.4338000000000022,30.529333333333362,50.28666666666666,28.866000000000017,1000.5366666666639,2.5713333333333326,5.2,29.8,31.1,0,0.00000,14,0.0,0,73.0,9.0,10.6,4.33589667773576,3.0,15.0,0.4,1.2,15.0,33,9.833333333333334,9.8,9.6,0.4,10,1.0,10,22.168000000000575,,5
2025,1,Melbourne,5,Gabriel Bortoleto,Kick Sauber,15,20,0.736842105263157894736842,0,17,-2,9,76.51599999999999,115.195,107.24,24.352202174546765,1.4199999999999875,289.0,327.0,310.0,326.0,5,1,,,,15.707865168539323,18.942134831460663,78.42134831460675,1009.9016853932579,3.475280898876404,6.9,15.1,16.6,1,0.32584,,,,79.0,,,,,,,,,0,13.5,13.8,0.8,0.5,16,0.0,1,14.407000000000153,,3
2025,2,Shanghai,5,Gabriel Bortoleto,Kick Sauber,19,20,0.947368421052631578947368,0,12,7,6,92.14099999999999,92.936,105.83533333333332,15.229959549081764,1.5,285.0,278.0,268.0,333.0,3,1,15.0,15.0,1.4199999999999875,27.215584415584427,35.81688311688313,18.233766233766232,1010.4227272727292,2.18831168831169,4.3,26.4,28.1,0,0.00000,16,0.0,1,79.0,16.0,16.0,,0.0,0.0,1.0,-1.0,0.0,1,12.166666666666666,13.2,2.0,0.4,14,0.0,4,22.85399999999936,,-6
2025,3,Suzuka,5,Gabriel Bortoleto,Kick Sauber,17,20,0.842105263157894736842105,0,16,1,7,88.622,113.399,108.99757142857142,20.658989906391383,1.6389999999999958,287.0,297.0,274.0,293.0,3,1,17.0,17.0,1.4599999999999937,14.42999999999999,20.514285714285716,76.37142857142857,1009.3171428571422,1.2021428571428572,2.4,14.2,14.7,0,0.00000,14,0.0,1,79.0,15.0,15.0,1.4142135623730951,0.0,0.0,1.0,2.0,0.0,2,13.833333333333334,13.3,2.0,0.6,19,0.0,5,23.35900000000038,,9
2025,4,Sakhir,5,Gabriel Bortoleto,Kick Sauber,18,20,0.894736842105263157894737,0,16,2,4,92.186,92.71600000000001,113.1535,25.53420426930642,2.344999999999999,242.0,276.0,287.0,319.0,2,1,17.0,17.0,1.5196666666666612,27.05253164556961,31.87025316455695,45.32911392405063,1008.1253164556957,2.105696202531645,3.6,26.6,27.9,0,0.00000,19,0.0,0,79.0,16.333333333333332,16.333333333333332,2.5166114784235836,0.0,0.0,0.6666666666666666,0.6666666666666666,0.0,3,14.5,13.7,2.0,0.5,18,0.0,8,24.068999999999505,,8
2025,5,Jeddah,5,Gabriel Bortoleto,Kick Sauber,20,20,1.000000000000000000000000,0,18,2,6,89.462,110.078,114.24366666666667,22.536663476803007,2.1680000000000064,295.0,330.0,311.0,336.0,3,1,18.0,17.25,1.7259999999999955,29.483802816901413,37.81971830985914,62.725352112676056,1006.7661971830992,1.026056338028169,2.2,28.3,31.7,0,0.00000,18,0.0,0,79.0,17.0,16.75,2.217355782608345,0.0,0.0,0.5,0.5,0.0,4,17.0,15.6,1.2,0.6,18,0.0,7,21.8449999999998,,3
2025,6,Miami Gardens,5,Gabriel Bortoleto,Kick Sauber,13,20,0.631578947368421052631579,0,16,-3,10,87.151,88.674,103.1206,18.62820613538035,0.9469999999999885,225.0,193.0,288.0,341.0,5,1,18.333333333333332,17.8,1.8143999999999978,26.573154362416098,38.69060402684562,63.02013422818792,1012.2959731543626,1.0469798657718126,2.4,25.9,28.0,1,0.03356,18,0.0,1,79.0,18.333333333333332,17.0,2.0,0.0,0.0,0.6,0.8,0.0,5,17.666666666666668,15.8,1.2,0.6,18,0.0,3,22.199000000000524,,13
2025,7,Imola,5,Gabriel Bortoleto,Kick Sauber,14,20,0.684210526315789473684211,0,17,-3,10,76.26,76.69800000000001,92.2784,19.03578017080233,1.5900000000000034,234.0,262.0,282.0,300.0,5,1,17.0,17.4,1.719799999999998,23.964666666666666,42.66399999999999,38.306666666666665,1009.7999999999994,3.2479999999999993,5.0,23.4,24.3,0,0.00000,18,0.0,1,79.0,18.0,17.4,1.9493588689617927,0.0,0.0,0.6,0.0,0.0,6,17.166666666666668,16.7,0.0,0.7,18,0.0,6,29.886000000000422,,14
2025,8,Monaco,5,Gabriel Bortoleto,Kick Sauber,16,20,0.789473684210526315789474,0,13,3,12,71.902,91.241,87.72399999999999,14.197734198231643,1.9479999999999933,220.0,205.0,269.0,280.0,2,1,15.666666666666666,16.4,1.7377999999999987,22.20937500000001,43.31749999999996,52.51875,1016.7837499999993,0.9793749999999999,2.2,21.3,22.9,0,0.00000,18,0.0,0,79.0,18.0,18.2,0.4472135954999578,0.0,0.0,0.4,-1.8,0.0,7,15.833333333333334,16.8,0.0,0.5,14,0.0,9,24.44300000000021,,5
2025,9,Barcelona,5,Gabriel Bortoleto,Kick Sauber,12,20,0.578947368421052631578947,0,16,-4,8,72.756,73.911,90.33975,20.39107761287485,1.210000000000008,293.0,311.0,293.0,328.0,4,1,14.333333333333334,16.2,1.799599999999998,29.11999999999999,48.54322580645158,54.6258064516129,1002.7716129032251,1.6329032258064524,3.5,28.1,30.0,0,0.00000,14,0.0,1,79.0,16.666666666666668,17.2,1.7888543819998317,0.0,0.0,0.6,-1.0,0.0,8,15.333333333333334,16.3,0.0,0.7,12,0.0,14,22.085000000000036,,14
2025,10,Montréal,5,Gabriel Bortoleto,Kick Sauber,16,20,0.789473684210526315789474,0,13,3,8,72.385,88.469,89.359,14.683838589220656,1.4860000000000042,264.0,284.0,298.0,330.0,3,1,14.0,15.0,1.5726,24.036526946107763,49.25329341317365,27.976047904191617,1018.9281437125736,1.0377245508982031,2.9,22.8,25.6,1,0.00599,12,0.0,0,79.0,14.666666666666666,16.0,2.8284271247461903,0.0,0.0,0.6,-1.0,0.0,9,12.833333333333334,14.2,2.0,0.6,14,0.0,10,18.26599999999962,,6
2025,11,Spielberg,5,Gabriel Bortoleto,Kick Sauber,8,20,0.368421052631578947368421,1,20,-12,13,64.846,66.125,75.24146153846155,11.556148901597687,0.875,318.0,249.0,286.0,319.0,7,2,14.666666666666666,14.2,1.4361999999999995,30.347826086956506,49.16645962732919,31.981366459627328,943.3447204968951,1.6180124223602488,3.7,29.1,31.3,0,0.00000,14,0.0,1,79.0,13.333333333333334,15.2,2.683281572999748,0.0,0.0,0.6,-1.2,0.0,10,11.5,13.1,2.8,0.5,8,4.0,12,21.23700000000008,,19
2025,12,Silverstone,5,Gabriel Bortoleto,Kick Sauber,17,20,0.842105263157894736842105,0,19,-2,5,86.446,87.475,98.7948,16.354379847612687,1.554000000000002,320.0,270.0,255.0,319.0,3,1,12.0,13.2,1.4218000000000017,17.917419354838703,23.578709677419354,78.3741935483871,988.7767741935467,1.4832258064516135,5.8,16.0,19.6,1,0.18065,8,4.0,1,79.0,11.333333333333334,13.2,3.6331804249169903,0.8,4.0,0.6,-0.2,4.0,11,9.333333333333334,11.6,4.0,0.5,18,0.0,0,3385.786,,2
2025,13,Spa-Francorchamps,5,Gabriel Bortoleto,Kick Sauber,10,20,0.473684210526315789473684,1,14,-4,11,101.336,102.955,120.38899999999998,25.66116104543986,0.7740000000000009,341.0,219.0,228.0,314.0,6,1,13.666666666666666,13.8,1.4146000000000014,17.03004484304933,24.090134529147992,84.4439461883408,965.0475336322884,1.446188340807175,3.2,14.5,19.0,1,0.45740,18,0.0,1,79.0,13.333333333333334,13.2,3.63318042491699,0.8,4.0,0.8,0.2,4.0,12,10.0,10.7,7.0,0.6,9,2.0,2,23.208999999998923,,3
2025,14,Budapest,5,Gabriel Bortoleto,Kick Sauber,7,20,0.315789473684210526315789,1,19,-12,11,75.586,77.134,89.25545454545455,15.134620281748969,0.695999999999998,281.0,256.0,260.0,311.0,6,1,11.666666666666666,12.6,1.179800000000003,22.08216560509553,32.7299363057325,57.24203821656051,987.1401273885358,2.1509554140127394,3.7,21.6,22.5,0,0.00000,9,2.0,0,79.0,11.666666666666666,12.2,4.024922359499621,1.2,6.0,0.6,0.0,6.0,13,9.833333333333334,9.8,7.4,0.4,6,8.0,4,21.86700000000019,,14
2025,15,Zandvoort,5,Gabriel Bortoleto,Kick Sauber,13,20,0.631578947368421052631579,0,17,-4,8,69.622,70.425,82.784875,14.122424260095814,0.9599999999999937,290.0,282.0,321.0,331.0,4,1,11.333333333333334,11.6,1.077000000000001,20.077358490566034,27.963522012578633,71.17610062893081,1006.205660377358,2.170440251572328,3.9,19.4,20.7,0,0.00000,6,8.0,0,79.0,11.0,11.0,4.898979485566356,2.8,14.0,0.6,0.2,14.0,14,10.166666666666666,10.0,7.0,0.5,15,0.0,10,17.554000000000087,,14
2025,16,Monza,5,Gabriel Bortoleto,Kick Sauber,8,20,0.368421052631578947368421,1,12,-4,13,79.32300000000001,80.349,92.15015384615384,14.75105149272504,0.5310000000000059,329.0,347.0,319.0,355.0,7,1,10.0,11.0,0.9717999999999989,26.761111111111102,43.28819444444442,42.604166666666664,996.7527777777791,1.960416666666666,4.0,25.9,27.4,0,0.00000,15,0.0,0,79.0,10.0,11.2,5.06951674225463,2.8,14.0,0.4,-0.4,14.0,15,11.5,10.7,6.2,0.4,8,4.0,9,26.079999999999927,,16
2025,17,Baku,5,Gabriel Bortoleto,Kick Sauber,13,20,0.631578947368421052631579,0,17,-4,7,102.277,103.856,115.30042857142858,16.563231476749362,1.1600000000000108,219.0,229.0,336.0,319.0,4,2,9.333333333333334,11.0,0.9030000000000001,20.551923076923092,26.107051282051287,59.833333333333336,1021.1160256410266,1.5070512820512825,2.9,20.3,21.1,0,0.00000,8,4.0,0,79.0,9.666666666666666,11.2,5.06951674225463,2.8,14.0,0.2,-0.6,18.0,16,12.666666666666666,11.8,5.8,0.3,11,0.0,9,20.792999999999665,,5
2025,18,Marina Bay,5,Gabriel Bortoleto,Kick Sauber,14,20,0.684210526315789473684211,0,11,3,6,90.82,127.312,121.00816666666667,23.834838614235817,1.661999999999992,310.0,279.0,260.0,300.0,2,1,11.333333333333334,10.2,0.8242000000000018,29.072049689440938,33.852173913043515,74.36024844720497,1010.7776397515512,1.1111801242236026,2.2,28.5,29.5,1,0.03727,11,0.0,0,79.0,11.333333333333334,9.8,3.420526275297414,2.8,14.0,0.0,0.2,18.0,17,14.0,12.4,2.8,0.2,17,0.0,7,32.90300000000025,,13
2025,19,Austin,5,Gabriel Bortoleto,Kick Sauber,16,20,0.789473684210526315789474,0,11,5,4,94.125,94.73400000000001,111.06,19.460624056454783,1.615000000000009,240.0,193.0,212.0,322.0,2,1,11.666666666666666,11.0,1.0018,28.267532467532465,45.04480519480521,22.532467532467532,1001.1077922077926,2.082467532467532,4.9,26.4,29.3,0,0.00000,17,0.0,1,79.0,12.0,11.4,4.61519230368573,2.4,12.0,0.2,-0.6,18.0,18,15.333333333333334,14.0,2.4,0.4,18,0.0,8,23.972999999999956,,12
2025,20,Mexico City,5,Gabriel Bortoleto,Kick Sauber,16,20,0.789473684210526315789474,0,13,3,6,77.412,78.964,94.27816666666668,19.099188332666568,1.8260000000000076,316.0,296.0,253.0,345.0,3,1,14.333333333333334,12.8,1.1856000000000022,26.405555555555555,50.58827160493828,23.234567901234566,780.8888888888889,1.8475308641975292,3.9,25.4,27.1,0,0.00000,18,0.0,1,79.0,15.333333333333334,13.8,4.207136793592526,0.8,4.0,0.4,-1.2,18.0,19,15.0,14.7,1.6,0.4,10,1.0,10,22.287999999999556,,-1
2025,22,Las Vegas,5,Gabriel Bortoleto,Kick Sauber,18,20,0.894736842105263157894737,0,11,7,8,116.674,123.991,129.205375,16.36888206268659,8.740000000000009,143.0,179.0,259.0,242.0,1,1,15.333333333333334,13.4,1.3588000000000051,16.73404255319152,19.529787234042566,37.765957446808514,941.8964539007092,1.436879432624114,2.8,16.3,17.2,0,0.00000,20,0.0,1,79.0,16.0,15.2,4.43846820423443,0.2,1.0,0.6,0.2,19.0,21,14.0,14.8,1.4,0.5,17,0.0,0,33.222999999999956,,-2
2025,23,Lusail,5,Gabriel Bortoleto,Kick Sauber,14,20,0.684210526315789473684211,0,11,3,15,80.53399999999999,112.112,103.59593333333333,22.8188189047883,1.1469999999999914,257.0,287.0,283.0,325.0,6,1,16.666666666666668,15.4,3.0006000000000057,22.59932885906039,28.160402684563756,69.04697986577182,1016.0953020134215,1.2510067114093952,2.7,21.6,23.7,0,0.00000,17,0.0,1,79.0,15.666666666666666,16.4,3.7815340802378077,0.2,1.0,0.8,0.0,19.0,22,13.666666666666666,14.5,2.6,0.6,13,0.0,5,28.149999999999636,,3
2025,24,Yas Island,5,Gabriel Bortoleto,Kick Sauber,7,20,0.315789473684210526315789,1,18,-11,14,82.874,83.97,97.69885714285715,15.745389893587868,0.6670000000000016,291.0,322.0,221.0,329.0,7,1,16.0,15.6,2.998000000000002,26.67402597402595,31.0616883116883,60.44155844155844,1016.7279220779227,1.5733766233766233,3.2,25.9,27.5,0,0.00000,13,0.0,0,79.0,16.666666666666668,15.6,4.03732584763727,0.2,1.0,0.6,1.8,19.0,23,14.333333333333334,14.1,2.6,0.5,11,0.0,8,22.034999999999854,,20
2026,1,Melbourne,5,Gabriel Bortoleto,Audi,10,19,0.500000000000000000000000,1,11,-1,12,80.221,95.536,97.27266666666668,15.776256321293449,1.703000000000003,257.0,283.0,301.0,291.0,3,1,13.0,14.2,2.799000000000004,24.23445945945945,36.13445945945945,53.97297297297296,1012.5608108108116,2.5614864864864857,4.6,23.1,25.3,0,0.00000,11,0.0,0,81.0,13.666666666666666,14.2,4.207136793592526,0.2,1.0,0.4,1.4,,24,,,,,9,2.0,5,19.141999999999825,,6
2026,2,Shanghai,5,Gabriel Bortoleto,Audi,16,22,0.714285714285714285714286,0,11,5,10,93.549,115.875,113.8268,17.85179702003259,1.4850000000000136,283.0,286.0,275.0,322.0,4,1,10.333333333333334,13.0,2.8166000000000024,15.572368421052628,22.616447368421053,54.99802631578948,1024.481578947368,2.1934210526315794,4.5,14.9,16.4,0,0.00000,9,2.0,1,81.0,11.0,14.0,4.47213595499958,0.4,2.0,0.6,0.4,2.0,25,15.5,15.5,2.0,1.0,21,0.0,,,,10
2026,3,Suzuka,5,Gabriel Bortoleto,Audi,9,22,0.380952380952380952380952,1,13,-4,14,89.99,90.96600000000001,105.417,16.192258948218246,1.2120000000000033,278.0,334.0,271.0,288.0,6,1,11.0,13.0,2.7484000000000037,18.556410256410274,34.1429487179487,52.49551282051283,1011.7987179487181,1.9506410256410254,3.7,17.3,19.5,0,0.00000,21,0.0,1,81.0,13.666666666666666,14.2,4.8166378315169185,0.4,2.0,0.6,-0.2,2.0,26,15.75,15.75,1.0,1.0,13,0.0,5,24.58300000000054,,15
2026,4,Miami Gardens,5,Gabriel Bortoleto,Audi,21,22,0.952380952380952380952381,0,10,11,1,93.737,93.737,93.737,,5.938999999999993,219.0,183.0,237.0,281.0,1,1,11.666666666666666,11.2,1.2428000000000026,27.125595238095247,37.01190476190477,70.44821428571433,1015.6476190476195,1.1517857142857149,4.8,25.7,28.1,1,0.01786,13,0.0,0,81.0,14.333333333333334,13.4,4.560701700396552,0.4,2.0,0.4,-1.2,2.0,27,14.5,14.5,0.6666666666666666,0.6666666666666666,12,0.0,9,23.926000000000386,,-9
2026,5,Montréal,5,Gabriel Bortoleto,Audi,13,22,0.571428571428571428571429,0,11,2,19,74.071,90.995,92.45689473684209,18.28772415491009,1.492999999999995,252.0,287.0,278.0,329.0,4,1,15.333333333333334,12.6,2.2012000000000027,12.848750000000004,17.82749999999999,71.69499999999992,1024.2043749999991,3.0156249999999987,6.2,12.1,13.7,0,0.00000,12,0.0,1,81.0,15.333333333333334,13.2,4.604345773288535,0.4,2.0,0.6,-0.6,2.0,28,14.5,14.75,0.5,0.75,13,0.0,9,24.592999999999847,,9
2026,6,Monte Carlo,5,Gabriel Bortoleto,Audi,16,22,0.714285714285714285714286,0,13,3,9,74.68299999999999,93.59100000000001,90.8872222222222,13.349888817681013,2.631999999999991,212.0,200.0,266.0,284.0,2,1,14.333333333333334,13.8,2.3664000000000014,23.677403846153872,37.976923076923086,62.198557692307695,1021.4403846153845,0.8418269230769228,3.5,22.6,24.5,0,0.00000,13,0.0,1,81.0,12.666666666666666,13.6,4.449719092257398,0.4,2.0,0.8,0.2,2.0,29,13.333333333333334,14.3,0.4,0.8,11,0.0,6,20.09400000000005,,-4
2026,7,Barcelona,5,Gabriel Bortoleto,Audi,12,22,0.523809523809523809523810,0,9,3,5,76.001,76.66,88.60060000000001,16.743576687792842,1.3220000000000027,281.0,284.0,287.0,334.0,3,1,16.666666666666668,15.0,2.552199999999999,30.529333333333362,50.28666666666666,28.866000000000017,1000.5366666666639,2.5713333333333326,5.2,29.8,31.1,0,0.00000,11,0.0,0,81.0,12.0,14.0,4.0,0.0,0.0,0.6,1.0,2.0,30,13.333333333333334,13.6,0.0,0.6,11,0.0,16,22.24499999999989,,14
2020,1,Spielberg,63,George Russell,Williams,17,20,0.842105263157894736842105,0,20,-3,8,65.167,65.592,79.7465,18.24191827318921,2.2280000000000015,322.0,246.0,288.0,318.0,2,1,18.333333333333332,18.4,3.453800000000007,28.68416666666667,52.02499999999999,33.8325,938.7708333333335,1.8874999999999997,3.6,26.9,30.0,0,0.00000,,,,75.0,,,,,,,,,0,,,,,15,0.0,4,21.21100000000024,,0
2020,2,Spielberg,63,George Russell,Williams,12,20,0.578947368421052631578947,0,18,-6,19,79.636,86.298,88.86405263157894,9.916053440275991,1.8109999999999928,292.0,217.0,268.0,295.0,4,1,18.0,18.2,3.2394000000000047,20.822499999999994,39.92,34.005,945.9099999999996,2.228333333333333,4.5,19.4,22.1,1,0.01667,15,0.0,1,75.0,15.0,15.0,,0.0,0.0,1.0,2.0,0.0,1,13.0,13.0,0.0,0.5,16,0.0,6,22.287000000000262,,14
2020,3,Budapest,63,George Russell,Williams,12,20,0.578947368421052631578947,0,15,-3,10,75.58500000000001,82.754,86.7569,11.864332218413681,2.1380000000000052,282.0,259.0,263.0,308.0,4,1,16.0,16.8,2.788600000000001,20.74179104477611,27.12985074626864,77.19253731343284,986.3149253731342,1.5597014925373138,2.8,19.9,21.8,1,0.01493,16,0.0,0,75.0,15.5,15.5,0.7071067811865476,0.0,0.0,0.5,-1.5,0.0,2,14.75,14.75,0.0,0.25,18,0.0,5,21.161999999999807,,17
2020,4,Silverstone,63,George Russell,Williams,15,20,0.736842105263157894736842,0,20,-5,9,86.732,87.566,102.194,20.14091902694611,2.429000000000002,315.0,266.0,257.0,317.0,4,1,13.666666666666666,15.6,2.5476000000000014,21.291406249999998,40.63281250000001,44.16796875,998.40859375,3.114062500000001,4.7,20.8,22.1,0,0.00000,18,0.0,0,75.0,16.333333333333332,16.333333333333332,1.5275252316519465,0.0,0.0,0.3333333333333333,-3.0,0.0,3,16.0,16.0,0.0,0.16666666666666666,12,0.0,7,29.304999999999836,,1
2020,5,Silverstone,63,George Russell,Williams,15,20,0.736842105263157894736842,0,18,-3,8,87.455,98.24000000000001,106.46912499999999,19.76211544082335,2.301000000000002,317.0,270.0,253.0,326.0,3,2,13.0,15.0,2.508800000000001,25.28706896551725,43.22758620689654,58.55603448275865,1000.9508620689652,2.236206896551725,4.3,23.5,26.8,0,0.00000,12,0.0,0,75.0,15.333333333333334,15.25,2.4999999999999996,0.0,0.0,0.25,-0.25,0.0,4,16.166666666666668,15.375,0.0,0.125,18,0.0,9,27.25799999999981,,15
2020,6,Barcelona,63,George Russell,Williams,18,20,0.894736842105263157894737,0,19,-1,6,78.099,79.56,89.2595,12.12770330689203,2.5150000000000006,290.0,287.0,285.0,322.0,3,1,14.0,14.2,2.181400000000001,29.796899224806182,47.55581395348835,56.38449612403102,997.7038759689932,1.5449612403100779,2.9,28.6,30.7,0,0.00000,18,0.0,0,75.0,16.0,15.8,2.4899799195977463,0.0,0.0,0.2,-0.8,0.0,5,16.833333333333332,16.0,0.0,0.1,17,0.0,7,21.90400000000045,,5
2020,7,Spa-Francorchamps,63,George Russell,Williams,15,20,0.736842105263157894736842,0,19,-4,7,103.468,115.00800000000001,118.46571428571428,15.752585086415559,2.215999999999994,332.0,214.0,225.0,308.0,4,1,16.0,14.4,2.2388000000000003,18.568595041322304,29.82396694214875,54.85289256198344,962.4297520661155,1.4652892561983484,3.3,17.4,20.1,0,0.00000,17,0.0,0,75.0,15.666666666666666,16.2,2.4899799195977463,0.0,0.0,0.0,-1.0,0.0,6,16.5,16.9,0.0,0.0,19,0.0,1,,,9
2020,8,Monza,63,George Russell,Williams,19,20,0.947368421052631578947368,0,20,-1,5,81.587,95.343,90.176,7.782080762880837,2.700000000000003,318.0,329.0,311.0,337.0,2,1,16.0,15.0,2.3198000000000008,28.090909090909104,41.20139860139859,40.12447552447552,990.7804195804187,1.5209790209790213,3.1,27.3,28.9,0,0.00000,19,0.0,1,75.0,18.0,16.8,2.7748873851023217,0.0,0.0,0.2,-0.8,0.0,7,17.833333333333332,17.1,0.0,0.1,14,0.0,10,25.31100000000015,,0
2020,9,Mugello,63,George Russell,Williams,18,20,0.894736842105263157894737,0,19,-1,6,77.232,78.024,98.097,23.31134707390373,2.087999999999994,280.0,257.0,312.0,311.0,3,1,17.333333333333332,16.4,2.4322000000000004,30.169886363636337,43.10227272727272,39.94431818181818,993.6153409090938,2.36477272727273,4.4,29.6,30.7,0,0.00000,14,0.0,0,75.0,16.666666666666668,16.0,2.9154759474226504,0.0,0.0,0.2,1.4,0.0,8,15.833333333333334,15.9,0.0,0.1,11,0.0,6,18.384000000000015,,-8
2020,10,Sochi,63,George Russell,Williams,14,20,0.684210526315789473684211,0,19,-5,7,93.583,102.251,108.94457142857141,17.883664556023767,2.2789999999999964,276.0,322.0,169.0,333.0,4,2,17.333333333333332,17.0,2.3639999999999985,28.80606060606062,40.342424242424265,51.36287878787878,1012.878787878789,1.428787878787879,3.2,27.6,30.5,0,0.00000,11,0.0,0,75.0,14.666666666666666,15.8,3.271085446759225,0.0,0.0,0.2,1.2,0.0,9,14.333333333333334,15.8,0.0,0.2,18,0.0,2,28.434000000000196,,10
2020,11,Nürburgring,63,George Russell,Williams,17,20,0.842105263157894736842105,0,18,-1,6,87.564,88.543,98.0425,12.677746530831103,2.2949999999999875,266.0,239.0,257.0,314.0,2,1,17.0,16.8,2.3595999999999977,9.499999999999998,16.36020408163265,59.40408163265304,947.35918367347,1.6173469387755104,3.1,8.9,9.9,1,0.02041,18,0.0,0,75.0,14.333333333333334,15.8,3.271085446759226,0.0,0.0,0.2,0.8,0.0,10,14.166666666666666,15.5,0.0,0.2,20,0.0,1,22.454999999999927,,7
2020,12,Portimão,63,George Russell,Williams,14,20,0.684210526315789473684211,0,20,-6,13,77.788,95.032,91.2653076923077,13.134444509156168,1.3219999999999885,281.0,198.0,313.0,327.0,4,1,16.333333333333332,16.6,2.315599999999995,20.505468749999977,25.71562499999998,67.52812500000002,1007.3406250000008,4.0406249999999995,7.0,20.0,21.0,0,0.00000,20,0.0,1,75.0,16.333333333333332,16.4,3.7815340802378077,0.0,0.0,0.4,0.0,0.0,11,15.666666666666666,15.4,0.0,0.3,14,0.0,10,32.97200000000066,,10
2020,13,Imola,63,George Russell,Williams,13,20,0.631578947368421052631579,0,19,-6,14,75.32300000000001,76.715,90.09578571428574,15.35645262110998,1.7140000000000128,235.0,263.0,282.0,295.0,4,1,15.0,16.4,2.136799999999994,18.030400000000004,23.26079999999999,71.13680000000001,1017.8919999999997,1.3415999999999992,3.1,16.9,18.5,0,0.00000,14,0.0,0,75.0,17.333333333333332,15.4,3.5777087639996634,0.0,0.0,0.2,0.8,0.0,12,16.666666666666668,15.1,0.0,0.2,16,0.0,7,29.97699999999986,,13
2020,14,Istanbul,63,George Russell,Williams,18,20,0.894736842105263157894737,0,20,-2,5,130.017,133.893,134.6108,3.966718442239133,22.251999999999995,228.0,254.0,176.0,236.0,2,1,14.666666666666666,15.2,1.9395999999999958,13.095683453237404,15.20575539568346,80.16115107913672,1008.4964028776968,1.066187050359712,2.7,12.1,13.8,1,0.04317,16,0.0,1,75.0,16.666666666666668,15.8,3.492849839314596,0.0,0.0,0.4,-0.8,0.0,13,15.5,15.3,0.0,0.3,16,0.0,8,22.685999999999694,,4
2020,15,Sakhir,63,George Russell,Williams,14,20,0.684210526315789473684211,0,20,-6,7,89.294,97.452,102.68185714285714,14.700232780793774,2.030000000000001,246.0,271.0,295.0,326.0,4,1,15.0,15.2,5.972399999999996,25.09907407407409,27.54814814814815,67.8472222222222,1015.8972222222209,0.8430555555555546,1.8,24.4,26.6,0,0.00000,16,0.0,0,75.0,15.333333333333334,16.8,2.2803508501982757,0.0,0.0,0.4,-2.75,0.0,14,15.666666666666666,16.2,0.0,0.3,12,0.0,14,23.993000000000393,,10
2020,16,Sakhir,63,George Russell,Mercedes,2,20,0.052631578947368421052632,1,1,1,18,53.403,63.449,64.20022222222221,10.020693891410886,0.02599999999999625,292.0,276.0,301.0,329.0,7,2,15.0,15.2,5.922599999999997,20.947244094488184,23.46929133858268,58.16929133858269,1015.9417322834645,1.9480314960629923,3.4,20.4,22.0,0,0.00000,12,0.0,0,75.0,14.666666666666666,15.6,2.9664793948382653,0.0,0.0,0.4,-1.0,0.0,15,4.5,5.0,33.4,0.1,9,3.0,9,24.30200000000059,1,39
2020,17,Yas Island,63,George Russell,Williams,18,20,0.894736842105263157894737,0,20,-2,6,98.045,99.05799999999999,115.47983333333332,21.35048278064613,2.7989999999999924,291.0,319.0,227.0,323.0,2,1,11.333333333333334,12.2,5.468799999999999,23.121481481481517,27.980000000000008,55.44666666666665,1015.8474074074076,2.5044444444444425,4.0,22.1,23.7,0,0.00000,9,3.0,0,75.0,12.333333333333334,13.4,2.9664793948382653,0.6,3.0,0.2,-2.0,3.0,16,15.833333333333334,15.4,0.0,0.3,15,0.0,6,21.84400000000005,,0
2021,1,Sakhir,63,George Russell,Williams,15,20,0.736842105263157894736842,0,17,-2,7,91.316,97.82300000000001,106.125,16.897907621951305,2.3190000000000026,245.0,272.0,293.0,317.0,4,1,11.333333333333334,13.0,5.7642,20.538345864661654,27.627819548872182,54.51729323308271,1014.9105263157908,0.8872180451127818,1.4,20.4,20.9,0,0.00000,15,0.0,0,81.0,12.0,13.6,3.0495901363953815,0.6,3.0,0.2,-1.75,,17,15.333333333333334,15.4,0.0,0.3,14,0.0,12,24.248000000000502,,10
2021,2,Imola,63,George Russell,Williams,12,20,0.578947368421052631578947,0,14,-2,10,75.261,77.646,88.58779999999999,15.609097011394066,0.8499999999999943,236.0,264.0,290.0,295.0,5,2,11.666666666666666,13.4,5.8851999999999975,10.621118012422354,16.827329192546586,69.48881987577641,1011.2527950310558,0.4788819875776397,1.1,9.2,12.3,1,0.40994,14,0.0,0,81.0,12.666666666666666,13.2,2.7748873851023212,0.6,3.0,0.0,-0.75,0.0,18,16.333333333333332,15.9,0.0,0.3,19,0.0,2,29.987999999999374,,16
2021,3,Portimão,63,George Russell,Williams,11,20,0.526315789473684210526316,0,18,-7,11,79.10900000000001,90.667,93.69518181818184,14.614154165179604,1.1410000000000053,289.0,198.0,298.0,321.0,4,2,15.0,12.2,1.6047999999999973,19.39253731343283,38.9507462686567,39.40373134328356,1004.8134328358209,0.8373134328358207,1.4,18.1,20.0,0,0.00000,19,0.0,1,81.0,16.0,13.8,3.7013511046643495,0.6,3.0,0.2,-2.0,0.0,19,17.166666666666668,16.3,0.0,0.4,16,0.0,6,23.090000000000146,,16
2021,4,Barcelona,63,George Russell,Williams,15,20,0.736842105263157894736842,0,19,-4,7,78.445,95.607,94.17785714285715,16.07680689096948,1.7039999999999935,287.0,301.0,285.0,316.0,4,1,12.666666666666666,11.6,1.4269999999999983,22.203076923076917,32.92230769230769,57.55307692307693,993.5746153846156,0.4576923076923076,0.9,21.3,23.5,0,0.00000,16,0.0,0,81.0,16.333333333333332,14.6,3.646916505762094,0.6,3.0,0.2,-3.4,0.0,20,17.5,17.1,0.0,0.4,14,0.0,17,22.291000000000167,,15
2021,5,Monte Carlo,63,George Russell,Williams,15,19,0.777777777777777777777778,0,18,-3,21,71.83,77.58,83.88023809523808,11.160590647025638,1.4839999999999947,224.0,208.0,274.0,285.0,4,1,12.666666666666666,14.2,1.7625999999999977,20.760740740740758,37.59555555555557,61.42444444444447,1015.5711111111107,0.31629629629629613,0.6,20.3,21.5,0,0.00000,14,0.0,0,81.0,16.333333333333332,15.6,2.073644135332772,0.0,0.0,0.2,-1.8,0.0,21,17.166666666666668,16.7,0.0,0.3,14,0.0,2,23.671000000000276,,0
2021,6,Baku,63,George Russell,Williams,15,20,0.736842105263157894736842,0,16,-1,7,102.72800000000001,104.18,117.70085714285715,17.963399552317224,1.5100000000000051,220.0,233.0,330.0,314.0,3,1,13.666666666666666,13.6,1.499599999999998,24.170930232558128,38.31453488372088,55.805232558139544,1014.7308139534875,0.2837209302325581,0.8,22.9,25.5,0,0.00000,14,0.0,0,81.0,14.666666666666666,15.4,2.1908902300206643,0.0,0.0,0.2,-1.8,0.0,22,15.5,16.4,0.0,0.3,17,0.0,6,18.996999999999844,,10
2021,7,Le Castellet,63,George Russell,Williams,14,20,0.684210526315789473684211,0,16,-2,8,92.065,131.935,123.11175,26.120485352906986,2.075000000000003,124.0,283.0,308.0,326.0,5,2,15.0,13.6,1.3377999999999985,25.314399999999992,35.22879999999999,58.63039999999999,960.6376,1.1655999999999997,1.8,23.8,27.4,0,0.00000,17,0.0,1,81.0,15.0,16.0,2.1213203435596424,0.0,0.0,0.4,-2.4,0.0,23,15.333333333333334,16.5,0.0,0.3,12,0.0,11,30.44100000000026,,7
2021,8,Spielberg,63,George Russell,Williams,11,20,0.526315789473684210526316,0,16,-5,10,64.671,66.064,80.78540000000001,19.514955200791235,0.8300000000000054,319.0,249.0,292.0,316.0,4,1,14.666666666666666,14.0,1.5828000000000002,26.692372881355922,52.352542372881345,33.24661016949152,938.4771186440671,0.3677966101694914,1.2,26.0,27.3,0,0.00000,12,0.0,0,81.0,14.333333333333334,14.6,1.949358868961793,0.0,0.0,0.2,-0.6,0.0,24,15.333333333333334,15.6,0.0,0.1,19,0.0,1,37.41000000000031,,17
2021,9,Spielberg,63,George Russell,Williams,9,20,0.421052631578947368421053,1,18,-9,9,64.553,65.155,78.02466666666665,16.907832267916547,0.8329999999999984,319.0,250.0,291.0,317.0,5,2,13.333333333333334,14.0,1.5206000000000004,20.966025641025656,33.18397435897434,49.730769230769255,934.7211538461531,0.348076923076923,0.9,19.0,22.6,1,0.03846,19,0.0,1,81.0,16.0,15.2,2.7748873851023217,0.0,0.0,0.4,-1.4,0.0,25,16.5,15.8,0.0,0.2,11,0.0,12,21.66899999999987,,18
2021,10,Silverstone,63,George Russell,Williams,8,20,0.368421052631578947368421,1,18,-10,12,86.971,89.032,102.76641666666667,17.823622764381255,0.9480000000000075,315.0,272.0,255.0,325.0,5,1,11.333333333333334,12.8,1.3464000000000014,29.4,50.931521739130446,37.20217391304347,1007.2461956521738,0.317934782608696,0.8,28.4,30.1,0,0.00000,11,0.0,0,81.0,14.0,14.6,3.3615472627943217,0.0,0.0,0.4,-2.2,0.0,26,15.5,15.5,0.0,0.2,12,0.0,7,27.79200000000037,,18
2021,11,Budapest,63,George Russell,Williams,17,20,0.842105263157894736842105,0,18,-1,6,77.944,79.049,94.99383333333333,21.346482243373654,2.5250000000000057,281.0,253.0,262.0,303.0,2,1,9.333333333333334,11.4,1.2392000000000039,27.22670157068063,37.82251308900524,68.61570680628276,977.6308900523562,0.5675392670157061,1.2,25.7,29.1,1,0.30366,12,0.0,0,81.0,14.0,14.2,3.5637059362410923,0.0,0.0,0.4,-2.4,0.0,27,14.833333333333334,15.2,0.0,0.2,8,4.0,3,22.157000000000153,,-11
2021,12,Spa-Francorchamps,63,George Russell,Williams,2,20,0.052631578947368421052632,1,12,-10,15,116.95,128.059,130.69773333333336,12.401242279169722,0.9249999999999972,315.0,187.0,218.0,308.0,5,1,11.333333333333334,11.8,1.442200000000004,13.012413793103491,15.258620689655164,96.4358620689655,970.2217241379296,0.5113793103448276,1.0,12.4,13.4,1,0.84138,8,4.0,0,81.0,10.333333333333334,12.4,4.03732584763727,0.8,4.0,0.2,-0.2,4.0,28,11.333333333333334,13.4,2.0,0.1,2,9.0,0,15368.396,,27
2021,13,Zandvoort,63,George Russell,Williams,11,20,0.526315789473684210526316,0,14,-3,8,70.332,71.392,83.090125,13.997894744134099,1.4469999999999885,279.0,287.0,305.0,312.0,3,1,9.0,9.4,1.2122000000000028,21.50443037974685,36.10569620253166,54.10822784810126,1021.5056962025316,0.442405063291139,0.9,20.4,22.4,0,0.00000,2,9.0,0,81.0,7.333333333333333,10.4,6.18869937870632,2.6,13.0,0.2,-0.6,13.0,29,8.666666666666666,11.5,4.0,0.1,17,0.0,2,18.287000000000262,,14
2021,14,Monza,63,George Russell,Williams,15,20,0.736842105263157894736842,0,16,-1,12,81.392,82.76,97.84633333333333,17.195822369683192,1.836999999999989,321.0,331.0,314.0,341.0,4,1,10.0,9.4,1.3355999999999995,28.885234899328868,43.52751677852349,33.2758389261745,994.4879194630865,0.3429530201342281,0.7,27.8,29.6,0,0.00000,17,0.0,1,81.0,9.0,10.0,5.522680508593631,2.6,13.0,0.2,0.0,13.0,30,9.833333333333334,11.2,4.0,0.1,9,2.0,3,24.15899999999965,,-7
2021,15,Sochi,63,George Russell,Williams,3,20,0.105263157894736842105263,1,14,-11,22,102.983,115.03,120.35250000000002,13.77871015025579,0.9900000000000091,261.0,302.0,153.0,301.0,6,2,9.333333333333334,10.6,1.5363999999999975,19.13860759493674,21.75696202531647,61.94746835443034,1023.1310126582275,0.29050632911392416,0.9,17.4,19.5,1,0.10127,9,2.0,0,81.0,9.333333333333334,9.6,5.504543577809154,3.0,15.0,0.2,1.6,15.0,31,10.666666666666666,10.5,4.4,0.1,10,1.0,9,30.91399999999976,,32
2021,16,Istanbul,63,George Russell,Williams,13,20,0.631578947368421052631579,0,17,-4,16,85.007,90.88,96.544,12.565390292386466,2.13900000000001,278.0,294.0,253.0,322.0,4,2,9.666666666666666,9.6,1.544799999999998,15.825477707006387,18.180891719745237,93.52484076433116,1006.4101910828001,0.4866242038216559,0.8,15.5,16.1,0,0.00000,10,1.0,0,81.0,12.0,9.2,5.357238094391549,3.2,16.0,0.2,0.2,16.0,32,13.666666666666666,10.8,4.6,0.2,15,0.0,1,23.58099999999922,,5
2021,17,Austin,63,George Russell,Williams,15,20,0.736842105263157894736842,0,17,-2,7,95.72999999999999,102.413,110.43014285714287,16.335351434119513,2.819999999999993,229.0,195.0,214.0,321.0,4,2,10.333333333333334,8.8,1.4675999999999987,28.148447204968935,37.470807453416164,61.19254658385094,992.1298136645961,0.8540372670807448,1.5,26.4,29.5,0,0.00000,15,0.0,0,81.0,11.333333333333334,10.6,5.856620185738529,2.4,12.0,0.2,-2.0,16.0,33,13.5,12.5,2.6,0.2,14,0.0,7,23.537000000000262,,5
2021,18,Mexico City,63,George Russell,Williams,13,20,0.631578947368421052631579,0,17,-4,8,77.958,80.132,89.87687500000001,12.627552827476675,2.0829999999999984,314.0,296.0,255.0,343.0,4,2,10.333333333333334,11.4,1.846599999999998,21.20670731707316,47.57926829268294,31.2109756097561,784.2134146341465,0.3664634146341462,0.8,19.2,23.2,0,0.00000,14,0.0,0,81.0,13.0,13.0,3.391164991562634,0.6,3.0,0.2,-0.8,16.0,34,15.0,14.3,0.6,0.2,16,0.0,2,21.98700000000008,,8
2021,19,São Paulo,63,George Russell,Williams,18,20,0.894736842105263157894737,0,17,1,7,69.953,91.336,88.01414285714284,18.126742881063613,2.0190000000000055,322.0,263.0,321.0,322.0,2,1,13.666666666666666,11.8,1.9738,23.137341772151892,51.56139240506331,60.10126582278483,926.9303797468358,0.39177215189873377,0.8,22.5,24.0,0,0.00000,16,0.0,0,81.0,15.0,12.8,3.1144823004794873,0.6,3.0,0.0,0.4,16.0,35,15.666666666666666,14.3,0.6,0.1,13,0.0,15,18.412999999999556,,5
2021,20,Lusail,63,George Russell,Williams,15,20,0.736842105263157894736842,0,17,-2,12,82.756,84.32,100.06383333333332,18.656881162106643,1.929000000000002,249.0,281.0,320.0,324.0,4,1,15.333333333333334,12.4,2.0102000000000033,26.41513157894735,30.603289473684203,75.54013157894735,1012.3072368421057,0.4230263157894732,0.8,26.0,27.4,1,0.01974,13,0.0,0,81.0,14.333333333333334,13.6,2.3021728866442674,0.2,1.0,0.0,0.2,16.0,36,15.166666666666666,15.2,0.2,0.1,17,0.0,12,26.16899999999987,,16
2021,21,Jeddah,63,George Russell,Williams,14,20,0.684210526315789473684211,0,16,-2,13,88.926,106.768,108.52253846153846,21.488197611772012,1.4150000000000063,294.0,311.0,307.0,316.0,4,2,15.333333333333334,14.8,2.1980000000000017,28.816062176165733,31.684974093264252,76.20310880829015,1013.7974093264247,0.2715025906735748,0.6,28.5,29.2,0,0.00000,17,0.0,0,81.0,15.333333333333334,15.0,1.5811388300841898,0.0,0.0,0.0,1.2,16.0,37,16.333333333333332,15.9,0.0,0.1,19,0.0,2,20.5570000000007,,12
2021,22,Yas Island,63,George Russell,Williams,17,20,0.842105263157894736842105,0,16,1,4,84.423,84.616,98.37324999999998,20.520066445230302,2.313999999999993,293.0,320.0,226.0,325.0,2,1,15.666666666666666,15.0,2.0532000000000012,24.51910828025481,28.46560509554141,59.05477707006371,1017.7108280254776,0.41464968152866166,0.7,23.5,25.7,0,0.00000,19,0.0,1,81.0,16.333333333333332,15.8,2.3874672772626644,0.0,0.0,0.2,0.6,16.0,38,16.0,15.8,0.0,0.2,18,0.0,5,,,7
2022,1,Sakhir,63,George Russell,Mercedes,9,20,0.421052631578947368421053,1,5,4,11,91.252,92.54599999999999,104.37327272727275,14.698148142476377,0.6940000000000026,239.0,267.0,286.0,314.0,5,1,15.333333333333334,15.4,1.952000000000001,23.617791411042962,28.610429447852766,29.49079754601227,1010.3858895705521,0.3049079754601232,0.8,22.3,25.7,0,0.00000,18,0.0,1,90.0,18.0,16.6,2.3021728866442674,0.0,0.0,0.4,-0.8,,39,5.5,5.4,30.0,0.1,4,12.0,8,25.166000000001077,,12
2022,2,Jeddah,63,George Russell,Mercedes,6,20,0.263157894736842105263158,1,16,-10,14,89.104,99.521,107.03685714285713,17.610876787053822,15.433999999999997,287.0,320.0,302.0,327.0,5,2,13.333333333333334,14.6,1.674200000000002,25.42039473684213,28.4092105263158,59.66447368421053,1012.7776315789473,2.3592105263157874,4.0,25.3,25.6,0,0.00000,4,12.0,0,90.0,13.666666666666666,14.2,6.1400325732035,2.4,12.0,0.4,0.2,12.0,40,3.1666666666666665,4.4,31.8,0.1,5,10.0,1,21.420000000000073,,14
2022,3,Melbourne,63,George Russell,Mercedes,6,20,0.263157894736842105263158,1,5,1,20,78.93299999999999,95.39500000000001,95.87615,14.592255488425142,1.0649999999999977,280.0,294.0,300.0,315.0,6,1,10.666666666666666,12.2,4.357200000000001,26.697435897435888,37.40833333333329,43.65384615384615,1014.2461538461532,1.8128205128205122,4.4,25.8,27.4,0,0.00000,5,10.0,0,90.0,9.0,12.6,7.436396977031283,4.4,22.0,0.4,-0.4,22.0,41,5.0,5.5,26.0,0.1,3,15.0,4,18.537000000000262,,18
2022,4,Imola,63,George Russell,Mercedes,11,20,0.526315789473684210526316,0,13,-2,11,80.383,88.096,92.10218181818185,12.297520553495177,1.7049999999999983,218.0,257.0,273.0,291.0,4,2,7.0,10.4,4.184399999999999,12.899367088607601,17.418987341772137,83.17088607594937,1001.0386075949358,1.4822784810126568,2.5,11.1,14.2,0,0.00000,3,15.0,0,90.0,4.0,9.8,7.981227975693966,7.4,37.0,0.4,0.6,37.0,42,4.833333333333333,4.1,26.4,0.0,4,12.0,2,31.04700000000048,,0
2022,5,Miami,63,George Russell,Mercedes,12,20,0.578947368421052631578947,0,6,6,12,90.173,106.096,110.51508333333334,22.076635195107947,1.3770000000000095,221.0,192.0,287.0,325.0,3,1,7.666666666666667,9.8,4.242399999999998,30.61728395061729,42.81975308641976,58.858024691358025,1009.3049382716049,2.26728395061728,5.0,29.4,32.3,1,0.05556,4,12.0,0,90.0,4.0,6.8,6.300793600809346,9.8,49.0,0.2,3.0,49.0,43,6.5,5.4,20.6,0.0,5,10.0,13,19.01600000000053,,9
2022,6,Barcelona,63,George Russell,Mercedes,4,20,0.157894736842105263157895,1,6,-2,8,79.393,80.218,92.694,14.006889447696798,0.6430000000000007,286.0,301.0,284.0,324.0,5,1,9.666666666666666,8.8,4.0550000000000015,36.56585365853659,48.95731707317072,7.109756097560975,996.0158536585362,3.4884146341463396,5.5,35.9,37.2,0,0.00000,5,10.0,0,90.0,4.0,4.2,0.8366600265340756,11.8,59.0,0.0,4.6,59.0,44,5.833333333333333,5.7,19.0,0.0,3,15.0,5,22.02099999999973,,25
2022,7,Monaco,63,George Russell,Mercedes,6,20,0.263157894736842105263158,1,8,-2,22,72.112,88.867,87.05650000000001,12.49060844051585,0.73599999999999,218.0,207.0,271.0,281.0,6,1,9.0,7.8,4.0448,22.274693877550995,31.038367346938788,75.66530612244898,1002.9922448979627,0.9902040816326523,3.2,20.9,24.3,1,0.43673,3,15.0,0,90.0,4.0,4.0,1.0,12.4,62.0,0.0,3.8,74.0,45,6.0,5.8,18.6,0.0,5,10.0,2,25.302999999999884,,15
2022,8,Baku,63,George Russell,Mercedes,5,20,0.210526315789473684210526,1,7,-2,14,102.712,112.09,114.29607142857142,11.452122419778018,1.3529999999999944,219.0,240.0,333.0,310.0,7,1,7.333333333333333,7.8,1.1051999999999993,25.435403726708074,47.149689440993804,59.49068322981366,1009.9012422360254,1.5291925465838494,2.9,24.9,26.1,0,0.00000,5,10.0,0,90.0,4.333333333333333,4.0,1.0,12.4,62.0,0.0,3.8,84.0,46,5.333333333333333,5.6,19.2,0.0,3,15.0,2,20.42699999999968,,19
2022,9,Montréal,63,George Russell,Mercedes,8,20,0.368421052631578947368421,1,4,4,25,83.557,95.11099999999999,98.39515999999999,12.606021004133963,2.2579999999999956,245.0,271.0,272.0,297.0,5,3,5.0,7.6,1.1627999999999985,20.762962962962966,41.261111111111084,28.925925925925927,1012.4012345679009,3.5524691358024683,5.6,18.8,22.3,0,0.00000,3,15.0,0,90.0,3.6666666666666665,4.0,1.0,12.4,62.0,0.0,3.6,99.0,47,4.666666666666667,5.6,19.2,0.0,4,12.0,5,23.922999999999774,,12
2022,10,Silverstone,63,George Russell,Mercedes,8,20,0.368421052631578947368421,1,5,3,20,100.02799999999999,103.896,107.30195,8.429357785832739,0.8990000000000009,294.0,245.0,232.0,295.0,3,1,6.333333333333333,7.0,1.273399999999998,18.253201970443335,30.026108374384233,59.748768472906406,1002.3581280788169,1.4561576354679806,3.9,17.5,19.2,1,0.04433,4,12.0,0,90.0,4.0,4.0,1.0,12.4,62.0,0.0,3.0,111.0,48,4.5,4.6,22.2,0.0,18,0.0,0,,,23
2022,11,Spielberg,63,George Russell,Mercedes,4,20,0.157894736842105263157895,1,9,-5,16,65.431,66.628,76.75318749999998,11.4200108185515,0.44700000000000273,312.0,246.0,287.0,316.0,5,1,7.0,6.2,1.1777999999999964,20.255921052631592,30.74671052631582,35.13815789473684,939.7124999999984,1.2552631578947366,3.9,19.7,21.1,0,0.00000,18,0.0,1,90.0,8.333333333333334,6.6,6.4265076052238514,10.4,52.0,0.2,-0.4,111.0,49,5.833333333333333,5.6,21.8,0.1,4,12.0,14,21.716999999999643,,33
2022,12,Le Castellet,63,George Russell,Mercedes,6,20,0.263157894736842105263158,1,4,2,11,92.131,93.619,111.0210909090909,25.06702741233809,1.2590000000000003,120.0,281.0,300.0,332.0,6,1,6.666666666666667,6.2,1.1385999999999967,30.164843750000003,54.46171874999998,47.734375,967.9078124999985,1.9460937500000002,4.0,29.1,30.8,0,0.00000,4,12.0,0,90.0,8.666666666666666,6.8,6.300793600809346,9.8,49.0,0.2,-0.6,123.0,50,5.833333333333333,5.5,22.2,0.1,3,15.0,4,38.26599999999962,,18
2022,13,Budapest,63,George Russell,Mercedes,1,20,0E-24,1,7,-6,17,77.377,92.489,96.54341176470588,20.169820329699345,0.0,279.0,253.0,258.0,305.0,6,1,6.0,6.2,1.2431999999999988,18.55988023952095,26.72095808383233,69.31736526946108,985.5814371257485,4.034131736526945,5.8,17.8,19.4,1,0.27545,3,15.0,0,90.0,8.333333333333334,6.4,6.5038450166036395,10.8,54.0,0.2,-0.2,138.0,51,5.5,4.7,26.0,0.1,3,15.0,8,21.71099999999933,,37
2022,14,Spa-Francorchamps,63,George Russell,Mercedes,8,20,0.368421052631578947368421,1,7,1,12,105.461,106.28399999999999,117.53341666666667,15.202228045187285,1.7960000000000065,333.0,208.0,223.0,307.0,6,1,3.6666666666666665,5.4,0.9725999999999999,21.78717948717949,36.083974358974366,40.51923076923077,971.0519230769214,1.5192307692307678,3.5,20.7,22.5,0,0.00000,3,15.0,0,90.0,3.3333333333333335,6.4,6.5038450166036395,10.8,54.0,0.2,-1.0,153.0,52,2.8333333333333335,4.5,27.4,0.1,4,12.0,5,22.8100000000004,,12
2022,15,Zandvoort,63,George Russell,Mercedes,6,20,0.263157894736842105263158,1,4,2,11,70.824,71.578,83.88881818181818,14.540989160426342,0.4819999999999993,280.0,283.0,314.0,325.0,6,1,5.0,5.4,0.8802000000000021,22.730061349693237,33.44601226993866,75.38036809815951,1017.1098159509202,1.0619631901840485,2.0,22.3,23.3,0,0.00000,4,12.0,0,90.0,3.3333333333333335,6.4,6.50384501660364,10.8,54.0,0.2,-1.6,165.0,53,5.666666666666667,6.2,24.4,0.2,2,18.0,10,19.386000000000422,,25
2022,16,Monza,63,George Russell,Mercedes,6,20,0.263157894736842105263158,1,5,1,10,81.542,81.936,95.4421,14.519108707339981,1.3810000000000002,321.0,332.0,310.0,340.0,5,1,5.0,5.0,0.7968000000000017,27.734693877551035,43.138775510204084,33.14965986394558,993.340136054421,1.3612244897959178,2.7,26.4,28.5,0,0.00000,2,18.0,0,90.0,3.0,3.2,0.8366600265340756,14.4,72.0,0.0,1.2,183.0,54,5.833333333333333,4.7,27.2,0.1,3,15.0,2,24.139000000000124,,16
2022,17,Marina Bay,63,George Russell,Mercedes,11,20,0.526315789473684210526316,0,3,8,14,114.012,117.09899999999999,127.4192857142857,12.807682510770764,4.599999999999994,292.0,265.0,248.0,283.0,4,1,6.666666666666667,5.4,0.9836000000000013,26.232549019607895,28.973333333333354,87.44705882352942,1008.1439215686289,0.929803921568626,2.7,24.3,27.7,1,0.18039,3,15.0,0,90.0,3.0,3.0,0.7071067811865476,15.0,75.0,0.0,1.0,198.0,55,6.333333333333333,4.8,26.8,0.1,14,0.0,9,29.727999999999156,1,20
2022,18,Suzuka,63,George Russell,Mercedes,8,20,0.368421052631578947368421,1,6,2,12,90.389,91.713,106.04958333333333,16.422875810938695,1.0849999999999937,276.0,295.0,264.0,292.0,6,2,7.666666666666667,6.4,1.6518000000000002,16.717647058823538,19.930588235294138,86.21176470588236,1015.7062745098052,2.040784313725487,4.0,15.8,19.0,1,0.98039,14,0.0,0,90.0,6.333333333333333,5.2,4.969909455915671,12.0,60.0,0.0,0.5,198.0,56,6.166666666666667,6.6,20.6,0.1,8,4.0,6,28.761000000000422,,13
2022,19,Austin,63,George Russell,Mercedes,6,20,0.263157894736842105263158,1,5,1,13,94.988,108.464,109.92730769230768,14.66710851636304,0.632000000000005,232.0,192.0,211.0,318.0,6,1,8.333333333333334,7.8,1.868799999999999,29.28529411764708,35.52352941176471,49.62352941176471,991.1994117647055,5.487058823529408,10.1,28.3,30.7,0,0.00000,8,4.0,0,90.0,8.333333333333334,6.2,4.919349550499537,9.8,49.0,0.0,1.0,202.0,57,7.333333333333333,7.4,16.6,0.1,5,11.0,8,23.98700000000099,1,26
2022,20,Mexico City,63,George Russell,Mercedes,2,20,0.052631578947368421052632,1,3,-1,12,78.07900000000001,92.768,92.46833333333332,12.50159811117496,0.30400000000000205,313.0,295.0,252.0,346.0,6,1,8.333333333333334,7.4,1.6359999999999986,24.312727272727287,41.68909090909089,34.442424242424245,780.4072727272716,1.3369696969696967,4.0,22.8,25.5,0,0.00000,5,11.0,0,90.0,9.0,6.4,4.827007354458868,9.6,48.0,0.0,0.5,213.0,58,7.166666666666667,5.7,20.0,0.0,4,13.0,3,22.775000000000546,1,33
2022,21,São Paulo,63,George Russell,Mercedes,3,20,0.105263157894736842105263,1,8,-5,20,71.318,79.374,86.3275,17.173274369756847,0.4369999999999976,317.0,259.0,322.0,320.0,5,2,5.333333333333333,6.6,1.6003999999999992,23.01077844311378,46.04910179640717,76.07784431137725,922.1604790419151,1.4443113772455085,2.9,20.9,25.1,0,0.00000,4,13.0,0,90.0,5.666666666666667,6.8,4.43846820423443,8.6,43.0,0.0,-1.0,226.0,59,4.333333333333333,5.7,20.2,0.0,1,26.0,1,23.45600000000013,1,35
2022,22,Yas Island,63,George Russell,Mercedes,6,20,0.263157894736842105263158,1,5,1,14,84.511,85.556,100.78335714285716,17.378620378132805,0.6869999999999976,286.0,319.0,223.0,323.0,6,1,3.6666666666666665,6.0,1.4115999999999986,28.57548387096773,34.31032258064516,61.68387096774194,1013.5206451612893,2.608387096774191,4.1,27.8,29.7,0,0.00000,1,26.0,0,90.0,3.3333333333333335,6.4,4.929503017546495,10.8,54.0,0.0,-0.75,252.0,60,2.6666666666666665,5.2,24.0,0.0,5,10.0,9,24.235999999999876,,22
2023,1,Sakhir,63,George Russell,Mercedes,6,20,0.263157894736842105263158,1,7,-1,10,90.34,91.718,106.5589,16.792321925676493,0.632000000000005,244.0,271.0,290.0,320.0,5,1,3.6666666666666665,5.0,0.6289999999999992,27.43167701863353,31.01180124223602,21.496894409937887,1016.863975155279,0.6832298136645952,2.2,26.2,29.8,0,0.00000,5,10.0,0,87.0,3.3333333333333335,4.6,2.5099800796022267,12.8,64.0,0.0,-0.4,,61,5.333333333333333,5.2,25.6,0.1,7,6.0,6,24.389999999999418,,19
2023,2,Jeddah,63,George Russell,Mercedes,4,20,0.157894736842105263157895,1,8,-4,15,88.857,113.225,108.40006666666665,20.12577841073719,0.5919999999999987,291.0,326.0,305.0,330.0,6,1,5.0,4.6,0.5384000000000014,26.09189189189191,31.792567567567573,57.79054054054054,1010.9297297297305,1.7722972972972975,3.7,25.8,26.4,0,0.00000,7,6.0,0,87.0,4.333333333333333,4.4,2.1908902300206647,13.2,66.0,0.0,-0.6,6.0,62,6.333333333333333,5.1,26.0,0.1,4,12.0,0,20.82799999999952,,19
2023,3,Melbourne,63,George Russell,Mercedes,2,20,0.052631578947368421052632,1,3,-1,24,76.968,89.935,90.60883333333332,12.555431454732759,0.2360000000000042,284.0,316.0,308.0,324.0,5,1,5.333333333333333,4.2,0.5304000000000002,17.449549549549555,30.139639639639615,54.15765765765766,1018.3666666666695,1.1270270270270264,5.0,16.8,18.1,0,0.00000,4,12.0,0,87.0,5.333333333333333,4.2,2.16794833886788,13.4,67.0,0.0,-0.6,18.0,63,7.333333333333333,5.3,24.6,0.1,18,0.0,3,19.139999999999418,,44
2025,1,Melbourne,63,George Russell,Mercedes,4,20,0.157894736842105263157895,1,16,-12,13,75.54599999999999,82.179,97.04961538461538,23.48637746133725,0.44999999999998863,291.0,335.0,312.0,328.0,7,2,4.0,4.2,0.5168000000000006,15.707865168539323,18.942134831460663,78.42134831460675,1009.9016853932579,3.475280898876404,6.9,15.1,16.6,1,0.32584,5,10.0,0,92.0,3.3333333333333335,3.8,1.6431676725154984,13.8,69.0,0.0,-0.8,,107,4.666666666666667,5.1,22.4,0.0,3,15.0,2,13.76299999999992,,22
2025,2,Shanghai,63,George Russell,Mercedes,2,20,0.052631578947368421052632,1,8,-6,16,90.723,104.77799999999999,109.75643749999999,18.66011976370552,0.08200000000000784,286.0,280.0,274.0,338.0,6,1,3.3333333333333335,4.4,0.5193999999999989,27.215584415584427,35.81688311688313,18.233766233766232,1010.4227272727292,2.18831168831169,4.3,26.4,28.1,0,0.00000,3,15.0,0,92.0,4.0,3.4,1.51657508881031,14.8,74.0,0.0,-0.6,15.0,108,5.333333333333333,4.9,23.4,0.0,3,15.0,2,22.284999999999854,,28
2025,3,Suzuka,63,George Russell,Mercedes,5,20,0.210526315789473684210526,1,6,-1,9,87.318,88.201,100.18266666666666,15.338408139373525,0.33499999999999375,288.0,306.0,273.0,298.0,6,1,2.6666666666666665,3.6,0.39840000000000086,14.42999999999999,20.514285714285716,76.37142857142857,1009.3171428571422,1.2021428571428572,2.4,14.2,14.7,0,0.00000,3,15.0,0,92.0,3.6666666666666665,3.2,1.4832396974191326,15.4,77.0,0.0,-0.4,30.0,109,4.166666666666667,4.4,25.4,0.0,5,10.0,7,23.21900000000005,,23
2025,4,Sakhir,63,George Russell,Mercedes,2,20,0.052631578947368421052632,1,4,-2,13,90.009,116.37700000000001,110.50407692307691,19.865704587141877,0.16799999999999216,243.0,274.0,289.0,318.0,6,1,3.6666666666666665,3.4,0.33899999999999864,27.05253164556961,31.87025316455695,45.32911392405063,1008.1253164556957,2.105696202531645,3.6,26.6,27.9,0,0.00000,5,10.0,0,92.0,3.6666666666666665,4.0,1.0,12.4,62.0,0.0,-0.4,40.0,110,4.5,5.2,20.4,0.0,2,18.0,2,23.939000000000306,,29
2025,5,Jeddah,63,George Russell,Mercedes,3,20,0.105263157894736842105263,1,5,-2,9,87.407,109.241,107.27277777777778,19.283809684407395,0.11299999999999955,296.0,329.0,309.0,334.0,5,1,3.0,3.0,0.2541999999999973,29.483802816901413,37.81971830985914,62.725352112676056,1006.7661971830992,1.026056338028169,2.2,28.3,31.7,0,0.00000,2,18.0,0,92.0,3.3333333333333335,3.6,1.3416407864998738,13.6,68.0,0.0,0.4,58.0,111,5.5,4.9,21.6,0.0,5,10.0,4,20.234999999999673,,26
2025,6,Miami Gardens,63,George Russell,Mercedes,5,20,0.210526315789473684210526,1,3,2,13,86.385,94.505,102.231,16.83196463577559,0.18099999999999739,225.0,193.0,288.0,338.0,7,1,3.3333333333333335,3.2,0.2295999999999964,26.573154362416098,38.69060402684562,63.02013422818792,1012.2959731543626,1.0469798657718126,2.4,25.9,28.0,1,0.03356,5,10.0,0,92.0,4.0,3.6,1.3416407864998738,13.6,68.0,0.0,-0.2,68.0,112,5.833333333333333,5.1,20.8,0.0,3,15.0,2,24.20800000000054,,19
2025,7,Imola,63,George Russell,Mercedes,3,20,0.105263157894736842105263,1,13,-10,10,74.807,75.852,89.5724,15.813756881624021,0.13700000000000045,237.0,266.0,284.0,302.0,5,2,3.3333333333333335,3.4,0.17579999999999812,23.964666666666666,42.66399999999999,38.306666666666665,1009.7999999999994,3.2479999999999993,5.0,23.4,24.3,0,0.00000,3,15.0,0,92.0,3.3333333333333335,3.6,1.3416407864998738,13.6,68.0,0.0,0.0,83.0,113,5.5,5.3,20.0,0.0,7,6.0,9,29.71599999999944,,31
2025,8,Monaco,63,George Russell,Mercedes,14,20,0.684210526315789473684211,0,15,-1,11,71.507,93.247,91.389,15.057814682084516,1.5529999999999973,222.0,208.0,272.0,282.0,2,2,3.6666666666666665,3.6,0.18679999999999666,22.20937500000001,43.31749999999996,52.51875,1016.7837499999993,0.9793749999999999,2.2,21.3,22.9,0,0.00000,7,6.0,0,92.0,5.0,4.4,1.949358868961793,11.8,59.0,0.0,-0.6,89.0,114,7.666666666666667,7.0,16.6,0.1,11,0.0,3,19.40599999999995,,-3
2025,9,Barcelona,63,George Russell,Mercedes,4,20,0.157894736842105263157895,1,6,-2,7,71.848,72.806,85.29671428571429,16.905496361778184,0.3020000000000067,290.0,313.0,295.0,330.0,4,1,7.333333333333333,5.4,0.43039999999999734,29.11999999999999,48.54322580645158,54.6258064516129,1002.7716129032251,1.6329032258064524,3.5,28.1,30.0,0,0.00000,11,0.0,1,92.0,7.0,5.6,3.5777087639996634,9.8,49.0,0.2,0.0,89.0,115,10.666666666666666,8.8,13.0,0.3,4,12.0,8,21.77100000000064,,27
2025,10,Montréal,63,George Russell,Mercedes,1,20,0E-24,1,4,-3,16,70.899,82.646,89.3856875,21.632997479833904,0.0,264.0,284.0,297.0,329.0,7,2,7.0,5.8,0.4572000000000003,24.036526946107763,49.25329341317365,27.976047904191617,1018.9281437125736,1.0377245508982031,2.9,22.8,25.6,1,0.00599,4,12.0,0,92.0,7.333333333333333,6.0,3.1622776601683795,8.6,43.0,0.2,-0.2,101.0,116,12.833333333333334,9.7,11.8,0.4,1,25.0,8,18.188000000000102,1,48
2025,11,Spielberg,63,George Russell,Mercedes,5,20,0.210526315789473684210526,1,9,-4,11,64.763,65.382,75.76554545454545,12.934921927585313,0.7920000000000016,320.0,250.0,287.0,320.0,6,1,6.333333333333333,5.4,0.4346000000000004,30.347826086956506,49.16645962732919,31.981366459627328,943.3447204968951,1.6180124223602488,3.7,29.1,31.3,0,0.00000,1,25.0,0,92.0,5.333333333333333,5.2,3.8987177379235853,11.6,58.0,0.2,0.2,126.0,117,9.166666666666666,9.0,16.2,0.4,5,10.0,9,21.372999999999593,,25
2025,12,Silverstone,63,George Russell,Mercedes,4,20,0.157894736842105263157895,1,7,-3,12,85.029,92.576,99.32433333333334,13.677065270892085,0.13700000000000045,318.0,273.0,256.0,322.0,6,1,3.3333333333333335,5.4,0.5568000000000012,17.917419354838703,23.578709677419354,78.3741935483871,988.7767741935467,1.4832258064516135,5.8,16.0,19.6,1,0.18065,5,10.0,0,92.0,3.3333333333333335,5.6,3.714835124201342,10.6,53.0,0.2,-0.2,136.0,118,8.333333333333334,10.5,13.6,0.5,10,1.0,10,28.225000000000364,,30
2025,13,Spa-Francorchamps,63,George Russell,Mercedes,6,20,0.263157894736842105263158,1,18,-12,10,101.25399999999999,101.78399999999999,114.2643,16.33668955347646,0.6919999999999931,343.0,220.0,228.0,317.0,6,1,3.3333333333333335,5.6,0.5568000000000012,17.03004484304933,24.090134529147992,84.4439461883408,965.0475336322884,1.446188340807175,3.2,14.5,19.0,1,0.45740,10,1.0,0,92.0,5.333333333333333,6.2,4.207136793592526,9.6,48.0,0.2,-0.6,137.0,119,9.0,10.5,12.6,0.5,5,10.0,2,23.733000000000175,,15
2025,14,Budapest,63,George Russell,Mercedes,4,20,0.157894736842105263157895,1,15,-11,9,75.201,76.057,89.29811111111111,18.07386694543011,0.31099999999999284,283.0,259.0,263.0,314.0,5,1,5.0,4.0,0.3846000000000004,22.08216560509553,32.7299363057325,57.24203821656051,987.1401273885358,2.1509554140127394,3.7,21.6,22.5,0,0.00000,5,10.0,0,92.0,6.666666666666667,5.0,3.2403703492039297,11.6,58.0,0.0,-1.0,147.0,120,11.833333333333334,9.7,14.6,0.3,3,15.0,5,21.579999999999927,1,30
2025,15,Zandvoort,63,George Russell,Mercedes,5,20,0.210526315789473684210526,1,11,-6,11,69.255,70.055,82.3219090909091,15.149573983809216,0.5929999999999893,290.0,282.0,322.0,328.0,6,1,4.666666666666667,4.0,0.3863999999999976,20.077358490566034,27.963522012578633,71.17610062893081,1006.205660377358,2.170440251572328,3.9,19.4,20.7,0,0.00000,3,15.0,0,92.0,6.0,4.8,3.3466401061363023,12.2,61.0,0.0,-0.8,162.0,121,10.0,8.8,15.4,0.3,4,12.0,4,17.342999999999847,,20
2025,16,Monza,63,George Russell,Mercedes,6,20,0.263157894736842105263158,1,7,-1,11,79.157,79.973,93.77927272727274,16.751355694933522,0.3649999999999949,323.0,340.0,317.0,348.0,6,2,5.0,4.8,0.5049999999999955,26.761111111111102,43.28819444444442,42.604166666666664,996.7527777777791,1.960416666666666,4.0,25.9,27.4,0,0.00000,4,12.0,0,92.0,4.0,5.4,2.701851217221259,9.6,48.0,0.0,-0.6,174.0,122,9.0,10.4,9.8,0.3,5,10.0,7,25.063000000000102,,20
2025,17,Baku,63,George Russell,Mercedes,5,20,0.210526315789473684210526,1,4,1,8,101.455,102.07,113.76675,17.288165462865873,0.33800000000000807,232.0,238.0,340.0,324.0,6,2,5.0,5.0,0.4195999999999941,20.551923076923092,26.107051282051287,59.833333333333336,1021.1160256410266,1.5070512820512825,2.9,20.3,21.1,0,0.00000,5,10.0,0,92.0,4.0,5.4,2.701851217221259,9.6,48.0,0.0,-0.6,184.0,123,7.833333333333333,9.4,10.2,0.2,2,18.0,4,19.911000000000058,,22
2025,18,Marina Bay,63,George Russell,Mercedes,1,20,0E-24,1,4,-3,11,89.158,90.509,107.37881818181815,21.214126231443903,0.0,313.0,279.0,263.0,305.0,6,1,5.333333333333333,5.2,0.45979999999999566,29.072049689440938,33.852173913043515,74.36024844720497,1010.7776397515512,1.1111801242236026,2.2,28.5,29.5,1,0.03727,2,18.0,0,92.0,3.6666666666666665,3.8,1.3038404810405297,13.0,65.0,0.0,1.2,202.0,124,6.666666666666667,7.4,16.0,0.1,1,25.0,2,23.994000000000597,,37
2025,19,Austin,63,George Russell,Mercedes,4,20,0.157894736842105263157895,1,7,-3,12,92.826,93.85,107.85575000000001,16.868377273493415,0.3160000000000025,241.0,193.0,211.0,327.0,6,1,4.0,4.2,0.321399999999997,28.267532467532465,45.04480519480521,22.532467532467532,1001.1077922077926,2.082467532467532,4.9,26.4,29.3,0,0.00000,1,25.0,0,92.0,2.6666666666666665,3.0,1.5811388300841898,16.0,80.0,0.0,1.0,227.0,125,4.333333333333333,5.9,21.0,0.1,6,8.0,4,23.465000000000146,,23
2025,20,Mexico City,63,George Russell,Mercedes,4,20,0.157894736842105263157895,1,6,-2,11,76.03399999999999,77.194,85.7950909090909,11.648427417076913,0.4479999999999933,317.0,297.0,254.0,351.0,6,1,3.3333333333333335,4.2,0.32239999999999897,26.405555555555555,50.58827160493828,23.234567901234566,780.8888888888889,1.8475308641975292,3.9,25.4,27.1,0,0.00000,6,8.0,0,92.0,3.0,3.6,2.073644135332772,14.6,73.0,0.0,0.4,235.0,126,5.166666666666667,6.5,19.4,0.0,7,6.0,8,22.417999999999665,1,32
2025,21,São Paulo,63,George Russell,Mercedes,6,19,0.277777777777777777777778,1,2,4,9,69.88,70.382,81.21666666666667,13.646061052552858,0.3689999999999998,328.0,269.0,337.0,336.0,5,2,3.0,4.0,0.29339999999999977,17.34802631578948,30.69276315789474,70.57236842105263,929.708552631579,1.5098684210526314,2.9,16.6,18.0,0,0.00000,7,6.0,0,92.0,4.666666666666667,4.2,2.588435821108957,13.4,67.0,0.0,-0.4,241.0,127,6.333333333333333,5.8,19.8,0.0,4,12.0,12,22.970000000000255,,25
2025,22,Las Vegas,63,George Russell,Mercedes,4,20,0.157894736842105263157895,1,17,-13,20,108.803,113.92099999999999,117.85754999999997,9.422937705268376,0.8689999999999998,154.0,194.0,315.0,285.0,3,2,4.666666666666667,4.0,0.29420000000000074,16.73404255319152,19.529787234042566,37.765957446808514,941.8964539007092,1.436879432624114,2.8,16.3,17.2,0,0.00000,4,12.0,0,92.0,5.666666666666667,4.0,2.5495097567963922,13.8,69.0,0.0,0.0,253.0,128,6.333333333333333,5.0,23.4,0.0,2,18.0,5,20.8720000000003,,26
2025,23,Lusail,63,George Russell,Mercedes,4,20,0.157894736842105263157895,1,5,-1,20,79.662,96.24600000000001,97.92760000000001,17.50149443964865,0.2750000000000057,259.0,292.0,288.0,327.0,5,1,4.666666666666667,3.8,0.4003999999999991,22.59932885906039,28.160402684563756,69.04697986577182,1016.0953020134215,1.2510067114093952,2.7,21.6,23.7,0,0.00000,2,18.0,0,92.0,4.333333333333333,4.0,2.5495097567963922,13.8,69.0,0.0,-0.2,271.0,129,4.0,4.9,24.0,0.0,6,8.0,4,29.021999999999935,,23
2025,24,Yas Island,63,George Russell,Mercedes,4,20,0.157894736842105263157895,1,14,-10,11,82.645,83.255,96.22018181818181,15.48829284213197,0.4380000000000024,295.0,324.0,223.0,330.0,6,1,4.666666666666667,4.4,0.4554000000000002,26.67402597402595,31.0616883116883,60.44155844155844,1016.7279220779227,1.5733766233766233,3.2,25.9,27.5,0,0.00000,6,8.0,0,92.0,4.0,5.0,2.0,10.4,52.0,0.0,-0.6,279.0,130,3.6666666666666665,5.4,20.6,0.0,5,10.0,8,22.02099999999973,,27
2026,1,Melbourne,63,George Russell,Mercedes,1,19,0E-24,1,2,-1,14,78.518,93.24600000000001,97.89192857142858,19.600284842766506,0.0,273.0,287.0,301.0,296.0,7,1,4.0,4.4,0.47980000000000017,24.23445945945945,36.13445945945945,53.97297297297296,1012.5608108108116,2.5614864864864857,4.6,23.1,25.3,0,0.00000,5,10.0,0,92.0,4.333333333333333,4.8,1.9235384061671346,10.8,54.0,0.0,-0.4,,131,6.0,5.5,21.0,0.0,1,25.0,3,18.144999999999527,,38
2026,2,Shanghai,63,George Russell,Mercedes,2,22,0.047619047619047619047619,1,1,1,8,92.286,105.61699999999999,110.2625,16.89892479250846,0.2220000000000084,289.0,278.0,258.0,317.0,4,1,3.0,3.8,0.39020000000000155,15.572368421052628,22.616447368421053,54.99802631578948,1024.481578947368,2.1934210526315794,4.5,14.9,16.4,0,0.00000,1,25.0,0,92.0,4.0,3.6,2.0736441353327724,14.6,73.0,0.0,0.2,25.0,132,5.666666666666667,4.5,26.8,0.0,2,18.0,5,23.377000000000407,,32
2026,3,Suzuka,63,George Russell,Mercedes,2,22,0.047619047619047619047619,1,1,1,15,89.076,105.164,104.59633333333333,15.383591967077253,0.2980000000000018,281.0,329.0,260.0,282.0,6,1,2.3333333333333335,3.0,0.36080000000000323,18.556410256410274,34.1429487179487,52.49551282051283,1011.7987179487181,1.9506410256410254,3.7,17.3,19.5,0,0.00000,2,18.0,0,92.0,2.6666666666666665,3.2,2.16794833886788,15.8,79.0,0.0,-0.2,43.0,133,4.333333333333333,4.2,29.4,0.0,4,12.0,7,22.985999999999876,,32
2026,4,Miami Gardens,63,George Russell,Mercedes,5,22,0.190476190476190476190476,1,1,4,11,88.197,90.076,103.37236363636363,19.24031342921797,0.3990000000000009,223.0,195.0,270.0,326.0,6,1,1.6666666666666667,2.6,0.24660000000000365,27.125595238095247,37.01190476190477,70.44821428571433,1015.6476190476195,1.1517857142857149,4.8,25.7,28.1,1,0.01786,4,12.0,0,92.0,2.3333333333333335,3.6,2.073644135332772,14.6,73.0,0.0,-1.0,55.0,134,1.8333333333333333,4.2,30.2,0.0,4,12.0,9,21.952000000000226,,25
2026,5,Montréal,63,George Russell,Mercedes,1,22,0E-24,1,2,-1,19,72.578,86.688,86.13463157894736,11.05745916771182,0.0,263.0,289.0,276.0,321.0,5,1,3.0,2.8,0.2714000000000027,12.848750000000004,17.82749999999999,71.69499999999992,1024.2043749999991,3.0156249999999987,6.2,12.1,13.7,0,0.00000,4,12.0,0,92.0,3.3333333333333335,3.2,1.6431676725154984,15.4,77.0,0.0,-0.4,67.0,135,2.1666666666666665,3.6,34.0,0.0,19,0.0,3,,,49
2026,6,Monte Carlo,63,George Russell,Mercedes,6,22,0.238095238095238095238095,1,1,5,24,72.445,85.77799999999999,86.14195833333333,11.55530415937113,0.39399999999999125,219.0,206.0,266.0,283.0,5,1,2.6666666666666665,2.2,0.18380000000000224,23.677403846153872,37.976923076923086,62.198557692307695,1021.4403846153845,0.8418269230769228,3.5,22.6,24.5,0,0.00000,19,0.0,1,92.0,9.0,6.0,7.3824115301167,13.4,67.0,0.2,-3.8,67.0,136,5.0,3.6,37.0,0.1,12,0.0,5,20.22099999999955,,22
2026,7,Barcelona,63,George Russell,Mercedes,1,22,0E-24,1,3,-2,9,74.679,101.582,96.09166666666667,20.71097396309503,0.0,275.0,288.0,296.0,334.0,4,1,4.0,3.2,0.2626000000000005,30.529333333333362,50.28666666666666,28.866000000000017,1000.5366666666639,2.5713333333333326,5.2,29.8,31.1,0,0.00000,12,0.0,0,92.0,11.666666666666666,8.2,7.155417527999327,8.4,42.0,0.2,-5.0,67.0,137,6.333333333333333,4.6,33.4,0.1,2,18.0,6,21.764000000000124,,36
2022,1,Sakhir,24,Guanyu Zhou,Alfa Romeo,15,20,0.736842105263157894736842,0,6,9,8,92.387,93.543,103.95075000000001,12.200128977655465,1.8290000000000077,241.0,268.0,288.0,315.0,4,1,,,,23.617791411042962,28.610429447852766,29.49079754601227,1010.3858895705521,0.3049079754601232,0.8,22.3,25.7,0,0.00000,,,,,,,,,,,,,0,,,,,10,1.0,22,25.340000000000146,,13
2022,2,Jeddah,24,Guanyu Zhou,Alfa Romeo,13,20,0.631578947368421052631579,0,8,5,10,89.819,90.477,104.85799999999999,19.110727912178888,16.149,285.0,323.0,303.0,327.0,4,1,15.0,15.0,1.8290000000000077,25.42039473684213,28.4092105263158,59.66447368421053,1012.7776315789473,2.3592105263157874,4.0,25.3,25.6,0,0.00000,10,1.0,0,,10.0,10.0,,1.0,1.0,0.0,5.0,1.0,1,8.0,8.0,9.0,0.0,11,0.0,9,15.105000000000473,,5
2022,3,Melbourne,24,Guanyu Zhou,Alfa Romeo,14,20,0.684210526315789473684211,0,12,2,12,79.91,80.849,98.34933333333333,20.64236665137253,2.0420000000000016,281.0,302.0,303.0,314.0,4,1,14.0,14.0,8.989000000000004,26.697435897435888,37.40833333333329,43.65384615384615,1014.2461538461532,1.8128205128205122,4.4,25.8,27.4,0,0.00000,11,0.0,0,,10.5,10.5,0.7071067811865476,0.5,1.0,0.0,3.0,1.0,2,10.5,10.5,4.5,0.25,11,0.0,11,18.358000000000175,,5
2022,4,Imola,24,Guanyu Zhou,Alfa Romeo,14,20,0.684210526315789473684211,0,8,6,11,79.73,85.05799999999999,88.92690909090908,9.3091251517481,1.0520000000000067,218.0,257.0,273.0,291.0,3,1,14.0,14.0,6.6733333333333364,12.899367088607601,17.418987341772137,83.17088607594937,1001.0386075949358,1.4822784810126568,2.5,11.1,14.2,0,0.00000,11,0.0,0,,10.666666666666666,10.666666666666666,0.5773502691896258,0.3333333333333333,1.0,0.0,3.0,1.0,3,10.166666666666666,10.166666666666666,4.333333333333333,0.16666666666666666,15,0.0,7,32.19500000000062,,9
2022,5,Miami,24,Guanyu Zhou,Alfa Romeo,17,20,0.842105263157894736842105,0,5,12,6,91.02,108.917,108.36583333333333,12.8729963165794,2.2240000000000038,220.0,190.0,284.0,326.0,2,1,13.666666666666666,14.0,5.268000000000004,30.61728395061729,42.81975308641976,58.858024691358025,1009.3049382716049,2.26728395061728,5.0,29.4,32.3,1,0.05556,15,0.0,0,,12.333333333333334,11.75,2.217355782608345,0.25,1.0,0.0,3.0,1.0,4,10.833333333333334,10.125,5.75,0.125,20,0.0,0,,,6
2022,6,Barcelona,24,Guanyu Zhou,Alfa Romeo,15,20,0.736842105263157894736842,0,7,8,10,80.476,81.16,94.573,16.58133019057545,1.725999999999999,287.0,304.0,286.0,320.0,5,1,15.0,14.6,4.659200000000004,36.56585365853659,48.95731707317072,7.109756097560975,996.0158536585362,3.4884146341463396,5.5,35.9,37.2,0,0.00000,20,0.0,1,,15.333333333333334,13.4,4.159326868617084,0.2,1.0,0.2,1.5,1.0,5,11.0,10.8,5.8,0.2,19,0.0,6,23.141999999999825,,14
2022,7,Monaco,24,Guanyu Zhou,Alfa Romeo,20,20,1.000000000000000000000000,0,12,8,6,75.606,93.52600000000001,93.2235,13.663014012288796,4.22999999999999,212.0,195.0,270.0,279.0,3,1,15.333333333333334,14.6,4.638600000000002,22.274693877550995,31.038367346938788,75.66530612244898,1002.9922448979627,0.9902040816326523,3.2,20.9,24.3,1,0.43673,19,0.0,1,,18.0,15.2,4.266145801540309,0.0,0.0,0.4,-0.75,1.0,6,12.0,11.7,5.6,0.3,16,0.0,6,25.600000000000364,,-2
2022,8,Baku,24,Guanyu Zhou,Alfa Romeo,14,20,0.684210526315789473684211,0,15,-1,9,103.777,122.117,121.27199999999999,15.727693767682533,2.417999999999992,235.0,233.0,335.0,315.0,3,1,17.333333333333332,16.0,2.2548000000000004,25.435403726708074,47.149689440993804,59.49068322981366,1009.9012422360254,1.5291925465838494,2.9,24.9,26.1,0,0.00000,16,0.0,0,,18.333333333333332,16.2,3.563705936241092,0.0,0.0,0.4,0.0,1.0,7,12.833333333333334,11.6,6.0,0.2,18,0.0,5,22.960000000000036,,13
2022,9,Montréal,24,Guanyu Zhou,Alfa Romeo,10,20,0.473684210526315789473684,1,11,-1,26,84.03,94.997,97.98953846153846,13.032258764253477,2.7309999999999945,246.0,270.0,274.0,299.0,5,2,16.333333333333332,16.0,2.3299999999999983,20.762962962962966,41.261111111111084,28.925925925925927,1012.4012345679009,3.5524691358024683,5.6,18.8,22.3,0,0.00000,18,0.0,1,,17.666666666666668,17.6,2.073644135332772,0.0,0.0,0.6,-1.75,1.0,8,13.166666666666666,12.6,5.2,0.3,8,4.0,4,23.944000000000415,,5
2022,10,Silverstone,24,Guanyu Zhou,Alfa Romeo,9,20,0.421052631578947368421053,1,12,-3,25,100.791,107.821,111.12648000000002,9.426367399127479,1.6620000000000061,293.0,244.0,235.0,293.0,3,1,14.666666666666666,15.2,2.665799999999996,18.253201970443335,30.026108374384233,59.748768472906406,1002.3581280788169,1.4561576354679806,3.9,17.5,19.2,1,0.04433,8,4.0,0,,14.0,16.2,4.8166378315169185,0.8,4.0,0.6,-1.0,5.0,9,11.5,12.1,5.2,0.3,19,0.0,0,,,22
2022,11,Spielberg,24,Guanyu Zhou,Alfa Romeo,18,20,0.894736842105263157894737,0,12,6,7,66.901,79.994,81.74828571428573,15.827867046386741,1.9170000000000016,310.0,241.0,279.0,315.0,2,1,11.0,13.6,2.5533999999999963,20.255921052631592,30.74671052631582,35.13815789473684,939.7124999999984,1.2552631578947366,3.9,19.7,21.1,0,0.00000,19,0.0,1,,15.0,16.0,4.636809247747853,0.8,4.0,0.6,-2.4,5.0,10,13.333333333333334,13.0,4.0,0.4,14,0.0,16,22.59900000000016,,8
2022,12,Le Castellet,24,Guanyu Zhou,Alfa Romeo,18,20,0.894736842105263157894737,0,13,5,5,93.674,94.162,114.54099999999998,28.25313210955557,2.8020000000000067,117.0,277.0,295.0,330.0,2,1,12.333333333333334,14.2,2.591599999999997,30.164843750000003,54.46171874999998,47.734375,967.9078124999985,1.9460937500000002,4.0,29.1,30.8,0,0.00000,14,0.0,0,,13.666666666666666,15.0,4.358898943540674,0.8,4.0,0.4,-1.8,5.0,11,12.666666666666666,13.0,2.4,0.3,16,0.0,5,36.40599999999995,,1
2022,13,Budapest,24,Guanyu Zhou,Alfa Romeo,12,20,0.578947368421052631578947,0,8,4,12,78.57300000000001,80.618,93.70016666666668,17.30782934677164,1.1960000000000122,277.0,250.0,254.0,299.0,4,1,15.0,13.8,2.306,18.55988023952095,26.72095808383233,69.31736526946108,985.5814371257485,4.034131736526945,5.8,17.8,19.4,1,0.27545,16,0.0,0,,16.333333333333332,15.0,4.358898943540674,0.8,4.0,0.4,-2.6,5.0,12,15.166666666666666,13.5,2.0,0.3,13,0.0,17,22.25,,19
2022,14,Spa-Francorchamps,24,Guanyu Zhou,Alfa Romeo,13,20,0.631578947368421052631579,0,20,-7,8,106.08500000000001,107.616,120.33675,14.78437762108561,2.420000000000016,337.0,204.0,216.0,310.0,4,1,16.0,13.4,2.0616000000000043,21.78717948717949,36.083974358974366,40.51923076923077,971.0519230769214,1.5192307692307678,3.5,20.7,22.5,0,0.00000,13,0.0,0,,14.333333333333334,14.0,4.06201920231798,0.8,4.0,0.2,-2.0,5.0,13,14.666666666666666,13.9,2.0,0.3,14,0.0,12,23.385999999999513,,14
2022,15,Zandvoort,24,Guanyu Zhou,Alfa Romeo,14,20,0.684210526315789473684211,0,16,-2,10,71.70400000000001,72.641,84.42890000000001,13.281435058423135,1.362000000000009,279.0,282.0,313.0,321.0,5,1,14.333333333333334,14.0,1.9994000000000085,22.730061349693237,33.44601226993866,75.38036809815951,1017.1098159509202,1.0619631901840485,2.0,22.3,23.3,0,0.00000,14,0.0,0,,14.333333333333334,15.2,2.387467277262664,0.0,0.0,0.2,-1.6,5.0,14,16.0,15.7,0.0,0.4,16,0.0,8,14.157000000001062,,12
2022,16,Monza,24,Guanyu Zhou,Alfa Romeo,14,20,0.684210526315789473684211,0,12,2,8,82.003,82.633,95.84875000000001,14.636633197465288,1.8419999999999987,324.0,337.0,311.0,344.0,4,1,13.0,15.0,1.9394000000000091,27.734693877551035,43.138775510204084,33.14965986394558,993.340136054421,1.3612244897959178,2.7,26.4,28.5,0,0.00000,16,0.0,0,,14.333333333333334,14.6,1.3416407864998738,0.0,0.0,0.0,0.0,5.0,15,16.833333333333332,15.6,0.0,0.3,10,1.0,6,25.364000000000487,,-1
2022,17,Marina Bay,24,Guanyu Zhou,Alfa Romeo,15,20,0.736842105263157894736842,0,16,-1,9,115.375,116.759,126.35944444444446,15.225723448420364,5.962999999999994,286.0,262.0,245.0,279.0,3,2,13.666666666666666,14.2,1.9244000000000085,26.232549019607895,28.973333333333354,87.44705882352942,1008.1439215686289,0.929803921568626,2.7,24.3,27.7,1,0.18039,10,1.0,0,,13.333333333333334,13.8,2.4899799195977463,0.2,1.0,0.0,0.0,6.0,16,15.166666666666666,15.4,0.2,0.3,20,0.0,0,,,10
2022,18,Suzuka,24,Guanyu Zhou,Alfa Romeo,14,20,0.684210526315789473684211,0,12,2,8,90.894,91.563,105.91624999999999,16.137205774677525,1.5900000000000034,277.0,297.0,264.0,297.0,4,1,14.333333333333334,13.6,2.5566000000000058,16.717647058823538,19.930588235294138,86.21176470588236,1015.7062745098052,2.040784313725487,4.0,15.8,19.0,1,0.98039,20,0.0,1,,15.333333333333334,14.6,3.714835124201342,0.2,1.0,0.2,-1.2,6.0,17,14.833333333333334,15.5,0.2,0.4,16,0.0,7,24.31999999999971,1,16
2022,19,Austin,24,Guanyu Zhou,Alfa Romeo,14,20,0.684210526315789473684211,0,10,4,10,96.196,97.887,112.15150000000001,18.42292767329763,1.8400000000000034,234.0,192.0,209.0,323.0,4,1,14.333333333333334,14.0,2.635400000000004,29.28529411764708,35.52352941176471,49.62352941176471,991.1994117647055,5.487058823529408,10.1,28.3,30.7,0,0.00000,16,0.0,0,,15.333333333333334,15.2,3.6331804249169894,0.2,1.0,0.2,-1.4,6.0,18,14.166666666666666,15.3,0.2,0.3,12,0.0,14,25.024000000000342,,10
2022,20,Mexico City,24,Guanyu Zhou,Alfa Romeo,12,20,0.578947368421052631578947,0,6,6,8,79.476,80.47,89.41675,10.102957950874728,1.7009999999999934,311.0,291.0,249.0,347.0,4,1,14.333333333333334,14.2,2.519400000000002,24.312727272727287,41.68909090909089,34.442424242424245,780.4072727272716,1.3369696969696967,4.0,22.8,25.5,0,0.00000,12,0.0,0,,16.0,14.8,3.8987177379235853,0.2,1.0,0.2,-1.0,6.0,19,15.5,15.1,0.2,0.3,13,0.0,7,24.161999999999352,,9
2022,21,São Paulo,24,Guanyu Zhou,Alfa Romeo,17,20,0.842105263157894736842105,0,18,-1,10,75.197,82.719,88.2569,11.67198047034007,4.3160000000000025,303.0,255.0,299.0,295.0,2,2,13.333333333333334,13.8,2.5871999999999984,23.01077844311378,46.04910179640717,76.07784431137725,922.1604790419151,1.4443113772455085,2.9,20.9,25.1,0,0.00000,13,0.0,0,,13.666666666666666,14.2,3.8987177379235853,0.2,1.0,0.2,-0.8,6.0,20,14.166666666666666,13.9,0.4,0.2,12,0.0,11,24.40399999999954,,1
2022,22,Yas Island,24,Guanyu Zhou,Alfa Romeo,15,20,0.736842105263157894736842,0,18,-3,8,85.408,86.367,101.33187500000001,17.29432344059337,1.5840000000000032,285.0,316.0,217.0,322.0,4,1,14.333333333333334,14.4,3.0819999999999994,28.57548387096773,34.31032258064516,61.68387096774194,1013.5206451612893,2.608387096774191,4.1,27.8,29.7,0,0.00000,12,0.0,0,,12.333333333333334,14.6,3.4351128074635335,0.0,0.0,0.2,-0.4,6.0,21,12.5,13.7,0.6,0.2,12,0.0,13,22.404999999999745,,7
2023,1,Sakhir,24,Guanyu Zhou,Alfa Romeo,13,20,0.631578947368421052631579,0,12,1,8,91.473,92.233,107.13550000000001,16.954347314395292,1.7650000000000006,240.0,269.0,286.0,318.0,4,1,14.666666666666666,14.4,2.2062000000000013,27.43167701863353,31.01180124223602,21.496894409937887,1016.863975155279,0.6832298136645952,2.2,26.2,29.8,0,0.00000,12,0.0,0,,12.333333333333334,13.0,1.7320508075688772,0.0,0.0,0.0,1.4,,22,11.833333333333334,13.3,0.6,0.1,16,0.0,12,25.35900000000038,1,23
2023,2,Jeddah,24,Guanyu Zhou,Alfa Romeo,12,20,0.578947368421052631578947,0,14,-2,14,89.461,90.69800000000001,106.96371428571429,19.30097668484709,1.195999999999998,289.0,324.0,303.0,335.0,4,1,15.0,14.2,2.2412000000000005,26.09189189189191,31.792567567567573,57.79054054054054,1010.9297297297305,1.7722972972972975,3.7,25.8,26.4,0,0.00000,16,0.0,1,,13.333333333333334,13.0,1.7320508075688772,0.0,0.0,0.2,1.2,0.0,23,12.0,12.6,1.4,0.2,13,0.0,7,21.26599999999962,,9
2023,3,Melbourne,24,Guanyu Zhou,Alfa Romeo,17,20,0.842105263157894736842105,0,19,-2,10,78.53999999999999,92.551,95.43159999999999,15.831110182169791,1.8079999999999927,283.0,317.0,304.0,319.0,2,1,13.333333333333334,13.8,2.1123999999999996,17.449549549549555,30.139639639639615,54.15765765765766,1018.3666666666695,1.1270270270270264,5.0,16.8,18.1,0,0.00000,13,0.0,0,,13.666666666666666,13.2,1.6431676725154982,0.0,0.0,0.2,-0.4,0.0,24,13.666666666666666,12.6,1.4,0.2,9,2.0,6,18.92099999999982,,-8
2025,1,Melbourne,6,Isack Hadjar,Racing Bulls,11,20,0.526315789473684210526316,0,5,6,7,76.175,76.725,95.98214285714286,25.01883258952857,1.0789999999999935,292.0,329.0,309.0,329.0,4,1,,,,15.707865168539323,18.942134831460663,78.42134831460675,1009.9016853932579,3.475280898876404,6.9,15.1,16.6,1,0.32584,,,,82.0,,,,,,,,,0,,,,,20,0.0,0,,,18
2025,2,Shanghai,6,Isack Hadjar,Racing Bulls,7,20,0.315789473684210526315789,1,9,-2,12,91.07900000000001,91.832,104.17200000000001,14.729459176642013,0.4380000000000166,285.0,278.0,271.0,332.0,7,1,11.0,11.0,1.0789999999999935,27.215584415584427,35.81688311688313,18.233766233766232,1010.4227272727292,2.18831168831169,4.3,26.4,28.1,0,0.00000,20,0.0,1,82.0,20.0,20.0,,0.0,0.0,1.0,-9.0,0.0,1,16.0,16.0,0.0,0.5,11,0.0,7,22.259000000000015,,19
2025,3,Suzuka,6,Isack Hadjar,Racing Bulls,7,20,0.315789473684210526315789,1,14,-7,10,87.569,88.27799999999999,98.3592,13.856835599964532,0.5859999999999985,288.0,301.0,270.0,297.0,6,1,9.0,9.0,0.7585000000000051,14.42999999999999,20.514285714285716,76.37142857142857,1009.3171428571422,1.2021428571428572,2.4,14.2,14.7,0,0.00000,11,0.0,0,82.0,15.5,15.5,6.363961030678928,0.0,0.0,0.5,-6.5,0.0,2,14.75,14.75,0.0,0.5,8,4.0,5,23.25,,15
2025,4,Sakhir,6,Isack Hadjar,Racing Bulls,12,20,0.578947368421052631578947,0,17,-5,7,91.271,98.279,108.22457142857141,20.665742190536353,1.4299999999999926,243.0,276.0,288.0,321.0,4,1,8.333333333333334,8.333333333333334,0.7010000000000028,27.05253164556961,31.87025316455695,45.32911392405063,1008.1253164556957,2.105696202531645,3.6,26.6,27.9,0,0.00000,8,4.0,0,82.0,13.0,13.0,6.244997998398398,1.3333333333333333,4.0,0.3333333333333333,-4.666666666666667,4.0,3,14.0,14.0,1.3333333333333333,0.3333333333333333,13,0.0,9,24.42199999999957,,11
2025,5,Jeddah,6,Isack Hadjar,Racing Bulls,14,20,0.684210526315789473684211,0,12,2,8,88.418,88.76599999999999,103.94175,16.491788335411048,1.1240000000000094,297.0,327.0,311.0,334.0,4,1,8.666666666666666,9.25,0.8832500000000003,29.483802816901413,37.81971830985914,62.725352112676056,1006.7661971830992,1.026056338028169,2.2,28.3,31.7,0,0.00000,13,0.0,0,82.0,10.666666666666666,13.0,5.0990195135927845,1.0,4.0,0.25,-3.75,4.0,4,13.5,14.125,1.0,0.25,10,1.0,4,20.699000000000524,,-3
2025,6,Miami Gardens,6,Isack Hadjar,Racing Bulls,11,20,0.526315789473684210526316,0,15,-4,7,86.987,95.98400000000001,103.38871428571427,17.726248914291723,0.782999999999987,222.0,192.0,287.0,338.0,5,1,11.0,10.2,0.9314000000000021,26.573154362416098,38.69060402684562,63.02013422818792,1012.2959731543626,1.0469798657718126,2.4,25.9,28.0,1,0.03356,10,1.0,0,82.0,10.333333333333334,12.4,4.61519230368573,1.0,5.0,0.2,-2.2,5.0,5,12.666666666666666,13.5,1.0,0.2,11,0.0,4,22.199000000000524,,4
2025,7,Imola,6,Isack Hadjar,Racing Bulls,9,20,0.421052631578947368421053,1,16,-7,9,75.51,99.27199999999999,92.4542222222222,16.780975044509315,0.8400000000000034,232.0,264.0,283.0,300.0,5,1,12.333333333333334,10.2,0.8722000000000009,23.964666666666666,42.66399999999999,38.306666666666665,1009.7999999999994,3.2479999999999993,5.0,23.4,24.3,0,0.00000,11,0.0,0,82.0,11.333333333333334,10.6,1.8165902124584947,1.0,5.0,0.0,-0.4,5.0,6,13.166666666666666,13.1,1.0,0.2,9,2.0,5,30.144000000000233,,9
2025,8,Monaco,6,Isack Hadjar,Racing Bulls,6,20,0.263157894736842105263158,1,9,-3,20,70.923,80.32,85.54905,14.338612435529313,0.9689999999999941,224.0,206.0,270.0,281.0,7,1,11.333333333333334,10.6,0.9525999999999982,22.20937500000001,43.31749999999996,52.51875,1016.7837499999993,0.9793749999999999,2.2,21.3,22.9,0,0.00000,9,2.0,0,82.0,10.0,10.2,1.9235384061671343,1.4,7.0,0.0,0.4,7.0,7,12.166666666666666,12.7,1.4,0.1,6,8.0,4,23.75,,17
2025,9,Barcelona,6,Isack Hadjar,Racing Bulls,9,20,0.421052631578947368421053,1,13,-4,9,72.252,73.266,89.3831111111111,22.863420683727778,0.7060000000000031,291.0,311.0,295.0,325.0,5,1,8.666666666666666,10.4,1.0291999999999972,29.11999999999999,48.54322580645158,54.6258064516129,1002.7716129032251,1.6329032258064524,3.5,28.1,30.0,0,0.00000,6,8.0,1,82.0,8.666666666666666,9.8,2.5884358211089573,2.2,11.0,0.2,0.4,15.0,8,10.833333333333334,11.6,3.0,0.3,7,6.0,7,21.779999999999745,,11
2025,10,Montréal,6,Isack Hadjar,Racing Bulls,9,20,0.421052631578947368421053,1,19,-10,15,71.867,88.583,88.11213333333335,17.360004755869443,0.9680000000000035,263.0,285.0,299.0,330.0,6,1,8.0,9.8,0.8843999999999994,24.036526946107763,49.25329341317365,27.976047904191617,1018.9281437125736,1.0377245508982031,2.9,22.8,25.6,1,0.00599,7,6.0,0,82.0,7.333333333333333,8.6,2.073644135332772,3.4,17.0,0.2,1.0,21.0,9,9.166666666666666,10.5,4.2,0.3,16,0.0,8,18.29699999999866,,24
2025,11,Spielberg,6,Isack Hadjar,Racing Bulls,13,20,0.631578947368421052631579,0,6,7,8,65.063,65.557,80.773875,18.94218115693499,1.0919999999999987,313.0,249.0,285.0,320.0,4,2,8.0,8.8,0.8531999999999982,30.347826086956506,49.16645962732919,31.981366459627328,943.3447204968951,1.6180124223602488,3.7,29.1,31.3,0,0.00000,16,0.0,1,82.0,9.666666666666666,9.8,3.96232255123179,3.2,16.0,0.4,-0.6,21.0,10,11.166666666666666,11.8,4.0,0.5,12,0.0,16,21.22400000000016,,14
2025,12,Silverstone,6,Isack Hadjar,Racing Bulls,13,20,0.631578947368421052631579,0,16,-3,8,85.864,86.344,95.03275,10.088158217151717,0.9720000000000084,319.0,269.0,255.0,321.0,4,1,10.333333333333334,9.2,0.9150000000000006,17.917419354838703,23.578709677419354,78.3741935483871,988.7767741935467,1.4832258064516135,5.8,16.0,19.6,1,0.18065,12,0.0,1,82.0,11.666666666666666,10.0,4.06201920231798,3.2,16.0,0.6,-0.4,21.0,11,11.833333333333334,10.8,5.6,0.5,17,0.0,1,28.63300000000072,,9
2025,13,Spa-Francorchamps,6,Isack Hadjar,Racing Bulls,8,20,0.368421052631578947368421,1,9,-1,11,101.281,102.57300000000001,114.21845454545455,15.368279528715217,0.7190000000000083,337.0,220.0,227.0,314.0,6,1,11.666666666666666,10.0,0.9414000000000016,17.03004484304933,24.090134529147992,84.4439461883408,965.0475336322884,1.446188340807175,3.2,14.5,19.0,1,0.45740,17,0.0,1,82.0,15.0,11.6,5.029910535983717,2.8,14.0,0.8,-1.4,21.0,12,14.833333333333334,12.1,5.2,0.7,20,0.0,1,23.478000000000975,,28
2025,14,Budapest,6,Isack Hadjar,Racing Bulls,10,20,0.473684210526315789473684,1,9,1,9,75.469,76.05199999999999,89.66633333333333,17.130011879739023,0.5789999999999935,283.0,258.0,260.0,308.0,5,1,11.333333333333334,10.4,0.8914000000000044,22.08216560509553,32.7299363057325,57.24203821656051,987.1401273885358,2.1509554140127394,3.7,21.6,22.5,0,0.00000,20,0.0,1,82.0,16.333333333333332,14.4,5.029910535983716,1.2,6.0,0.8,-3.6,21.0,13,13.666666666666666,13.5,3.6,0.6,11,0.0,8,21.123999999999796,,11
2025,15,Zandvoort,6,Isack Hadjar,Racing Bulls,4,20,0.157894736842105263157895,1,8,-4,11,69.208,70.106,81.61463636363636,13.955296788479474,0.5459999999999923,291.0,281.0,320.0,329.0,6,1,10.333333333333334,10.6,0.8660000000000025,20.077358490566034,27.963522012578633,71.17610062893081,1006.205660377358,2.170440251572328,3.9,19.4,20.7,0,0.00000,11,0.0,1,82.0,16.0,15.2,3.7013511046643495,0.0,0.0,1.0,-4.2,21.0,14,13.833333333333334,13.6,3.2,0.7,3,15.0,1,17.391999999999825,,21
2025,16,Monza,6,Isack Hadjar,Racing Bulls,16,20,0.789473684210526315789474,0,20,-4,4,79.917,80.126,93.161,15.56629313613231,1.125,326.0,338.0,316.0,350.0,2,1,7.333333333333333,9.6,0.7816000000000003,26.761111111111102,43.28819444444442,42.604166666666664,996.7527777777791,1.960416666666666,4.0,25.9,27.4,0,0.00000,3,15.0,0,82.0,11.333333333333334,12.6,6.5038450166036395,3.0,15.0,0.8,-3.2,36.0,15,10.333333333333334,11.6,6.2,0.5,10,1.0,13,24.22699999999986,,2
2025,17,Baku,6,Isack Hadjar,Racing Bulls,8,20,0.368421052631578947368421,1,3,5,9,101.64699999999999,102.863,113.17377777777777,16.98068885364915,0.5300000000000011,225.0,234.0,337.0,318.0,6,2,10.0,10.2,0.7882000000000005,20.551923076923092,26.107051282051287,59.833333333333336,1021.1160256410266,1.5070512820512825,2.9,20.3,21.1,0,0.00000,10,1.0,0,82.0,8.0,12.2,6.610597552415364,3.2,16.0,0.6,-1.6,37.0,16,9.666666666666666,12.2,4.8,0.4,10,1.0,4,20.35699999999997,,12
2025,18,Marina Bay,6,Isack Hadjar,Racing Bulls,8,20,0.368421052631578947368421,1,12,-4,12,89.846,107.515,106.36858333333333,15.470874650354121,0.6880000000000024,310.0,278.0,260.0,304.0,5,1,9.333333333333334,9.2,0.6997999999999991,29.072049689440938,33.852173913043515,74.36024844720497,1010.7776397515512,1.1111801242236026,2.2,28.5,29.5,1,0.03727,10,1.0,0,82.0,7.666666666666667,10.8,6.058052492344384,3.4,17.0,0.4,-1.0,38.0,17,9.0,10.1,7.0,0.2,11,0.0,8,23.822000000000116,,17
2025,19,Austin,6,Isack Hadjar,Racing Bulls,20,20,1.000000000000000000000000,0,12,8,,,,,,,,,,,,,10.666666666666666,9.2,0.6935999999999979,28.267532467532465,45.04480519480521,22.532467532467532,1001.1077922077926,2.082467532467532,4.9,26.4,29.3,0,0.00000,11,0.0,1,82.0,10.333333333333334,9.0,3.391164991562634,3.4,17.0,0.4,0.8,38.0,18,10.833333333333334,9.9,6.2,0.3,16,0.0,8,23.467999999999847,,0
2025,20,Mexico City,6,Isack Hadjar,Racing Bulls,9,20,0.421052631578947368421053,1,15,-6,11,76.252,77.577,84.97118181818182,9.408675675334779,0.6659999999999968,314.0,295.0,252.0,345.0,6,1,12.0,11.2,0.722249999999999,26.405555555555555,50.58827160493828,23.234567901234566,780.8888888888889,1.8475308641975292,3.9,25.4,27.1,0,0.00000,16,0.0,0,82.0,12.333333333333334,10.0,4.636809247747852,3.4,17.0,0.2,1.8,38.0,19,11.333333333333334,10.7,5.4,0.2,13,0.0,10,22.292999999999665,,20
2025,21,São Paulo,6,Isack Hadjar,Racing Bulls,5,19,0.222222222222222222222222,1,7,-2,14,69.931,71.209,85.03007142857143,16.560397382189954,0.4200000000000017,326.0,267.0,332.0,336.0,6,1,12.333333333333334,12.2,0.7522500000000001,17.34802631578948,30.69276315789474,70.57236842105263,929.708552631579,1.5098684210526314,2.9,16.6,18.0,0,0.00000,13,0.0,1,82.0,13.333333333333334,12.0,2.5495097567963922,0.4,2.0,0.4,0.6,38.0,20,14.333333333333334,12.5,2.4,0.4,8,4.0,14,23.079999999999927,,30
2025,22,Las Vegas,6,Isack Hadjar,Racing Bulls,8,20,0.368421052631578947368421,1,6,2,20,109.554,115.65,121.1197,13.127429748431334,1.6200000000000045,150.0,190.0,317.0,267.0,3,2,11.333333333333334,10.0,0.5760000000000005,16.73404255319152,19.529787234042566,37.765957446808514,941.8964539007092,1.436879432624114,2.8,16.3,17.2,0,0.00000,8,4.0,0,82.0,12.333333333333334,11.6,3.0495901363953815,1.0,5.0,0.4,-1.8,42.0,21,12.5,11.6,4.2,0.4,6,8.0,4,21.514000000000124,,11
2025,23,Lusail,6,Isack Hadjar,Racing Bulls,6,20,0.263157894736842105263158,1,12,-6,13,80.114,99.167,97.61876923076923,19.692816685929948,0.7270000000000039,256.0,287.0,283.0,323.0,6,1,7.333333333333333,10.0,0.8485000000000014,22.59932885906039,28.160402684563756,69.04697986577182,1016.0953020134215,1.2510067114093952,2.7,21.6,23.7,0,0.00000,6,8.0,0,82.0,9.0,10.8,3.96232255123179,2.4,12.0,0.4,-1.0,50.0,22,11.333333333333334,12.1,3.6,0.5,18,0.0,3,27.89800000000014,,32
2025,24,Yas Island,6,Isack Hadjar,Racing Bulls,9,20,0.421052631578947368421053,1,13,-4,12,82.997,83.614,96.05558333333333,14.004551568286216,0.7900000000000063,293.0,323.0,222.0,329.0,6,1,6.333333333333333,9.6,0.8582500000000017,26.67402597402595,31.0616883116883,60.44155844155844,1016.7279220779227,1.5733766233766233,3.2,25.9,27.5,0,0.00000,18,0.0,1,82.0,10.666666666666666,12.2,5.118593556827891,2.4,12.0,0.4,-2.8,50.0,23,10.333333333333334,12.2,4.0,0.4,17,0.0,7,21.922999999999774,,25
2026,1,Melbourne,6,Isack Hadjar,Red Bull Racing,3,19,0.111111111111111111111111,1,,,11,79.303,80.445,94.13454545454546,16.818185754495858,0.7849999999999966,288.0,289.0,310.0,305.0,6,1,7.666666666666667,7.4,0.8446000000000027,24.23445945945945,36.13445945945945,53.97297297297296,1012.5608108108116,2.5614864864864857,4.6,23.1,25.3,0,0.00000,17,0.0,1,84.0,13.666666666666666,12.4,5.319774431308154,2.4,12.0,0.6,-5.2,,24,6.5,7.3,21.2,0.0,20,0.0,0,,,42
2026,2,Shanghai,6,Isack Hadjar,Red Bull Racing,9,22,0.380952380952380952380952,1,8,1,14,93.12100000000001,94.519,107.2392142857143,14.70513136069055,1.0570000000000164,287.0,284.0,275.0,316.0,6,2,6.0,6.2,0.8684000000000026,15.572368421052628,22.616447368421053,54.99802631578948,1024.481578947368,2.1934210526315794,4.5,14.9,16.4,0,0.00000,20,0.0,1,84.0,18.333333333333332,13.8,6.340346993658944,2.4,12.0,0.6,-7.6,0.0,25,8.666666666666666,8.5,19.8,0.1,8,4.0,8,22.996000000000095,,12
2026,3,Suzuka,6,Isack Hadjar,Red Bull Racing,8,22,0.333333333333333333333333,1,11,-3,11,89.97800000000001,104.345,102.17627272727273,11.72735979742166,1.200000000000017,280.0,338.0,263.0,290.0,6,1,7.0,7.0,0.9958000000000056,18.556410256410274,34.1429487179487,52.49551282051283,1011.7987179487181,1.9506410256410254,3.7,17.3,19.5,0,0.00000,8,4.0,0,84.0,15.0,13.8,6.340346993658944,2.4,12.0,0.6,-6.8,4.0,26,10.833333333333334,8.9,17.6,0.2,12,0.0,4,23.551000000000386,,15
2026,4,Miami Gardens,6,Isack Hadjar,Red Bull Racing,22,22,1.000000000000000000000000,0,2,20,13,88.789,89.97800000000001,101.54761538461538,14.118392233409944,0.9909999999999997,222.0,191.0,277.0,322.0,6,1,6.666666666666667,7.0,0.911800000000008,27.125595238095247,37.01190476190477,70.44821428571433,1015.6476190476195,1.1517857142857149,4.8,25.7,28.1,1,0.01786,12,0.0,0,84.0,13.333333333333334,15.0,4.898979485566356,0.8,4.0,0.6,-8.0,4.0,27,11.666666666666666,9.6,13.4,0.2,22,0.0,2,3451.308,,2
2026,5,Montréal,6,Isack Hadjar,Red Bull Racing,7,22,0.285714285714285714285714,1,6,1,17,72.935,87.126,89.29441176470587,18.22331104334097,0.3569999999999993,254.0,289.0,282.0,323.0,5,1,13.0,10.2,0.9646000000000072,12.848750000000004,17.82749999999999,71.69499999999992,1024.2043749999991,3.0156249999999987,6.2,12.1,13.7,0,0.00000,22,0.0,1,84.0,14.0,15.8,5.761944116355173,0.8,4.0,0.6,-5.6,4.0,28,11.833333333333334,11.2,10.2,0.3,5,10.0,3,24.734999999999673,,13
2026,6,Monte Carlo,6,Isack Hadjar,Red Bull Racing,5,22,0.190476190476190476190476,1,2,3,19,72.434,81.04599999999999,83.74378947368422,9.909971973157742,0.38299999999999557,219.0,201.0,266.0,282.0,5,1,12.333333333333334,9.8,0.8780000000000058,23.677403846153872,37.976923076923086,62.198557692307695,1021.4403846153845,0.8418269230769228,3.5,22.6,24.5,0,0.00000,5,10.0,1,84.0,13.0,13.4,7.402702209328699,2.8,14.0,0.6,-3.6,14.0,29,9.166666666666666,10.5,10.2,0.4,4,12.0,5,19.357999999999265,,21
2026,7,Barcelona,6,Isack Hadjar,Red Bull Racing,6,22,0.238095238095238095238095,1,5,1,7,75.077,76.42699999999999,92.00914285714285,27.15689330187685,0.39799999999999613,283.0,293.0,285.0,335.0,4,1,11.333333333333334,10.2,0.7976000000000056,30.529333333333362,50.28666666666666,28.866000000000017,1000.5366666666639,2.5713333333333326,5.2,29.8,31.1,0,0.00000,4,12.0,0,84.0,10.333333333333334,10.2,7.293833011524188,5.2,26.0,0.4,0.0,26.0,30,10.166666666666666,10.5,11.0,0.4,6,8.0,11,22.01600000000053,,24
2020,16,Sakhir,89,Jack Aitken,Williams,18,20,0.894736842105263157894737,0,17,1,6,54.892,55.58,62.99916666666667,8.973789509826197,1.5150000000000006,290.0,271.0,298.0,338.0,3,1,,,,20.947244094488184,23.46929133858268,58.16929133858269,1015.9417322834645,1.9480314960629923,3.4,20.4,22.0,0,0.00000,,,,,,,,,,,,,0,14.666666666666666,15.4,0.0,0.3,16,0.0,7,23.130999999999858,,3
2025,1,Melbourne,7,Jack Doohan,Alpine,14,20,0.684210526315789473684211,0,9,5,11,76.315,102.162,101.78754545454548,26.613792425596312,1.218999999999994,289.0,328.0,310.0,327.0,4,1,,,,15.707865168539323,18.942134831460663,78.42134831460675,1009.9016853932579,3.475280898876404,6.9,15.1,16.6,1,0.32584,15,0.0,1,,15.0,15.0,,0.0,0.0,1.0,2.0,,1,14.0,11.2,10.0,0.6,19,0.0,0,,,10
2025,2,Shanghai,7,Jack Doohan,Alpine,18,20,0.894736842105263157894737,0,16,2,5,92.092,113.962,108.60920000000002,16.103117918589557,1.4510000000000076,284.0,278.0,272.0,331.0,3,1,14.0,14.0,1.218999999999994,27.215584415584427,35.81688311688313,18.233766233766232,1010.4227272727292,2.18831168831169,4.3,26.4,28.1,0,0.00000,19,0.0,1,,17.0,17.0,2.8284271247461903,0.0,0.0,1.0,-1.5,0.0,2,12.833333333333334,11.9,9.8,0.5,13,0.0,9,22.748999999999796,,-1
2025,3,Suzuka,7,Jack Doohan,Alpine,19,20,0.947368421052631578947368,0,11,8,6,88.877,89.803,101.01266666666668,13.684289220367518,1.8939999999999912,288.0,301.0,272.0,299.0,3,1,16.0,16.0,1.3350000000000009,14.42999999999999,20.514285714285716,76.37142857142857,1009.3171428571422,1.2021428571428572,2.4,14.2,14.7,0,0.00000,13,0.0,0,,15.666666666666666,15.666666666666666,3.0550504633038935,0.0,0.0,0.6666666666666666,0.6666666666666666,0.0,3,14.166666666666666,14.7,3.2,0.6,15,0.0,4,23.157000000000153,,-4
2025,4,Sakhir,7,Jack Doohan,Alpine,11,20,0.526315789473684210526316,0,5,6,8,91.245,91.919,105.79112500000001,15.77092891038535,1.4039999999999964,244.0,273.0,289.0,319.0,4,1,17.0,17.0,1.521333333333331,27.05253164556961,31.87025316455695,45.32911392405063,1008.1253164556957,2.105696202531645,3.6,26.6,27.9,0,0.00000,15,0.0,0,,15.666666666666666,15.5,2.516611478423583,0.0,0.0,0.5,1.5,0.0,4,15.166666666666666,13.8,3.2,0.4,14,0.0,10,24.80499999999938,,16
2025,5,Jeddah,7,Jack Doohan,Alpine,17,20,0.842105263157894736842105,0,9,8,7,88.739,115.806,106.502,16.61235166976668,1.4450000000000074,297.0,327.0,314.0,336.0,2,1,16.0,15.5,1.4919999999999973,29.483802816901413,37.81971830985914,62.725352112676056,1006.7661971830992,1.026056338028169,2.2,28.3,31.7,0,0.00000,14,0.0,0,,14.0,15.2,2.280350850198276,0.0,0.0,0.4,0.6,0.0,5,13.666666666666666,13.4,2.4,0.3,17,0.0,5,20.406999999999698,,5
2025,6,Miami Gardens,7,Jack Doohan,Alpine,14,20,0.684210526315789473684211,0,18,-4,9,87.186,88.244,100.73855555555556,16.059002024652024,0.9819999999999993,222.0,191.0,287.0,337.0,5,1,15.666666666666666,15.8,1.4825999999999993,26.573154362416098,38.69060402684562,63.02013422818792,1012.2959731543626,1.0469798657718126,2.4,25.9,28.0,1,0.03356,17,0.0,1,,15.333333333333334,15.6,2.4083189157584592,0.0,0.0,0.4,0.2,0.0,6,14.333333333333334,14.9,1.2,0.4,20,0.0,0,,,12
2020,1,Spielberg,20,Kevin Magnussen,Haas F1 Team,16,20,0.789473684210526315789474,0,15,1,6,65.164,65.785,76.66616666666667,13.032254224295453,2.2250000000000014,320.0,243.0,286.0,314.0,2,1,12.333333333333334,14.6,2.309000000000001,28.68416666666667,52.02499999999999,33.8325,938.7708333333335,1.8874999999999997,3.6,26.9,30.0,0,0.00000,,,,78.0,,,,,,,,,0,,,,,17,0.0,2,,,4
2020,2,Spielberg,20,Kevin Magnussen,Haas F1 Team,15,20,0.736842105263157894736842,0,20,-5,19,80.211,81.501,88.47357894736842,13.480432594096397,2.3859999999999957,288.0,211.0,262.0,287.0,3,1,13.666666666666666,14.0,2.292200000000001,20.822499999999994,39.92,34.005,945.9099999999996,2.228333333333333,4.5,19.4,22.1,1,0.01667,17,0.0,1,78.0,17.0,17.0,,0.0,0.0,1.0,-1.0,0.0,1,16.5,16.5,0.0,1.0,12,0.0,13,21.9970000000003,,7
2020,3,Budapest,20,Kevin Magnussen,Haas F1 Team,16,20,0.789473684210526315789474,0,18,-2,6,76.152,77.701,84.62416666666665,8.605573645415314,2.7049999999999983,281.0,256.0,258.0,306.0,3,1,15.333333333333334,13.6,2.033799999999998,20.74179104477611,27.12985074626864,77.19253731343284,986.3149253731342,1.5597014925373138,2.8,19.9,21.8,1,0.01493,12,0.0,0,78.0,14.5,14.5,3.5355339059327378,0.0,0.0,0.5,1.0,0.0,2,14.5,14.5,0.0,0.5,10,1.0,6,23.649999999999636,,-5
2020,4,Silverstone,20,Kevin Magnussen,Haas F1 Team,16,20,0.789473684210526315789474,0,19,-3,6,87.158,87.814,94.26566666666668,7.522599621584729,2.855000000000004,307.0,265.0,252.0,313.0,3,1,15.666666666666666,14.4,2.2181999999999973,21.291406249999998,40.63281250000001,44.16796875,998.40859375,3.114062500000001,4.7,20.8,22.1,0,0.00000,10,1.0,0,78.0,13.0,13.0,3.605551275463989,0.3333333333333333,1.0,0.3333333333333333,1.0,1.0,3,14.0,14.0,0.3333333333333333,0.3333333333333333,19,0.0,0,,,6
2020,5,Silverstone,20,Kevin Magnussen,Haas F1 Team,17,20,0.842105263157894736842105,0,14,3,6,88.236,88.798,96.697,9.404099786795115,3.082000000000008,313.0,266.0,248.0,328.0,3,2,15.666666666666666,15.6,2.5291999999999986,25.28706896551725,43.22758620689654,58.55603448275865,1000.9508620689652,2.236206896551725,4.3,23.5,26.8,0,0.00000,19,0.0,1,78.0,13.666666666666666,14.5,4.203173404306164,0.25,1.0,0.5,-1.0,1.0,4,14.333333333333334,14.875,0.25,0.375,20,0.0,3,28.705000000000382,,9
2020,6,Barcelona,20,Kevin Magnussen,Haas F1 Team,16,20,0.789473684210526315789474,0,17,-1,4,77.908,78.623,88.40575,11.840643996421816,2.323999999999998,287.0,302.0,282.0,320.0,2,1,16.333333333333332,16.0,2.6506000000000016,29.796899224806182,47.55581395348835,56.38449612403102,997.7038759689932,1.5449612403100779,2.9,28.6,30.7,0,0.00000,20,0.0,1,78.0,16.333333333333332,15.6,4.39317652729776,0.2,1.0,0.6,-1.5,1.0,5,16.166666666666668,15.5,0.2,0.4,15,0.0,8,24.123999999999796,,6
2020,7,Spa-Francorchamps,20,Kevin Magnussen,Haas F1 Team,20,20,1.000000000000000000000000,0,17,3,4,104.314,105.37700000000001,112.68550000000002,9.085969935382062,3.0619999999999834,321.0,213.0,224.0,303.0,2,1,16.333333333333332,16.0,2.6704000000000008,18.568595041322304,29.82396694214875,54.85289256198344,962.4297520661155,1.4652892561983484,3.3,17.4,20.1,0,0.00000,15,0.0,0,78.0,18.0,15.2,4.324349662087931,0.2,1.0,0.4,-1.0,1.0,6,17.5,15.6,0.2,0.2,17,0.0,4,23.197000000000116,,-2
2020,8,Monza,20,Kevin Magnussen,Haas F1 Team,15,20,0.736842105263157894736842,0,16,-1,9,80.869,95.32,91.86511111111112,10.526891806754314,1.9819999999999993,322.0,334.0,310.0,339.0,5,1,17.666666666666668,17.0,2.8055999999999983,28.090909090909104,41.20139860139859,40.12447552447552,990.7804195804187,1.5209790209790213,3.1,27.3,28.9,0,0.00000,17,0.0,0,78.0,17.333333333333332,16.2,3.96232255123179,0.2,1.0,0.4,-1.0,1.0,7,17.0,16.3,0.2,0.2,19,0.0,2,40.06100000000015,,10
2020,9,Mugello,20,Kevin Magnussen,Haas F1 Team,20,20,1.000000000000000000000000,0,15,5,4,77.348,77.932,97.14175000000002,22.61670194605453,2.2039999999999935,272.0,253.0,299.0,306.0,2,1,17.0,16.8,2.6609999999999987,30.169886363636337,43.10227272727272,39.94431818181818,993.6153409090938,2.36477272727273,4.4,29.6,30.7,0,0.00000,19,0.0,1,78.0,17.0,18.0,2.0,0.0,0.0,0.6,-1.6,1.0,8,16.166666666666668,16.8,0.0,0.3,16,0.0,0,,,-8
2020,10,Sochi,20,Kevin Magnussen,Haas F1 Team,18,20,0.894736842105263157894737,0,16,2,6,94.681,111.844,119.719,28.023711945422225,3.3769999999999953,271.0,314.0,172.0,322.0,2,1,18.333333333333332,17.6,2.5307999999999966,28.80606060606062,40.342424242424265,51.36287878787878,1012.878787878789,1.428787878787879,3.2,27.6,30.5,0,0.00000,16,0.0,1,78.0,17.333333333333332,17.4,2.0736441353327724,0.0,0.0,0.6,0.2,1.0,9,15.166666666666666,16.1,0.0,0.3,12,0.0,7,30.19499999999971,,-5
2020,11,Nürburgring,20,Kevin Magnussen,Haas F1 Team,15,20,0.736842105263157894736842,0,16,-1,12,87.125,93.044,99.51108333333333,12.035031279623462,1.8559999999999945,269.0,236.0,257.0,310.0,4,1,17.666666666666668,17.8,2.589799999999994,9.499999999999998,16.36020408163265,59.40408163265304,947.35918367347,1.6173469387755104,3.1,8.9,9.9,1,0.02041,12,0.0,0,78.0,15.666666666666666,15.8,2.588435821108957,0.0,0.0,0.4,2.0,1.0,10,14.666666666666666,15.4,0.0,0.2,13,0.0,13,22.99000000000001,,9
2020,12,Portimão,20,Kevin Magnussen,Haas F1 Team,19,20,0.947368421052631578947368,0,18,1,8,78.508,79.509,90.23112500000002,12.450630132504482,2.0419999999999874,276.0,198.0,306.0,324.0,2,1,17.666666666666668,17.6,2.4961999999999933,20.505468749999977,25.71562499999998,67.52812500000002,1007.3406250000008,4.0406249999999995,7.0,20.0,21.0,0,0.00000,13,0.0,0,78.0,13.666666666666666,15.4,2.880972058177586,0.0,0.0,0.4,2.2,1.0,11,13.166666666666666,14.2,0.4,0.2,16,0.0,9,27.35199999999986,,3
2020,13,Imola,20,Kevin Magnussen,Haas F1 Team,17,20,0.842105263157894736842105,0,16,1,9,75.939,82.554,87.79755555555556,12.949666280556336,2.3299999999999983,227.0,261.0,279.0,292.0,2,1,17.333333333333332,17.4,2.292199999999994,18.030400000000004,23.26079999999999,71.13680000000001,1017.8919999999997,1.3415999999999992,3.1,16.9,18.5,0,0.00000,16,0.0,0,78.0,13.666666666666666,15.2,2.7748873851023217,0.0,0.0,0.4,2.2,1.0,12,14.0,14.3,0.4,0.2,18,0.0,9,30.110999999999876,,11
2020,14,Istanbul,20,Kevin Magnussen,Haas F1 Team,16,20,0.789473684210526315789474,0,19,-3,5,128.007,134.496,136.949,8.160821037126105,20.242000000000004,231.0,254.0,185.0,234.0,2,1,17.0,17.8,2.361799999999994,13.095683453237404,15.20575539568346,80.16115107913672,1008.4964028776968,1.066187050359712,2.7,12.1,13.8,1,0.04317,18,0.0,1,78.0,15.666666666666666,15.0,2.449489742783178,0.0,0.0,0.4,2.8,1.0,13,14.5,14.4,0.4,0.2,17,0.0,3,24.09100000000035,,5
2020,15,Sakhir,20,Kevin Magnussen,Haas F1 Team,18,20,0.894736842105263157894737,0,19,-1,4,90.111,90.596,103.24525,14.895061785146558,2.8470000000000084,244.0,272.0,291.0,320.0,2,1,17.333333333333332,17.0,5.969399999999996,25.09907407407409,27.54814814814815,67.8472222222222,1015.8972222222209,0.8430555555555546,1.8,24.4,26.6,0,0.00000,17,0.0,1,78.0,17.0,15.2,2.5884358211089573,0.0,0.0,0.4,1.2,1.0,14,16.666666666666668,15.1,0.4,0.3,17,0.0,12,25.750999999998385,,10
2020,16,Sakhir,20,Kevin Magnussen,Haas F1 Team,16,20,0.789473684210526315789474,0,20,-4,6,54.705,55.464,62.08833333333333,8.272532784260612,1.3279999999999959,286.0,266.0,293.0,330.0,3,1,17.0,17.0,5.863399999999999,20.947244094488184,23.46929133858268,58.16929133858269,1015.9417322834645,1.9480314960629923,3.4,20.4,22.0,0,0.00000,17,0.0,0,78.0,17.333333333333332,16.2,1.9235384061671346,0.0,0.0,0.4,0.2,1.0,15,17.333333333333332,15.9,0.4,0.4,15,0.0,3,25.463999999999942,,1
2020,17,Yas Island,20,Kevin Magnussen,Haas F1 Team,17,20,0.842105263157894736842105,0,19,-2,6,97.863,98.162,107.19699999999999,11.081916657329632,2.6169999999999902,285.0,317.0,221.0,322.0,3,1,16.666666666666668,17.2,5.757799999999999,23.121481481481517,27.980000000000008,55.44666666666665,1015.8474074074076,2.5044444444444425,4.0,22.1,23.7,0,0.00000,15,0.0,0,78.0,16.333333333333332,16.6,1.140175425099138,0.0,0.0,0.4,-0.2,1.0,16,17.333333333333332,16.9,0.0,0.4,18,0.0,5,22.738999999999578,,7
2022,1,Sakhir,20,Kevin Magnussen,Haas F1 Team,7,20,0.315789473684210526315789,1,12,-5,7,91.461,92.286,101.06085714285713,11.478884112847833,0.9030000000000058,241.0,271.0,288.0,318.0,4,1,17.0,16.8,5.8728,23.617791411042962,28.610429447852766,29.49079754601227,1010.3858895705521,0.3049079754601232,0.8,22.3,25.7,0,0.00000,18,0.0,0,81.0,16.666666666666668,17.0,1.2247448713915887,0.0,0.0,0.4,-0.4,,17,16.666666666666668,17.2,0.0,0.3,5,10.0,8,25.437999999999192,,18
2022,2,Jeddah,20,Kevin Magnussen,Haas F1 Team,10,20,0.473684210526315789473684,1,14,-4,15,89.54599999999999,106.428,103.71419999999999,14.416911464368109,15.87599999999999,284.0,325.0,303.0,330.0,6,1,13.333333333333334,14.8,5.587400000000001,25.42039473684213,28.4092105263158,59.66447368421053,1012.7776315789473,2.3592105263157874,4.0,25.3,25.6,0,0.00000,5,10.0,0,81.0,12.666666666666666,14.4,5.366563145999495,2.0,10.0,0.2,0.2,10.0,18,13.666666666666666,15.1,2.0,0.2,9,2.0,6,22.381999999999607,,7
2022,3,Melbourne,20,Kevin Magnussen,Haas F1 Team,17,20,0.842105263157894736842105,0,15,2,7,80.254,81.243,89.88085714285714,11.741857369095849,2.38600000000001,279.0,298.0,298.0,314.0,3,1,11.333333333333334,13.6,4.714199999999998,26.697435897435888,37.40833333333329,43.65384615384615,1014.2461538461532,1.8128205128205122,4.4,25.8,27.4,0,0.00000,9,2.0,0,81.0,10.666666666666666,12.8,5.585696017507577,2.4,12.0,0.0,1.2,12.0,19,10.333333333333334,13.4,2.4,0.2,14,0.0,12,19.082000000000335,,6
2022,4,Imola,20,Kevin Magnussen,Haas F1 Team,4,20,0.157894736842105263157895,1,12,-8,11,79.902,89.164,95.66309090909091,19.511111656974062,1.2240000000000038,215.0,259.0,272.0,288.0,4,2,11.333333333333334,13.4,4.621999999999998,12.899367088607601,17.418987341772137,83.17088607594937,1001.0386075949358,1.4822784810126568,2.5,11.1,14.2,0,0.00000,14,0.0,0,81.0,9.333333333333334,12.2,5.167204273105525,2.4,12.0,0.0,1.4,12.0,20,10.166666666666666,12.7,2.4,0.2,9,2.0,1,33.753999999999905,,20
2022,5,Miami,20,Kevin Magnussen,Haas F1 Team,16,20,0.789473684210526315789474,0,15,1,10,90.975,104.307,106.1107,16.13357780840939,2.179000000000002,221.0,189.0,287.0,326.0,1,1,10.333333333333334,11.0,4.6012,30.61728395061729,42.81975308641976,58.858024691358025,1009.3049382716049,2.26728395061728,5.0,29.4,32.3,1,0.05556,9,2.0,0,81.0,10.666666666666666,11.0,5.049752469181039,2.8,14.0,0.0,1.2,14.0,21,11.833333333333334,11.5,2.8,0.0,16,0.0,13,19.735999999999876,,13
2022,6,Barcelona,20,Kevin Magnussen,Haas F1 Team,8,20,0.368421052631578947368421,1,10,-2,11,79.682,81.351,87.55109090909092,8.618023467762727,0.9320000000000022,290.0,304.0,286.0,323.0,6,1,12.333333333333334,10.8,4.513600000000002,36.56585365853659,48.95731707317072,7.109756097560975,996.0158536585362,3.4884146341463396,5.5,35.9,37.2,0,0.00000,16,0.0,1,81.0,13.0,10.6,4.39317652729776,2.8,14.0,0.2,0.8,14.0,22,14.0,11.8,2.8,0.1,17,0.0,5,23.838999999999942,,26
2022,7,Monaco,20,Kevin Magnussen,Haas F1 Team,13,20,0.631578947368421052631579,0,15,-2,14,72.92099999999999,85.39099999999999,85.68507142857143,10.552125432743473,1.5449999999999875,219.0,204.0,275.0,283.0,4,1,9.333333333333334,11.0,4.519400000000002,22.274693877550995,31.038367346938788,75.66530612244898,1002.9922448979627,0.9902040816326523,3.2,20.9,24.3,1,0.43673,17,0.0,0,81.0,14.0,13.0,3.8078865529319543,0.8,4.0,0.2,-1.4,14.0,23,14.666666666666666,13.3,0.8,0.1,20,0.0,2,7490.335,,16
2022,8,Baku,20,Kevin Magnussen,Haas F1 Team,16,20,0.789473684210526315789474,0,20,-4,5,104.643,110.80199999999999,115.2672,10.36162985248943,3.283999999999992,220.0,219.0,338.0,317.0,3,1,12.333333333333334,11.6,1.6532000000000011,25.435403726708074,47.149689440993804,59.49068322981366,1009.9012422360254,1.5291925465838494,2.9,24.9,26.1,0,0.00000,20,0.0,1,81.0,17.666666666666668,15.2,4.08656334834051,0.4,2.0,0.4,-3.0,14.0,24,16.833333333333332,15.4,0.4,0.3,17,0.0,9,21.51599999999962,,11
2022,9,Montréal,20,Kevin Magnussen,Haas F1 Team,5,20,0.210526315789473684210526,1,6,-1,25,82.96000000000001,94.53999999999999,96.54984,10.934485019423644,1.6610000000000014,245.0,273.0,277.0,303.0,5,2,12.333333333333334,11.4,1.8327999999999975,20.762962962962966,41.261111111111084,28.925925925925927,1012.4012345679009,3.5524691358024683,5.6,18.8,22.3,0,0.00000,17,0.0,1,81.0,18.0,15.8,4.08656334834051,0.4,2.0,0.6,-3.6,14.0,25,16.833333333333332,15.8,0.4,0.4,17,0.0,5,38.25700000000052,,35
2022,10,Silverstone,20,Kevin Magnussen,Haas F1 Team,17,20,0.842105263157894736842105,0,19,-2,10,102.15899999999999,105.87100000000001,110.4858,11.860027616606402,3.030000000000001,291.0,243.0,231.0,290.0,2,1,11.333333333333334,11.6,1.920199999999997,18.253201970443335,30.026108374384233,59.748768472906406,1002.3581280788169,1.4561576354679806,3.9,17.5,19.2,1,0.04433,17,0.0,0,81.0,18.0,17.4,1.51657508881031,0.0,0.0,0.6,-5.8,14.0,26,17.666666666666668,16.8,0.0,0.5,10,1.0,8,29.449000000000524,,-5
2022,11,Spielberg,20,Kevin Magnussen,Haas F1 Team,6,20,0.263157894736842105263158,1,7,-1,14,65.879,66.651,77.50014285714285,13.38325085756385,0.8950000000000102,316.0,245.0,285.0,319.0,6,1,12.666666666666666,11.8,2.0903999999999967,20.255921052631592,30.74671052631582,35.13815789473684,939.7124999999984,1.2552631578947366,3.9,19.7,21.1,0,0.00000,10,1.0,0,81.0,14.666666666666666,16.2,3.7013511046643495,0.2,1.0,0.4,-4.4,15.0,27,14.166666666666666,15.5,1.0,0.4,8,4.0,12,21.993999999999687,,25
2022,12,Le Castellet,20,Kevin Magnussen,Haas F1 Team,10,20,0.473684210526315789473684,1,19,-9,4,92.649,92.756,105.68775,25.698925287191816,1.777000000000001,118.0,279.0,301.0,334.0,3,1,9.333333333333334,11.4,2.0829999999999984,30.164843750000003,54.46171874999998,47.734375,967.9078124999985,1.9460937500000002,4.0,29.1,30.8,0,0.00000,8,4.0,0,81.0,11.666666666666666,14.4,5.128352561983234,1.0,5.0,0.4,-2.8,19.0,28,11.333333333333334,13.8,3.4,0.4,18,0.0,7,36.474999999999454,,24
2022,13,Budapest,20,Kevin Magnussen,Haas F1 Team,13,20,0.631578947368421052631579,0,15,-2,14,78.825,80.388,92.34378571428572,15.475316460930097,1.4480000000000075,280.0,248.0,257.0,302.0,4,1,11.0,10.8,2.1294000000000013,18.55988023952095,26.72095808383233,69.31736526946108,985.5814371257485,4.034131736526945,5.8,17.8,19.4,1,0.27545,18,0.0,1,81.0,12.0,14.0,4.636809247747852,1.0,5.0,0.4,-1.0,19.0,29,10.833333333333334,13.2,3.4,0.3,16,0.0,10,23.100000000000364,,16
2022,14,Spa-Francorchamps,20,Kevin Magnussen,Haas F1 Team,18,20,0.894736842105263157894737,0,15,3,4,106.557,106.648,118.32849999999999,13.559098851570734,2.89200000000001,330.0,203.0,221.0,305.0,2,1,9.666666666666666,10.2,1.7622000000000042,21.78717948717949,36.083974358974366,40.51923076923077,971.0519230769214,1.5192307692307678,3.5,20.7,22.5,0,0.00000,16,0.0,0,81.0,14.0,13.8,4.494441010848846,1.0,5.0,0.2,-1.4,19.0,30,12.833333333333334,13.1,3.4,0.2,16,0.0,6,23.41899999999987,,2
2022,15,Zandvoort,20,Kevin Magnussen,Haas F1 Team,18,20,0.894736842105263157894737,0,8,10,7,72.041,89.667,91.33042857142858,20.671745055003157,1.698999999999998,282.0,284.0,317.0,319.0,2,1,13.666666666666666,12.8,2.008400000000006,22.730061349693237,33.44601226993866,75.38036809815951,1017.1098159509202,1.0619631901840485,2.0,22.3,23.3,0,0.00000,16,0.0,0,81.0,16.666666666666668,13.6,4.33589667773576,1.0,5.0,0.2,0.2,19.0,31,16.0,12.8,3.4,0.1,15,0.0,12,14.36700000000019,,6
2022,16,Monza,20,Kevin Magnussen,Haas F1 Team,19,20,0.947368421052631578947368,0,20,-1,8,82.399,83.167,93.64525,12.068201792313548,2.2379999999999995,315.0,330.0,305.0,338.0,2,1,16.333333333333332,13.0,1.7422000000000053,27.734693877551035,43.138775510204084,33.14965986394558,993.340136054421,1.3612244897959178,2.7,26.4,28.5,0,0.00000,15,0.0,0,81.0,15.666666666666666,14.6,3.847076812334269,0.8,4.0,0.2,-0.6,19.0,32,15.166666666666666,13.8,2.4,0.1,16,0.0,8,24.895000000000437,,2
2022,17,Marina Bay,20,Kevin Magnussen,Haas F1 Team,9,20,0.421052631578947368421053,1,13,-4,15,111.57300000000001,116.785,124.66086666666668,11.493392517110903,2.1610000000000014,290.0,265.0,249.0,282.0,6,2,18.333333333333332,15.6,2.0108000000000033,26.232549019607895,28.973333333333354,87.44705882352942,1008.1439215686289,0.929803921568626,2.7,24.3,27.7,1,0.18039,16,0.0,0,81.0,15.666666666666666,16.2,1.0954451150103326,0.0,0.0,0.2,-0.4,19.0,33,14.833333333333334,15.2,0.0,0.1,12,0.0,5,32.59699999999975,,13
2022,18,Suzuka,20,Kevin Magnussen,Haas F1 Team,18,20,0.894736842105263157894737,0,15,3,4,91.352,91.807,99.45750000000001,9.16075850207467,2.048000000000002,276.0,296.0,262.0,295.0,2,1,15.333333333333334,15.4,2.0876000000000032,16.717647058823538,19.930588235294138,86.21176470588236,1015.7062745098052,2.040784313725487,4.0,15.8,19.0,1,0.98039,12,0.0,0,81.0,14.333333333333334,15.0,1.7320508075688772,0.0,0.0,0.0,-1.4,19.0,34,13.5,14.4,0.0,0.0,14,0.0,6,25.59899999999834,,-2
2022,19,Austin,20,Kevin Magnussen,Haas F1 Team,16,20,0.789473684210526315789474,0,19,-3,5,96.949,98.144,105.7714,11.356768105407456,2.5930000000000035,228.0,187.0,207.0,320.0,2,1,15.333333333333334,16.4,2.207600000000002,29.28529411764708,35.52352941176471,49.62352941176471,991.1994117647055,5.487058823529408,10.1,28.3,30.7,0,0.00000,14,0.0,0,81.0,14.0,14.6,1.6733200530681507,0.0,0.0,0.0,0.0,19.0,35,14.0,14.5,0.0,0.0,9,2.0,12,29.03400000000056,,0
2022,20,Mexico City,20,Kevin Magnussen,Haas F1 Team,15,20,0.736842105263157894736842,0,16,-1,13,79.833,92.407,92.96615384615386,14.589153584347937,2.0579999999999927,312.0,292.0,250.0,351.0,4,1,14.333333333333334,16.0,2.147800000000001,24.312727272727287,41.68909090909089,34.442424242424245,780.4072727272716,1.3369696969696967,4.0,22.8,25.5,0,0.00000,9,2.0,0,81.0,11.666666666666666,13.2,2.7748873851023217,0.4,2.0,0.0,1.6,21.0,36,13.333333333333334,13.6,0.4,0.0,17,0.0,5,23.71599999999944,,9
2022,21,São Paulo,20,Kevin Magnussen,Haas F1 Team,1,20,0E-24,1,20,-19,20,71.41,79.881,84.20630000000001,12.223729812820718,0.5289999999999964,321.0,261.0,332.0,324.0,6,2,16.333333333333332,15.4,2.2196,23.01077844311378,46.04910179640717,76.07784431137725,922.1604790419151,1.4443113772455085,2.9,20.9,25.1,0,0.00000,17,0.0,0,81.0,13.333333333333334,13.6,3.2093613071762426,0.4,2.0,0.0,1.4,21.0,37,14.666666666666666,14.1,0.4,0.0,19,0.0,0,,,46
2022,22,Yas Island,20,Kevin Magnussen,Haas F1 Team,16,20,0.789473684210526315789474,0,13,3,6,85.834,86.417,100.39883333333334,19.492212387686177,2.010000000000005,289.0,319.0,220.0,325.0,2,1,10.666666666666666,11.8,1.8777999999999992,28.57548387096773,34.31032258064516,61.68387096774194,1013.5206451612893,2.608387096774191,4.1,27.8,29.7,0,0.00000,19,0.0,1,81.0,15.0,14.2,3.96232255123179,0.4,2.0,0.2,-0.8,21.0,38,14.833333333333334,14.5,0.4,0.1,17,0.0,7,22.35400000000027,,9
2023,1,Sakhir,20,Kevin Magnussen,Haas F1 Team,17,20,0.842105263157894736842105,0,10,7,4,91.892,92.07,102.9635,13.207799047027738,2.1839999999999975,240.0,271.0,289.0,317.0,2,1,10.666666666666666,13.2,1.8476,27.43167701863353,31.01180124223602,21.496894409937887,1016.863975155279,0.6832298136645952,2.2,26.2,29.8,0,0.00000,17,0.0,0,81.0,17.666666666666668,15.2,3.8987177379235853,0.4,2.0,0.2,-0.4,,39,16.333333333333332,15.3,0.4,0.1,13,0.0,12,25.125,,4
2023,2,Jeddah,20,Kevin Magnussen,Haas F1 Team,13,20,0.631578947368421052631579,0,11,2,11,89.517,100.979,104.88981818181819,16.650097361986692,1.2519999999999953,289.0,328.0,308.0,335.0,4,1,11.333333333333334,13.0,1.8747999999999991,26.09189189189191,31.792567567567573,57.79054054054054,1010.9297297297305,1.7722972972972975,3.7,25.8,26.4,0,0.00000,13,0.0,1,81.0,16.333333333333332,15.0,4.0,0.4,2.0,0.4,-0.4,0.0,40,15.5,15.0,0.4,0.3,10,1.0,6,20.92199999999957,,1
2023,3,Melbourne,20,Kevin Magnussen,Haas F1 Team,14,20,0.684210526315789473684211,0,10,4,14,78.129,92.315,93.73764285714284,14.411829316476545,1.3970000000000056,286.0,322.0,309.0,323.0,4,1,15.333333333333334,12.4,1.6065999999999974,17.449549549549555,30.139639639639615,54.15765765765766,1018.3666666666695,1.1270270270270264,5.0,16.8,18.1,0,0.00000,10,1.0,0,81.0,13.333333333333334,15.2,3.6331804249169903,0.2,1.0,0.4,-0.6,1.0,41,13.833333333333334,14.8,0.2,0.3,17,0.0,4,20.78099999999995,,10
2025,3,Suzuka,12,Kimi Antonelli,Mercedes,6,20,0.263157894736842105263158,1,5,1,10,87.555,88.22200000000001,101.66839999999999,17.85754295155598,0.5720000000000027,288.0,305.0,271.0,297.0,6,1,,,,14.42999999999999,20.514285714285716,76.37142857142857,1009.3171428571422,1.2021428571428572,2.4,14.2,14.7,0,0.00000,6,8.0,0,80.0,6.0,6.0,,8.0,8.0,0.0,2.0,8.0,1,4.166666666666667,4.4,25.4,0.0,6,8.0,3,24.34400000000005,1,21
2025,4,Sakhir,12,Kimi Antonelli,Mercedes,4,20,0.157894736842105263157895,1,2,2,12,90.213,91.845,105.83333333333333,17.225631611765138,0.3719999999999857,244.0,273.0,289.0,317.0,6,1,6.0,6.0,0.5720000000000027,27.05253164556961,31.87025316455695,45.32911392405063,1008.1253164556957,2.105696202531645,3.6,26.6,27.9,0,0.00000,6,8.0,0,80.0,6.0,6.0,0.0,8.0,16.0,0.0,1.0,16.0,2,4.5,5.2,20.4,0.0,11,0.0,14,24.41699999999946,,35
2025,5,Jeddah,12,Kimi Antonelli,Mercedes,5,20,0.210526315789473684210526,1,3,2,10,87.798,88.59700000000001,105.0039,18.360786581129297,0.5040000000000049,295.0,328.0,310.0,333.0,5,1,5.0,5.0,0.4719999999999942,29.483802816901413,37.81971830985914,62.725352112676056,1006.7661971830992,1.026056338028169,2.2,28.3,31.7,0,0.00000,11,0.0,0,80.0,7.666666666666667,7.666666666666667,2.8867513459481287,5.333333333333333,16.0,0.0,-1.3333333333333333,16.0,3,5.5,4.9,21.6,0.0,6,8.0,5,20.46900000000005,,21
2025,6,Miami Gardens,12,Kimi Antonelli,Mercedes,3,20,0.105263157894736842105263,1,5,-2,14,86.271,97.93299999999999,107.70821428571425,22.252076228725514,0.06699999999999307,223.0,193.0,288.0,340.0,7,1,5.0,5.0,0.4826666666666644,26.573154362416098,38.69060402684562,63.02013422818792,1012.2959731543626,1.0469798657718126,2.4,25.9,28.0,1,0.03356,6,8.0,0,80.0,7.666666666666667,7.25,2.5,6.0,24.0,0.0,-1.25,24.0,4,5.833333333333333,5.1,20.8,0.0,6,8.0,4,24.43000000000029,,26
2025,7,Imola,12,Kimi Antonelli,Mercedes,13,20,0.631578947368421052631579,0,3,10,8,75.772,76.122,91.372375,18.53216835618927,1.1020000000000039,231.0,263.0,282.0,298.0,4,1,4.0,4.5,0.3787499999999966,23.964666666666666,42.66399999999999,38.306666666666665,1009.7999999999994,3.2479999999999993,5.0,23.4,24.3,0,0.00000,6,8.0,0,80.0,7.666666666666667,7.0,2.23606797749979,6.4,32.0,0.0,-1.6,32.0,5,5.5,5.3,20.0,0.0,19,0.0,5,29.9399999999996,,17
2025,8,Monaco,12,Kimi Antonelli,Mercedes,15,20,0.736842105263157894736842,0,14,1,10,71.88,88.855,91.87989999999999,15.402512669835547,1.9259999999999877,223.0,203.0,271.0,281.0,2,1,7.0,6.2,0.5233999999999981,22.20937500000001,43.31749999999996,52.51875,1016.7837499999993,0.9793749999999999,2.2,21.3,22.9,0,0.00000,19,0.0,1,80.0,10.333333333333334,9.6,5.683308895353129,4.8,24.0,0.2,-3.2,32.0,6,7.666666666666667,7.0,16.6,0.1,18,0.0,2,24.373999999999796,,8
2025,9,Barcelona,12,Kimi Antonelli,Mercedes,6,20,0.263157894736842105263158,1,4,2,11,72.111,73.344,87.31427272727272,17.43095692778173,0.5650000000000119,292.0,311.0,293.0,327.0,6,1,10.333333333333334,8.0,0.794199999999995,29.11999999999999,48.54322580645158,54.6258064516129,1002.7716129032251,1.6329032258064524,3.5,28.1,30.0,0,0.00000,18,0.0,1,80.0,14.333333333333334,12.0,6.284902544988268,3.2,16.0,0.4,-3.8,32.0,7,10.666666666666666,8.8,13.0,0.3,18,0.0,6,22.358000000000175,,35
2025,10,Montréal,12,Kimi Antonelli,Mercedes,4,20,0.157894736842105263157895,1,1,3,15,71.391,89.406,88.09866666666667,16.526448381162787,0.49200000000000443,263.0,284.0,298.0,332.0,7,2,11.333333333333334,8.4,0.8328000000000003,24.036526946107763,49.25329341317365,27.976047904191617,1018.9281437125736,1.0377245508982031,2.9,22.8,25.6,1,0.00599,18,0.0,1,80.0,18.333333333333332,13.4,6.767569726275452,3.2,16.0,0.6,-5.0,32.0,8,12.833333333333334,9.7,11.8,0.4,3,15.0,11,18.25,,31
2025,11,Spielberg,12,Kimi Antonelli,Mercedes,9,20,0.421052631578947368421053,1,5,4,10,65.05199999999999,65.688,79.28969999999998,14.990134741444678,1.0809999999999889,320.0,250.0,287.0,321.0,5,2,8.333333333333334,8.2,0.8304000000000002,30.347826086956506,49.16645962732919,31.981366459627328,943.3447204968951,1.6180124223602488,3.7,29.1,31.3,0,0.00000,3,15.0,0,80.0,13.0,12.8,7.661592523751182,4.6,23.0,0.6,-4.6,47.0,9,9.166666666666666,9.0,16.2,0.4,19,0.0,0,,,22
2025,12,Silverstone,12,Kimi Antonelli,Mercedes,7,20,0.315789473684210526315789,1,4,3,11,85.374,86.513,99.53309090909092,16.164105508530596,0.4819999999999993,319.0,272.0,255.0,323.0,6,1,6.333333333333333,9.4,1.0331999999999995,17.917419354838703,23.578709677419354,78.3741935483871,988.7767741935467,1.4832258064516135,5.8,16.0,19.6,1,0.18065,19,0.0,1,80.0,13.333333333333334,15.4,6.949820141557621,3.0,15.0,0.8,-6.0,47.0,10,8.333333333333334,10.5,13.6,0.5,16,0.0,4,28.721999999999753,,26
2025,13,Spa-Francorchamps,12,Kimi Antonelli,Mercedes,18,20,0.894736842105263157894737,0,6,12,4,102.13900000000001,102.732,124.96775000000001,26.19382997800563,1.5770000000000124,340.0,219.0,227.0,316.0,2,1,6.666666666666667,8.2,0.9091999999999985,17.03004484304933,24.090134529147992,84.4439461883408,965.0475336322884,1.446188340807175,3.2,14.5,19.0,1,0.45740,16,0.0,1,80.0,12.666666666666666,14.8,6.685805860178712,3.0,15.0,0.8,-6.0,47.0,11,9.0,10.5,12.6,0.5,16,0.0,7,23.105999999999767,1,8
2025,14,Budapest,12,Kimi Antonelli,Mercedes,15,20,0.736842105263157894736842,0,4,11,6,75.693,76.386,94.09316666666666,21.89443518720377,0.8029999999999973,282.0,257.0,262.0,313.0,3,1,11.333333333333334,8.8,0.8394000000000034,22.08216560509553,32.7299363057325,57.24203821656051,987.1401273885358,2.1509554140127394,3.7,21.6,22.5,0,0.00000,16,0.0,0,80.0,17.0,14.4,6.5038450166036395,3.0,15.0,0.6,-4.8,47.0,12,11.833333333333334,9.7,14.6,0.3,10,1.0,11,22.188000000000102,,2
2025,15,Zandvoort,12,Kimi Antonelli,Mercedes,11,20,0.526315789473684210526316,0,5,6,8,69.493,70.004,86.872875,18.675779841720896,0.8309999999999889,290.0,282.0,322.0,327.0,4,1,13.333333333333334,10.6,0.8870000000000005,20.077358490566034,27.963522012578633,71.17610062893081,1006.205660377358,2.170440251572328,3.9,19.4,20.7,0,0.00000,10,1.0,1,80.0,14.0,12.8,6.3796551630946325,3.2,16.0,0.6,-1.4,48.0,13,10.0,8.8,15.4,0.3,16,0.0,7,17.589999999999236,,17
2025,16,Monza,12,Kimi Antonelli,Mercedes,7,20,0.315789473684210526315789,1,6,1,15,79.2,97.42,97.01413333333335,18.05676998827653,0.40800000000000125,324.0,340.0,316.0,347.0,6,2,14.666666666666666,12.0,0.9547999999999973,26.761111111111102,43.28819444444442,42.604166666666664,996.7527777777791,1.960416666666666,4.0,25.9,27.4,0,0.00000,16,0.0,0,80.0,14.0,15.4,3.286335345030997,0.2,1.0,0.6,-2.6,48.0,14,9.0,10.4,9.8,0.3,9,2.0,8,24.99200000000019,,18
2025,17,Baku,12,Kimi Antonelli,Mercedes,4,20,0.157894736842105263157895,1,5,-1,8,101.464,102.247,117.0465,21.286426332289782,0.3470000000000084,229.0,233.0,338.0,324.0,5,1,11.0,11.6,0.8201999999999998,20.551923076923092,26.107051282051287,59.833333333333336,1021.1160256410266,1.5070512820512825,2.9,20.3,21.1,0,0.00000,9,2.0,0,80.0,11.666666666666666,13.4,3.5777087639996634,0.6,3.0,0.4,-1.2,50.0,15,7.833333333333333,9.4,10.2,0.2,4,12.0,7,20.658000000000357,,26
2025,18,Marina Bay,12,Kimi Antonelli,Mercedes,4,20,0.157894736842105263157895,1,1,3,9,89.537,90.036,102.80444444444444,16.006626534900406,0.3790000000000049,315.0,280.0,262.0,305.0,5,1,7.333333333333333,11.0,0.7932000000000017,29.072049689440938,33.852173913043515,74.36024844720497,1010.7776397515512,1.1111801242236026,2.2,28.5,29.5,1,0.03727,4,12.0,0,80.0,9.666666666666666,11.0,5.0990195135927845,3.0,15.0,0.2,0.0,62.0,16,6.666666666666667,7.4,16.0,0.1,5,10.0,4,23.71899999999914,,23
2025,19,Austin,12,Kimi Antonelli,Mercedes,7,20,0.315789473684210526315789,1,4,3,12,93.044,93.945,109.14025000000002,17.61940317906267,0.534000000000006,241.0,191.0,213.0,329.0,6,1,5.0,8.2,0.5536000000000001,28.267532467532465,45.04480519480521,22.532467532467532,1001.1077922077926,2.082467532467532,4.9,26.4,29.3,0,0.00000,5,10.0,0,80.0,6.0,8.8,4.764451699828638,5.0,25.0,0.2,-0.8,72.0,17,4.333333333333333,5.9,21.0,0.1,13,0.0,11,23.91399999999976,1,32
2025,20,Mexico City,12,Kimi Antonelli,Mercedes,6,20,0.263157894736842105263158,1,4,2,11,76.118,78.19200000000001,86.9759090909091,11.759122675221525,0.5319999999999965,318.0,297.0,253.0,351.0,6,1,5.0,6.6,0.4998000000000019,26.405555555555555,50.58827160493828,23.234567901234566,780.8888888888889,1.8475308641975292,3.9,25.4,27.1,0,0.00000,13,0.0,0,80.0,7.333333333333333,9.4,5.128352561983234,4.8,24.0,0.0,-3.0,72.0,18,5.166666666666667,6.5,19.4,0.0,6,8.0,10,22.45299999999952,,23
2025,21,São Paulo,12,Kimi Antonelli,Mercedes,2,19,0.055555555555555555555556,1,6,-4,10,69.685,78.532,83.2961,12.939027315752051,0.1740000000000066,328.0,268.0,333.0,336.0,6,1,5.666666666666667,5.6,0.4400000000000034,17.34802631578948,30.69276315789474,70.57236842105263,929.708552631579,1.5098684210526314,2.9,16.6,18.0,0,0.00000,6,8.0,0,80.0,8.0,7.4,3.646916505762094,6.4,32.0,0.0,-2.0,80.0,19,6.333333333333333,5.8,19.8,0.0,2,18.0,12,23.410000000000764,,39
2025,22,Las Vegas,12,Kimi Antonelli,Mercedes,17,20,0.842105263157894736842105,0,4,13,6,116.314,119.523,124.34866666666669,8.278009511148602,8.379999999999995,145.0,186.0,260.0,249.0,1,1,5.0,4.6,0.3932000000000045,16.73404255319152,19.529787234042566,37.765957446808514,941.8964539007092,1.436879432624114,2.8,16.3,17.2,0,0.00000,2,18.0,0,80.0,7.0,6.0,4.183300132670378,9.6,48.0,0.0,-1.4,98.0,20,6.333333333333333,5.0,23.4,0.0,3,15.0,11,22.10900000000038,,-2
2025,23,Lusail,12,Kimi Antonelli,Mercedes,5,20,0.210526315789473684210526,1,4,1,14,79.846,81.385,97.77607142857143,20.168457705666903,0.4590000000000032,258.0,292.0,286.0,328.0,6,1,8.333333333333334,7.2,1.9998000000000018,22.59932885906039,28.160402684563756,69.04697986577182,1016.0953020134215,1.2510067114093952,2.7,21.6,23.7,0,0.00000,3,15.0,0,80.0,3.6666666666666665,5.8,4.324349662087931,10.2,51.0,0.0,1.4,113.0,21,4.0,4.9,24.0,0.0,5,10.0,4,28.502000000000407,,20
2025,24,Yas Island,12,Kimi Antonelli,Mercedes,14,20,0.684210526315789473684211,0,4,10,8,82.894,83.481,99.31425,17.861209491521006,0.6870000000000118,296.0,325.0,221.0,331.0,4,1,8.0,7.4,2.0158000000000014,26.67402597402595,31.0616883116883,60.44155844155844,1016.7279220779227,1.5733766233766233,3.2,25.9,27.5,0,0.00000,5,10.0,0,80.0,3.3333333333333335,5.8,4.324349662087931,10.2,51.0,0.0,1.6,123.0,22,3.6666666666666665,5.4,20.6,0.0,15,0.0,11,22.838999999999942,,13
2026,1,Melbourne,12,Kimi Antonelli,Mercedes,2,19,0.055555555555555555555556,1,1,1,11,78.811,96.911,95.51218181818182,16.821634176370505,0.29300000000000637,279.0,285.0,299.0,294.0,5,1,12.0,8.8,2.046400000000003,24.23445945945945,36.13445945945945,53.97297297297296,1012.5608108108116,2.5614864864864857,4.6,23.1,25.3,0,0.00000,15,0.0,0,88.0,7.666666666666667,6.2,5.167204273105526,10.2,51.0,0.0,2.6,,23,6.0,5.5,21.0,0.0,2,18.0,6,21.269999999999527,,33
2026,2,Shanghai,12,Kimi Antonelli,Mercedes,1,22,0E-24,1,2,-1,10,92.064,93.305,107.84289999999999,18.441903417368703,0.0,286.0,279.0,260.0,314.0,5,1,7.0,8.0,1.9986000000000046,15.572368421052628,22.616447368421053,54.99802631578948,1024.481578947368,2.1934210526315794,4.5,14.9,16.4,0,0.00000,2,18.0,0,88.0,7.333333333333333,5.4,5.504543577809154,12.2,61.0,0.0,2.6,18.0,24,5.666666666666667,4.5,26.8,0.0,1,25.0,1,23.0570000000007,1,41
2026,3,Suzuka,12,Kimi Antonelli,Mercedes,1,22,0E-24,1,2,-1,10,88.77799999999999,90.035,100.49159999999999,12.251271763462855,0.0,280.0,328.0,267.0,282.0,5,1,5.666666666666667,7.8,1.9638000000000033,18.556410256410274,34.1429487179487,52.49551282051283,1011.7987179487181,1.9506410256410254,3.7,17.3,19.5,0,0.00000,1,25.0,0,88.0,6.0,5.2,5.674504383644443,13.6,68.0,0.0,2.6,43.0,25,4.333333333333333,4.2,29.4,0.0,1,25.0,6,23.271999999999935,1,46
2026,4,Miami Gardens,12,Kimi Antonelli,Mercedes,1,22,0E-24,1,5,-4,10,87.798,89.158,105.91389999999998,22.46150024399775,0.0,223.0,194.0,270.0,327.0,5,1,1.3333333333333333,4.6,0.2878000000000043,27.125595238095247,37.01190476190477,70.44821428571433,1015.6476190476195,1.1517857142857149,4.8,25.7,28.1,1,0.01786,1,25.0,0,88.0,1.3333333333333333,4.8,5.932958789676531,15.6,78.0,0.0,-0.2,68.0,26,1.8333333333333333,4.2,30.2,0.0,1,25.0,4,22.050000000000182,,39
2026,5,Montréal,12,Kimi Antonelli,Mercedes,2,22,0.047619047619047619047619,1,1,1,20,72.646,88.194,88.1207,12.876857070361789,0.06799999999999784,250.0,290.0,284.0,323.0,5,1,1.0,3.8,0.19600000000000364,12.848750000000004,17.82749999999999,71.69499999999992,1024.2043749999991,3.0156249999999987,6.2,12.1,13.7,0,0.00000,1,25.0,0,88.0,1.0,4.0,6.164414002968976,18.6,93.0,0.0,-0.2,93.0,27,2.1666666666666665,3.6,34.0,0.0,1,25.0,3,25.061000000000604,1,40
2026,6,Monte Carlo,12,Kimi Antonelli,Mercedes,1,22,0E-24,1,6,-5,24,72.051,82.602,85.46541666666667,11.590359333127447,0.0,215.0,204.0,265.0,283.0,5,1,1.3333333333333333,1.4,0.07220000000000085,23.677403846153872,37.976923076923086,62.198557692307695,1021.4403846153845,0.8418269230769228,3.5,22.6,24.5,0,0.00000,1,25.0,0,88.0,1.0,1.2,0.4472135954999579,23.6,118.0,0.0,0.2,118.0,28,5.0,3.6,37.0,0.1,1,25.0,0,20.76599999999962,1,40
2026,7,Barcelona,12,Kimi Antonelli,Mercedes,3,22,0.095238095238095238095238,1,1,2,9,74.998,93.843,98.75011111111111,28.774715204691617,0.3190000000000026,273.0,289.0,296.0,333.0,4,1,1.3333333333333333,1.2,0.013599999999999567,30.529333333333362,50.28666666666666,28.866000000000017,1000.5366666666639,2.5713333333333326,5.2,29.8,31.1,0,0.00000,1,25.0,0,88.0,1.0,1.0,0.0,25.0,125.0,0.0,0.2,143.0,29,6.333333333333333,4.6,33.4,0.1,16,0.0,7,21.90599999999995,,41
2020,1,Spielberg,7,Kimi Räikkönen,Alfa Romeo Racing,19,20,0.947368421052631578947368,0,18,1,6,65.224,65.569,76.64049999999999,12.496981631578079,2.2850000000000037,323.0,244.0,288.0,320.0,3,1,14.666666666666666,14.2,2.360400000000007,28.68416666666667,52.02499999999999,33.8325,938.7708333333335,1.8874999999999997,3.6,26.9,30.0,0,0.00000,,,,,,,,,,,,,0,,,,,14,0.0,5,21.475999999999658,,-5
2020,2,Spielberg,7,Kimi Räikkönen,Alfa Romeo Racing,16,20,0.789473684210526315789474,0,19,-3,10,81.372,82.77,88.7618,15.639012719620268,3.546999999999997,286.0,212.0,263.0,291.0,2,1,15.333333333333334,15.4,2.3586000000000054,20.822499999999994,39.92,34.005,945.9099999999996,2.228333333333333,4.5,19.4,22.1,1,0.01667,14,0.0,1,,14.0,14.0,,0.0,0.0,1.0,5.0,0.0,1,11.5,11.5,2.0,0.5,11,0.0,14,21.466999999999643,,4
2020,3,Budapest,7,Kimi Räikkönen,Alfa Romeo Racing,20,20,1.000000000000000000000000,0,19,1,11,76.614,92.39699999999999,91.48700000000001,13.134965329227176,3.1670000000000016,284.0,249.0,260.0,306.0,3,1,17.666666666666668,15.8,2.6262000000000043,20.74179104477611,27.12985074626864,77.19253731343284,986.3149253731342,1.5597014925373138,2.8,19.9,21.8,1,0.01493,11,0.0,0,,12.5,12.5,2.1213203435596424,0.0,0.0,0.5,5.0,0.0,2,12.0,12.0,1.0,0.25,15,0.0,7,22.26800000000003,,-3
2020,4,Silverstone,7,Kimi Räikkönen,Alfa Romeo Racing,18,20,0.894736842105263157894737,0,17,1,6,87.366,87.941,98.84666666666665,13.236845737057848,3.0630000000000024,308.0,264.0,252.0,312.0,3,1,18.333333333333332,16.4,2.791600000000004,21.291406249999998,40.63281250000001,44.16796875,998.40859375,3.114062500000001,4.7,20.8,22.1,0,0.00000,15,0.0,0,,13.333333333333334,13.333333333333334,2.0816659994661326,0.0,0.0,0.3333333333333333,5.0,0.0,3,13.333333333333334,13.333333333333334,0.6666666666666666,0.16666666666666666,17,0.0,6,36.62300000000005,,4
2020,5,Silverstone,7,Kimi Räikkönen,Alfa Romeo Racing,20,20,1.000000000000000000000000,0,19,1,4,88.493,88.818,102.7595,16.34089133635821,3.3389999999999986,314.0,264.0,248.0,330.0,2,1,18.0,18.2,3.1332000000000035,25.28706896551725,43.22758620689654,58.55603448275865,1000.9508620689652,2.236206896551725,4.3,23.5,26.8,0,0.00000,17,0.0,0,,14.333333333333334,14.25,2.5,0.0,0.0,0.25,3.5,0.0,4,14.666666666666666,13.875,0.5,0.125,15,0.0,9,29.29699999999957,,-1
2020,6,Barcelona,7,Kimi Räikkönen,Alfa Romeo Racing,14,20,0.684210526315789473684211,0,20,-6,8,77.386,78.388,91.4085,14.562559194238979,1.8019999999999925,291.0,295.0,286.0,322.0,4,2,19.333333333333332,18.6,3.0802000000000005,29.796899224806182,47.55581395348835,56.38449612403102,997.7038759689932,1.5449612403100779,2.9,28.6,30.7,0,0.00000,15,0.0,0,,15.666666666666666,14.4,2.1908902300206643,0.0,0.0,0.2,3.8,0.0,5,15.833333333333334,14.3,0.4,0.1,14,0.0,12,22.204999999999927,,12
2020,7,Spa-Francorchamps,7,Kimi Räikkönen,Alfa Romeo Racing,16,20,0.789473684210526315789474,0,18,-2,4,103.743,104.31700000000001,117.75125,16.104133059042116,2.4909999999999854,331.0,213.0,226.0,306.0,2,1,17.333333333333332,17.6,2.9835999999999983,18.568595041322304,29.82396694214875,54.85289256198344,962.4297520661155,1.4652892561983484,3.3,17.4,20.1,0,0.00000,14,0.0,0,,15.333333333333334,14.4,2.1908902300206643,0.0,0.0,0.0,2.8,0.0,6,15.5,15.0,0.0,0.0,12,0.0,6,22.868999999999687,,-2
2020,8,Monza,7,Kimi Räikkönen,Alfa Romeo Racing,14,20,0.684210526315789473684211,0,18,-4,9,80.926,94.42099999999999,92.28433333333334,11.095975486634783,2.0390000000000015,328.0,338.0,308.0,354.0,5,1,16.666666666666668,17.6,2.772399999999996,28.090909090909104,41.20139860139859,40.12447552447552,990.7804195804187,1.5209790209790213,3.1,27.3,28.9,0,0.00000,12,0.0,0,,13.666666666666666,14.6,1.816590212458495,0.0,0.0,0.0,2.6,0.0,7,15.333333333333334,15.5,0.0,0.1,13,0.0,4,24.458999999999833,,2
2020,9,Mugello,7,Kimi Räikkönen,Alfa Romeo Racing,13,20,0.631578947368421052631579,0,17,-4,8,76.854,78.202,97.388875,22.19333914512898,1.7099999999999937,277.0,257.0,309.0,315.0,4,1,14.666666666666666,16.4,2.546799999999996,30.169886363636337,43.10227272727272,39.94431818181818,993.6153409090938,2.36477272727273,4.4,29.6,30.7,0,0.00000,13,0.0,0,,13.0,14.2,1.9235384061671348,0.0,0.0,0.0,1.8,0.0,8,14.833333333333334,15.2,0.0,0.1,9,2.0,9,17.695999999999913,,3
2020,10,Sochi,7,Kimi Räikkönen,Alfa Romeo Racing,20,20,1.000000000000000000000000,0,17,3,2,95.267,95.267,118.14099999999999,32.34872102572217,3.962999999999994,269.0,311.0,161.0,321.0,2,1,14.333333333333334,15.4,2.2761999999999944,28.80606060606062,40.342424242424265,51.36287878787878,1012.878787878789,1.428787878787879,3.2,27.6,30.5,0,0.00000,9,2.0,0,,11.333333333333334,12.6,2.3021728866442674,0.4,2.0,0.0,2.8,2.0,9,14.166666666666666,14.7,0.4,0.2,14,0.0,8,33.177999999999884,,-4
2020,11,Nürburgring,7,Kimi Räikkönen,Alfa Romeo Racing,19,20,0.947368421052631578947368,0,14,5,6,87.81700000000001,89.39699999999999,102.27616666666665,15.751476253566413,2.548000000000002,269.0,238.0,259.0,310.0,2,1,15.666666666666666,15.4,2.4009999999999936,9.499999999999998,16.36020408163265,59.40408163265304,947.35918367347,1.6173469387755104,3.1,8.9,9.9,1,0.02041,14,0.0,0,,12.0,12.4,2.073644135332772,0.4,2.0,0.0,2.8,2.0,10,13.333333333333334,14.0,0.4,0.2,12,0.0,15,22.798000000000002,,1
2020,12,Portimão,7,Kimi Räikkönen,Alfa Romeo Racing,16,20,0.789473684210526315789474,0,17,-1,10,78.201,78.914,85.8502,7.921472713804897,1.7349999999999852,278.0,196.0,308.0,324.0,2,1,17.333333333333332,16.4,2.5501999999999954,20.505468749999977,25.71562499999998,67.52812500000002,1007.3406250000008,4.0406249999999995,7.0,20.0,21.0,0,0.00000,12,0.0,0,,11.666666666666666,12.0,1.8708286933869704,0.4,2.0,0.0,4.2,2.0,11,12.166666666666666,13.2,0.6,0.2,11,0.0,9,29.096999999999753,,-1
2020,13,Imola,7,Kimi Räikkönen,Alfa Romeo Racing,18,20,0.894736842105263157894737,0,20,-2,8,75.758,76.509,89.749875,15.530904503486864,2.149000000000001,231.0,261.0,280.0,291.0,2,1,18.333333333333332,16.4,2.398999999999995,18.030400000000004,23.26079999999999,71.13680000000001,1017.8919999999997,1.3415999999999992,3.1,16.9,18.5,0,0.00000,11,0.0,0,,12.333333333333334,11.8,1.9235384061671346,0.4,2.0,0.0,4.4,2.0,12,12.166666666666666,12.8,0.6,0.1,9,2.0,11,29.827000000000226,,-5
2020,14,Istanbul,7,Kimi Räikkönen,Alfa Romeo Racing,8,20,0.368421052631578947368421,1,10,-2,19,112.745,118.72200000000001,120.54015789473684,6.374318109615578,4.980000000000004,258.0,271.0,216.0,248.0,4,1,17.666666666666668,17.2,2.420999999999995,13.095683453237404,15.20575539568346,80.16115107913672,1008.4964028776968,1.066187050359712,2.7,12.1,13.8,1,0.04317,9,2.0,0,,10.666666666666666,11.0,2.1213203435596424,0.8,4.0,0.0,6.0,4.0,13,11.166666666666666,11.8,1.2,0.1,15,0.0,5,23.184000000000196,,22
2020,15,Sakhir,7,Kimi Räikkönen,Alfa Romeo Racing,17,20,0.842105263157894736842105,0,16,1,4,89.81,90.41499999999999,100.20775,11.94061325546836,2.5460000000000065,244.0,270.0,292.0,323.0,2,1,14.0,16.2,3.074999999999997,25.09907407407409,27.54814814814815,67.8472222222222,1015.8972222222209,0.8430555555555546,1.8,24.4,26.6,0,0.00000,15,0.0,0,,11.666666666666666,12.2,2.387467277262665,0.4,2.0,0.0,3.8,4.0,14,13.333333333333334,12.7,0.8,0.1,15,0.0,9,25.256999999999607,,5
2020,16,Sakhir,7,Kimi Räikkönen,Alfa Romeo Racing,19,20,0.947368421052631578947368,0,14,5,9,54.963,66.602,71.97188888888888,15.796325216996236,1.5859999999999985,290.0,267.0,299.0,334.0,2,1,14.333333333333334,15.6,2.7916,20.947244094488184,23.46929133858268,58.16929133858269,1015.9417322834645,1.9480314960629923,3.4,20.4,22.0,0,0.00000,15,0.0,0,,13.0,12.4,2.6076809620810595,0.4,2.0,0.0,3.2,4.0,15,14.166666666666666,13.3,0.8,0.1,14,0.0,8,24.41399999999976,,-2
2020,17,Yas Island,7,Kimi Räikkönen,Alfa Romeo Racing,16,20,0.789473684210526315789474,0,14,2,4,97.555,97.76599999999999,111.24525000000001,15.704804453308764,2.3089999999999975,287.0,322.0,223.0,327.0,2,1,14.666666666666666,15.6,2.599199999999999,23.121481481481517,27.980000000000008,55.44666666666665,1015.8474074074076,2.5044444444444425,4.0,22.1,23.7,0,0.00000,14,0.0,0,,14.666666666666666,12.8,2.6832815729997477,0.4,2.0,0.0,2.6,4.0,16,15.5,13.8,0.6,0.1,12,0.0,5,21.94699999999966,,-3
2021,1,Sakhir,7,Kimi Räikkönen,Alfa Romeo Racing,14,20,0.684210526315789473684211,0,12,2,8,91.238,92.39500000000001,105.20987499999998,14.923131923651763,2.2409999999999997,244.0,267.0,288.0,315.0,4,1,17.333333333333332,15.6,2.7140000000000013,20.538345864661654,27.627819548872182,54.51729323308271,1014.9105263157908,0.8872180451127818,1.4,20.4,20.9,0,0.00000,12,0.0,0,,13.666666666666666,13.0,2.5495097567963922,0.4,2.0,0.0,2.2,,17,14.333333333333334,14.0,0.6,0.1,11,0.0,12,24.123999999999796,,6
2021,2,Imola,7,Kimi Räikkönen,Alfa Romeo Racing,16,20,0.789473684210526315789474,0,17,-1,6,75.974,76.189,86.08649999999999,12.709615411175905,1.5630000000000024,230.0,259.0,283.0,290.0,3,1,16.333333333333332,14.8,2.732400000000001,10.621118012422354,16.827329192546586,69.48881987577641,1011.2527950310558,0.4788819875776397,1.1,9.2,12.3,1,0.40994,11,0.0,0,,12.333333333333334,13.4,1.8165902124584947,0.0,0.0,0.0,1.0,0.0,18,13.0,14.4,0.0,0.1,13,0.0,6,30.323999999999614,,0
2021,3,Portimão,7,Kimi Räikkönen,Alfa Romeo Racing,15,20,0.736842105263157894736842,0,12,3,15,79.748,86.919,91.10666666666667,12.296219312494083,1.7800000000000011,289.0,197.0,295.0,318.0,4,2,15.333333333333334,16.4,2.049000000000001,19.39253731343283,38.9507462686567,39.40373134328356,1004.8134328358209,0.8373134328358207,1.4,18.1,20.0,0,0.00000,13,0.0,0,,12.0,13.0,1.5811388300841893,0.0,0.0,0.0,3.0,0.0,19,13.0,13.6,0.0,0.0,20,0.0,0,,,10
2021,4,Barcelona,7,Kimi Räikkönen,Alfa Romeo Racing,17,20,0.842105263157894736842105,0,14,3,4,78.917,79.07300000000001,92.35775000000001,15.444855915482021,2.176000000000002,289.0,298.0,283.0,324.0,2,1,15.0,16.0,1.8958,22.203076923076917,32.92230769230769,57.55307692307693,993.5746153846156,0.4576923076923076,0.9,21.3,23.5,0,0.00000,20,0.0,1,,14.666666666666666,14.0,3.5355339059327378,0.0,0.0,0.2,1.6,0.0,20,13.666666666666666,13.7,0.0,0.1,12,0.0,12,21.556000000000495,,2
2021,5,Monte Carlo,7,Kimi Räikkönen,Alfa Romeo Racing,14,19,0.722222222222222222222222,0,10,4,17,71.642,87.60900000000001,84.04729411764707,11.740132488417165,1.2959999999999923,223.0,204.0,274.0,283.0,4,1,16.0,15.6,2.0138000000000007,20.760740740740758,37.59555555555557,61.42444444444447,1015.5711111111107,0.31629629629629613,0.6,20.3,21.5,0,0.00000,12,0.0,0,,15.0,13.6,3.646916505762094,0.0,0.0,0.2,1.8,0.0,21,14.333333333333334,13.7,0.0,0.1,11,0.0,4,23.840000000000146,,-2
2021,6,Baku,7,Kimi Räikkönen,Alfa Romeo Racing,14,20,0.684210526315789473684211,0,20,-6,8,102.587,103.076,120.4035,18.875743126336204,1.3689999999999998,234.0,239.0,332.0,313.0,2,1,15.333333333333334,15.2,1.8111999999999995,24.170930232558128,38.31453488372088,55.805232558139544,1014.7308139534875,0.2837209302325581,0.8,22.9,25.5,0,0.00000,11,0.0,0,,14.333333333333334,13.4,3.7815340802378077,0.0,0.0,0.2,1.8,0.0,22,13.333333333333334,13.0,0.2,0.1,10,1.0,9,15.08599999999933,,2
2021,7,Le Castellet,7,Kimi Räikkönen,Alfa Romeo Racing,17,20,0.842105263157894736842105,0,13,4,1,93.354,93.354,93.354,,3.3640000000000043,117.0,278.0,296.0,321.0,1,1,15.0,15.2,1.6367999999999996,25.314399999999992,35.22879999999999,58.63039999999999,960.6376,1.1655999999999997,1.8,23.8,27.4,0,0.00000,10,1.0,0,,11.0,13.2,3.96232255123179,0.2,1.0,0.2,2.0,1.0,23,11.5,12.8,0.4,0.1,17,0.0,7,31.207000000000335,,7
2021,8,Spielberg,7,Kimi Räikkönen,Alfa Romeo Racing,18,20,0.894736842105263157894737,0,15,3,6,65.429,96.869,96.16916666666667,25.845812337140163,1.588000000000001,317.0,245.0,285.0,314.0,2,1,15.0,15.4,1.9969999999999999,26.692372881355922,52.352542372881345,33.24661016949152,938.4771186440671,0.3677966101694914,1.2,26.0,27.3,0,0.00000,17,0.0,0,,12.666666666666666,14.0,4.301162633521313,0.2,1.0,0.2,1.4,1.0,24,12.333333333333334,13.3,0.4,0.1,11,0.0,10,21.26800000000003,,-4
2021,9,Spielberg,7,Kimi Räikkönen,Alfa Romeo Racing,16,20,0.789473684210526315789474,0,15,1,7,65.009,82.328,83.73,20.864391364235857,1.2890000000000015,323.0,249.0,288.0,320.0,2,1,16.333333333333332,16.0,1.9586,20.966025641025656,33.18397435897434,49.730769230769255,934.7211538461531,0.348076923076923,0.9,19.0,22.6,1,0.03846,11,0.0,0,,12.666666666666666,12.2,2.7748873851023217,0.2,1.0,0.0,3.8,1.0,25,13.166666666666666,12.7,0.4,0.0,15,0.0,11,21.856000000000677,,9
2021,10,Silverstone,7,Kimi Räikkönen,Alfa Romeo Racing,17,20,0.842105263157894736842105,0,14,3,6,88.062,88.874,96.66833333333334,9.52479468895087,2.0390000000000015,315.0,267.0,248.0,325.0,3,1,17.0,15.8,1.7811999999999997,29.4,50.931521739130446,37.20217391304347,1007.2461956521738,0.317934782608696,0.8,28.4,30.1,0,0.00000,15,0.0,0,,14.333333333333334,12.8,3.0331501776206204,0.2,1.0,0.0,3.0,1.0,26,14.5,12.9,0.4,0.0,15,0.0,4,28.140000000000327,,0
2021,11,Budapest,7,Kimi Räikkönen,Alfa Romeo Racing,13,20,0.631578947368421052631579,0,14,-1,10,77.553,78.367,90.2122,13.500611556518468,2.1340000000000003,286.0,250.0,258.0,309.0,5,1,17.0,16.4,1.9298000000000015,27.22670157068063,37.82251308900524,68.61570680628276,977.6308900523562,0.5675392670157061,1.2,25.7,29.1,1,0.30366,15,0.0,0,,13.666666666666666,13.6,2.9664793948382653,0.2,1.0,0.0,2.0,1.0,27,13.833333333333334,13.6,0.2,0.0,10,1.0,7,21.170000000000073,,2
2021,12,Spa-Francorchamps,7,Kimi Räikkönen,Alfa Romeo Racing,19,20,0.947368421052631578947368,0,16,3,7,124.452,133.535,133.31085714285715,7.739855477302134,8.426999999999992,301.0,173.0,217.0,274.0,2,2,15.333333333333334,16.2,2.0828000000000015,13.012413793103491,15.258620689655164,96.4358620689655,970.2217241379296,0.5113793103448276,1.0,12.4,13.4,1,0.84138,10,1.0,0,,13.333333333333334,13.6,2.9664793948382653,0.2,1.0,0.0,1.8,2.0,28,13.333333333333334,13.8,0.2,0.0,18,0.0,0,15431.663,,-2
2021,15,Sochi,7,Kimi Räikkönen,Alfa Romeo Racing,16,20,0.789473684210526315789474,0,18,-2,8,109.586,112.735,117.62837499999999,8.435091073053943,7.5930000000000035,249.0,296.0,140.0,292.0,2,1,16.333333333333332,16.6,3.0953999999999993,19.13860759493674,21.75696202531647,61.94746835443034,1023.1310126582275,0.29050632911392416,0.9,17.4,19.5,1,0.10127,18,0.0,0,,14.333333333333334,13.8,3.271085446759225,0.2,1.0,0.0,2.25,2.0,29,14.5,13.8,0.2,0.0,8,4.0,11,30.34600000000046,,-1
2021,16,Istanbul,7,Kimi Räikkönen,Alfa Romeo Racing,19,20,0.947368421052631578947368,0,18,1,9,87.525,101.551,100.02377777777778,10.417303547197061,4.657000000000011,282.0,295.0,252.0,329.0,2,1,16.0,16.2,4.2964,15.825477707006387,18.180891719745237,93.52484076433116,1006.4101910828001,0.4866242038216559,0.8,15.5,16.1,0,0.00000,8,4.0,0,,12.0,13.2,4.08656334834051,1.0,5.0,0.0,1.75,6.0,30,13.333333333333334,13.4,1.0,0.0,12,0.0,2,23.173999999999978,,-12
2021,17,Austin,7,Kimi Räikkönen,Alfa Romeo Racing,18,20,0.894736842105263157894737,0,13,5,5,96.311,110.154,111.42720000000001,18.398904089646212,3.4010000000000105,227.0,190.0,214.0,324.0,2,1,18.0,16.8,4.9700000000000015,28.148447204968935,37.470807453416164,61.19254658385094,992.1298136645961,0.8540372670807448,1.5,26.4,29.5,0,0.00000,12,0.0,0,,12.666666666666666,12.6,3.9749213828703582,1.0,5.0,0.0,2.75,6.0,31,12.333333333333334,13.4,0.8,0.0,13,0.0,10,24.061999999999898,,0
2021,18,Mexico City,7,Kimi Räikkönen,Alfa Romeo Racing,12,20,0.578947368421052631578947,0,14,-2,12,77.606,79.108,89.08,12.33636721980252,1.7309999999999945,321.0,299.0,255.0,348.0,5,2,17.666666666666668,17.0,5.2424000000000035,21.20670731707316,47.57926829268294,31.2109756097561,784.2134146341465,0.3664634146341462,0.8,19.2,23.2,0,0.00000,13,0.0,0,,11.0,12.2,3.7682887362833544,1.0,5.0,0.0,3.75,6.0,32,11.833333333333334,12.7,0.8,0.0,8,4.0,5,22.416000000000167,,1
2021,19,São Paulo,7,Kimi Räikkönen,Alfa Romeo Racing,14,20,0.684210526315789473684211,0,15,-1,10,69.503,70.22,78.9935,9.891137551139177,1.5690000000000026,327.0,268.0,325.0,330.0,5,1,16.333333333333332,16.8,5.161800000000002,23.137341772151892,51.56139240506331,60.10126582278483,926.9303797468358,0.39177215189873377,0.8,22.5,24.0,0,0.00000,8,4.0,0,,11.0,11.8,4.147288270665544,1.6,8.0,0.0,3.5,10.0,33,11.0,11.7,1.6,0.0,12,0.0,12,18.646999999999935,,8
2021,20,Lusail,7,Kimi Räikkönen,Alfa Romeo Racing,16,20,0.789473684210526315789474,0,18,-2,6,83.156,83.717,99.53483333333334,17.662794834529066,2.3290000000000077,248.0,282.0,319.0,328.0,3,1,14.666666666666666,15.8,3.7902000000000045,26.41513157894735,30.603289473684203,75.54013157894735,1012.3072368421057,0.4230263157894732,0.8,26.0,27.4,1,0.01974,12,0.0,0,,11.0,10.6,2.4083189157584592,1.6,8.0,0.0,3.5,10.0,34,11.5,11.6,1.6,0.0,14,0.0,13,25.64800000000014,,9
2021,21,Jeddah,7,Kimi Räikkönen,Alfa Romeo Racing,12,20,0.578947368421052631578947,0,10,2,13,88.856,89.919,102.95353846153847,17.611664759544002,1.3449999999999989,292.0,322.0,313.0,326.0,4,2,14.0,15.8,2.7374000000000054,28.816062176165733,31.684974093264252,76.20310880829015,1013.7974093264247,0.2715025906735748,0.6,28.5,29.2,0,0.00000,14,0.0,0,,11.333333333333334,11.8,2.280350850198276,0.8,4.0,0.0,2.75,10.0,35,12.333333333333334,12.1,0.8,0.0,15,0.0,4,34.38000000000102,,10
2021,22,Yas Island,7,Kimi Räikkönen,Alfa Romeo Racing,18,20,0.894736842105263157894737,0,14,4,5,84.779,104.606,100.30019999999999,14.14537400353911,2.6699999999999875,289.0,319.0,223.0,323.0,2,1,14.0,14.4,2.075000000000003,24.51910828025481,28.46560509554141,59.05477707006371,1017.7108280254776,0.41464968152866166,0.7,23.5,25.7,0,0.00000,15,0.0,0,,13.666666666666666,12.4,2.701851217221259,0.8,4.0,0.0,0.75,10.0,36,13.166666666666666,12.2,1.2,0.0,19,0.0,4,22.420000000000073,,6
2020,1,Spielberg,18,Lance Stroll,Racing Point,9,20,0.421052631578947368421053,1,6,3,12,63.955,64.788,79.91350000000001,20.769660453739643,1.0159999999999982,321.0,251.0,292.0,319.0,5,1,14.666666666666666,14.4,2.3674000000000035,28.68416666666667,52.02499999999999,33.8325,938.7708333333335,1.8874999999999997,3.6,26.9,30.0,0,0.00000,,,,78.0,,,,,,,,,0,,,,,18,0.0,1,,,21
2020,2,Spielberg,18,Lance Stroll,Racing Point,13,20,0.631578947368421052631579,0,17,-4,20,79.645,83.037,86.55155,10.036124647728164,1.8199999999999932,293.0,216.0,264.0,295.0,4,1,13.0,13.8,2.114400000000002,20.822499999999994,39.92,34.005,945.9099999999996,2.228333333333333,4.5,19.4,22.1,1,0.01667,18,0.0,1,78.0,18.0,18.0,,0.0,0.0,1.0,-9.0,0.0,1,12.0,12.0,8.0,0.5,7,6.0,10,21.85199999999986,,4
2020,3,Budapest,18,Lance Stroll,Racing Point,3,20,0.105263157894736842105263,1,4,-1,15,74.377,76.17699999999999,83.78573333333334,10.529506686766798,0.9299999999999926,288.0,262.0,266.0,313.0,6,2,11.666666666666666,13.2,1.8170000000000002,20.74179104477611,27.12985074626864,77.19253731343284,986.3149253731342,1.5597014925373138,2.8,19.9,21.8,1,0.01493,7,6.0,0,78.0,12.5,12.5,7.7781745930520225,3.0,6.0,0.5,-2.0,6.0,2,9.25,9.25,11.0,0.25,4,12.0,3,22.04700000000048,,25
2020,4,Silverstone,18,Lance Stroll,Racing Point,6,20,0.263157894736842105263158,1,13,-7,13,85.839,86.924,97.87169230769231,15.989978941953066,1.5360000000000014,316.0,271.0,256.0,317.0,6,2,8.333333333333334,11.0,1.6245999999999996,21.291406249999998,40.63281250000001,44.16796875,998.40859375,3.114062500000001,4.7,20.8,22.1,0,0.00000,4,12.0,0,78.0,9.666666666666666,9.666666666666666,7.371114795831994,6.0,18.0,0.3333333333333333,-1.6666666666666667,18.0,3,8.0,8.0,13.333333333333334,0.16666666666666666,9,2.0,3,28.740000000000236,,16
2020,5,Silverstone,18,Lance Stroll,Racing Point,6,20,0.263157894736842105263158,1,3,3,11,86.428,88.24,95.26590909090909,9.818062063916132,1.274000000000001,318.0,275.0,254.0,331.0,6,2,7.333333333333333,8.8,1.5251999999999994,25.28706896551725,43.22758620689654,58.55603448275865,1000.9508620689652,2.236206896551725,4.3,23.5,26.8,0,0.00000,9,2.0,0,78.0,6.666666666666667,9.5,6.027713773341707,5.0,20.0,0.25,-2.0,20.0,4,8.833333333333334,9.625,10.5,0.25,6,8.0,6,27.97699999999986,,19
2020,6,Barcelona,18,Lance Stroll,Racing Point,5,20,0.210526315789473684210526,1,4,1,9,76.589,77.316,84.84566666666666,9.72819132727148,1.0049999999999955,295.0,300.0,291.0,327.0,5,1,5.0,7.4,1.3151999999999973,29.796899224806182,47.55581395348835,56.38449612403102,997.7038759689932,1.5449612403100779,2.9,28.6,30.7,0,0.00000,6,8.0,0,78.0,6.333333333333333,8.8,5.449770637375485,5.6,28.0,0.2,-1.6,28.0,5,8.833333333333334,9.0,11.2,0.2,4,12.0,5,22.67199999999957,,21
2020,7,Spa-Francorchamps,18,Lance Stroll,Racing Point,9,20,0.421052631578947368421053,1,8,1,10,102.491,103.455,118.0999,15.937373633137375,1.23899999999999,336.0,213.0,230.0,312.0,5,2,5.666666666666667,6.6,1.3129999999999966,18.568595041322304,29.82396694214875,54.85289256198344,962.4297520661155,1.4652892561983484,3.3,17.4,20.1,0,0.00000,4,12.0,0,78.0,6.333333333333333,6.0,2.1213203435596424,8.0,40.0,0.0,0.4,40.0,6,8.5,7.5,14.0,0.1,9,2.0,2,23.70199999999977,,6
2020,8,Monza,18,Lance Stroll,Racing Point,8,20,0.368421052631578947368421,1,4,4,12,79.924,80.80199999999999,90.72016666666667,11.279495611170928,1.0370000000000061,327.0,337.0,316.0,344.0,6,1,6.666666666666667,5.8,1.196799999999996,28.090909090909104,41.20139860139859,40.12447552447552,990.7804195804187,1.5209790209790213,3.1,27.3,28.9,0,0.00000,9,2.0,0,78.0,6.333333333333333,6.4,2.5099800796022267,7.2,36.0,0.0,-0.6,42.0,7,6.833333333333333,8.1,11.8,0.1,3,15.0,5,1517.3060000000005,,13
2020,9,Mugello,18,Lance Stroll,Racing Point,7,20,0.315789473684210526315789,1,6,1,9,76.271,119.886,107.469,30.196972207491267,1.1269999999999953,279.0,258.0,315.0,317.0,5,1,7.333333333333333,6.8,1.2181999999999988,30.169886363636337,43.10227272727272,39.94431818181818,993.6153409090938,2.36477272727273,4.4,29.6,30.7,0,0.00000,3,15.0,0,78.0,5.333333333333333,6.2,2.7748873851023217,7.8,39.0,0.0,0.6,57.0,8,6.833333333333333,8.3,11.4,0.1,13,0.0,3,17.614000000000033,,19
2020,10,Sochi,18,Lance Stroll,Racing Point,13,20,0.631578947368421052631579,0,4,9,6,93.364,94.47200000000001,105.84850000000002,13.206715469790357,2.0600000000000023,276.0,321.0,169.0,329.0,3,1,8.0,7.0,1.1363999999999976,28.80606060606062,40.342424242424265,51.36287878787878,1012.878787878789,1.428787878787879,3.2,27.6,30.5,0,0.00000,13,0.0,1,78.0,8.333333333333334,7.0,4.06201920231798,7.4,37.0,0.2,-0.2,57.0,9,8.333333333333334,7.2,13.0,0.1,20,0.0,0,,,14
2020,12,Portimão,18,Lance Stroll,Racing Point,12,20,0.578947368421052631578947,0,5,7,18,77.476,79.699,88.08144444444446,12.148227162949103,1.009999999999991,280.0,198.0,308.0,326.0,4,1,9.333333333333334,8.4,1.2935999999999979,20.505468749999977,25.71562499999998,67.52812500000002,1007.3406250000008,4.0406249999999995,7.0,20.0,21.0,0,0.00000,20,0.0,1,78.0,12.0,9.8,6.97853852894716,5.8,29.0,0.4,-1.8,57.0,10,9.0,8.6,11.4,0.2,20,0.0,3,36.33999999999969,,19
2020,13,Imola,18,Lance Stroll,Racing Point,15,20,0.736842105263157894736842,0,11,4,12,75.494,76.256,87.03983333333333,12.914100080098024,1.8850000000000051,232.0,262.0,281.0,293.0,4,1,10.666666666666666,9.8,1.2945999999999969,18.030400000000004,23.26079999999999,71.13680000000001,1017.8919999999997,1.3415999999999992,3.1,16.9,18.5,0,0.00000,20,0.0,1,78.0,17.666666666666668,13.0,7.314369419163897,3.4,17.0,0.6,-3.6,57.0,11,10.5,9.4,12.0,0.3,13,0.0,5,30.949999999999818,,1
2020,14,Istanbul,18,Lance Stroll,Racing Point,1,20,0E-24,1,3,-2,16,107.765,117.019,121.19606250000001,10.385210326669691,0.0,260.0,277.0,225.0,253.0,5,2,13.333333333333334,11.0,1.4238,13.095683453237404,15.20575539568346,80.16115107913672,1008.4964028776968,1.066187050359712,2.7,12.1,13.8,1,0.04317,13,0.0,0,78.0,17.666666666666668,13.8,6.978538528947161,3.0,15.0,0.6,-3.2,57.0,12,9.666666666666666,10.0,10.4,0.3,9,2.0,3,23.686999999999898,,31
2020,15,Sakhir,18,Lance Stroll,Racing Point,13,20,0.631578947368421052631579,0,5,8,6,88.679,89.97800000000001,101.26100000000001,14.086727923829576,1.4150000000000063,247.0,271.0,292.0,323.0,3,2,9.333333333333334,9.6,1.2163999999999988,25.09907407407409,27.54814814814815,67.8472222222222,1015.8972222222209,0.8430555555555546,1.8,24.4,26.6,0,0.00000,9,2.0,0,78.0,14.0,15.0,4.847679857416329,0.4,2.0,0.6,-5.8,59.0,13,9.5,9.3,12.4,0.2,19,0.0,1,4753.816,,13
2020,16,Sakhir,18,Lance Stroll,Racing Point,10,20,0.473684210526315789473684,1,5,5,12,53.84,54.716,64.39458333333333,11.437968831589997,0.46300000000000097,292.0,273.0,300.0,329.0,5,1,9.666666666666666,10.8,1.274000000000001,20.947244094488184,23.46929133858268,58.16929133858269,1015.9417322834645,1.9480314960629923,3.4,20.4,22.0,0,0.00000,19,0.0,1,78.0,13.666666666666666,16.2,4.969909455915671,0.4,2.0,0.6,-5.6,59.0,14,11.166666666666666,10.6,10.0,0.3,3,15.0,9,24.36499999999978,,11
2020,17,Yas Island,18,Lance Stroll,Racing Point,8,20,0.368421052631578947368421,1,15,-7,9,96.04599999999999,96.50200000000001,108.24611111111113,14.54373150574195,0.799999999999983,287.0,319.0,226.0,322.0,5,1,8.0,10.2,0.9546000000000007,23.121481481481517,27.980000000000008,55.44666666666665,1015.8474074074076,2.5044444444444425,4.0,22.1,23.7,0,0.00000,3,15.0,0,78.0,10.333333333333334,12.8,7.085195833567341,3.4,17.0,0.4,-2.6,74.0,15,8.666666666666666,9.8,14.8,0.3,10,1.0,3,22.35199999999986,,11
2021,1,Sakhir,18,Lance Stroll,Aston Martin,10,20,0.473684210526315789473684,1,18,-8,9,90.601,92.047,99.83022222222222,10.266566938097881,1.6039999999999992,245.0,265.0,286.0,315.0,5,1,10.333333333333334,9.4,0.9125999999999991,20.538345864661654,27.627819548872182,54.51729323308271,1014.9105263157908,0.8872180451127818,1.4,20.4,20.9,0,0.00000,10,1.0,0,82.0,10.666666666666666,10.8,5.848076606885378,3.6,18.0,0.2,-1.4,,16,,,,,10,1.0,12,25.74499999999989,,14
2021,2,Imola,18,Lance Stroll,Aston Martin,10,20,0.473684210526315789473684,1,13,-3,12,75.138,76.082,85.58458333333334,14.023140819622745,0.7270000000000039,234.0,261.0,289.0,292.0,6,1,9.333333333333334,8.4,0.8563999999999978,10.621118012422354,16.827329192546586,69.48881987577641,1011.2527950310558,0.4788819875776397,1.1,9.2,12.3,1,0.40994,10,1.0,0,82.0,7.666666666666667,10.2,5.71839138219832,3.8,19.0,0.2,-1.8,1.0,17,12.5,12.5,1.0,0.0,8,4.0,4,31.136999999999716,,5
2021,3,Portimão,18,Lance Stroll,Aston Martin,17,20,0.842105263157894736842105,0,10,7,8,79.913,82.753,92.562,14.705744533539074,1.9449999999999932,291.0,194.0,291.0,312.0,2,1,9.333333333333334,10.2,1.0017999999999987,19.39253731343283,38.9507462686567,39.40373134328356,1004.8134328358209,0.8373134328358207,1.4,18.1,20.0,0,0.00000,8,4.0,0,82.0,9.333333333333334,10.0,5.787918451395113,4.2,21.0,0.2,0.2,5.0,18,12.0,12.0,2.5,0.25,14,0.0,8,20.42300000000023,,2
2021,4,Barcelona,18,Lance Stroll,Aston Martin,11,20,0.526315789473684210526316,0,13,-2,8,77.974,79.077,89.02762499999999,11.414500601521858,1.233000000000004,286.0,303.0,286.0,317.0,4,1,12.333333333333334,11.0,1.1077999999999961,22.203076923076917,32.92230769230769,57.55307692307693,993.5746153846156,0.4576923076923076,0.9,21.3,23.5,0,0.00000,14,0.0,0,82.0,10.666666666666666,9.0,4.0,4.2,21.0,0.0,2.0,5.0,19,12.5,12.5,1.6666666666666667,0.16666666666666666,11,0.0,8,21.734999999999673,,8
2021,5,Monte Carlo,18,Lance Stroll,Aston Martin,13,19,0.666666666666666666666667,0,8,5,16,71.6,84.491,85.50956249999999,11.78742861395846,1.2539999999999907,220.0,206.0,274.0,285.0,4,1,12.666666666666666,11.2,1.2617999999999967,20.760740740740758,37.59555555555557,61.42444444444447,1015.5711111111107,0.31629629629629613,0.6,20.3,21.5,0,0.00000,11,0.0,0,82.0,11.0,10.6,2.1908902300206643,1.2,6.0,0.0,0.6,5.0,20,12.333333333333334,12.375,1.25,0.125,8,4.0,3,23.77599999999984,,-3
2021,6,Baku,18,Lance Stroll,Aston Martin,19,20,0.947368421052631578947368,0,11,8,,,,,,,,,,,,,13.666666666666666,12.2,1.3525999999999982,24.170930232558128,38.31453488372088,55.805232558139544,1014.7308139534875,0.2837209302325581,0.8,22.9,25.5,0,0.00000,8,4.0,0,82.0,11.0,10.2,2.4899799195977463,1.8,9.0,0.0,2.0,9.0,21,10.666666666666666,11.2,3.8,0.1,19,0.0,8,,,8
2021,7,Le Castellet,18,Lance Stroll,Aston Martin,19,20,0.947368421052631578947368,0,12,7,3,92.122,132.584,122.467,26.761396619010746,2.132000000000005,120.0,282.0,302.0,320.0,2,1,14.333333333333334,14.0,1.289749999999998,25.314399999999992,35.22879999999999,58.63039999999999,960.6376,1.1655999999999997,1.8,23.8,27.4,0,0.00000,19,0.0,1,82.0,12.666666666666666,12.0,4.636809247747852,1.6,8.0,0.2,2.0,9.0,22,9.666666666666666,10.8,7.2,0.2,10,1.0,12,31.023999999999432,,-5
2021,8,Spielberg,18,Lance Stroll,Aston Martin,10,20,0.473684210526315789473684,1,14,-4,13,64.663,78.05799999999999,80.8686923076923,18.72076194756602,0.8219999999999956,319.0,246.0,288.0,316.0,5,1,17.0,15.8,1.6409999999999982,26.692372881355922,52.352542372881345,33.24661016949152,938.4771186440671,0.3677966101694914,1.2,26.0,27.3,0,0.00000,10,1.0,0,82.0,12.333333333333334,12.4,4.277849927241488,1.0,5.0,0.2,3.4,10.0,23,8.833333333333334,10.4,7.0,0.1,8,4.0,6,20.915999999999713,,7
2021,9,Spielberg,18,Lance Stroll,Aston Martin,10,20,0.473684210526315789473684,1,8,2,14,64.547,65.523,77.76057142857144,16.805935520680627,0.8269999999999982,316.0,248.0,288.0,316.0,6,2,16.0,14.4,1.3602499999999988,20.966025641025656,33.18397435897434,49.730769230769255,934.7211538461531,0.348076923076923,0.9,19.0,22.6,1,0.03846,8,4.0,0,82.0,12.333333333333334,11.2,4.54972526643093,1.8,9.0,0.2,3.0,14.0,24,10.0,9.7,7.8,0.1,13,0.0,11,21.152000000000044,,18
2021,10,Silverstone,18,Lance Stroll,Aston Martin,15,20,0.736842105263157894736842,0,10,5,8,87.66499999999999,88.917,96.50399999999999,9.346758964628174,1.641999999999996,315.0,268.0,253.0,326.0,4,1,13.0,14.2,1.2587499999999974,29.4,50.931521739130446,37.20217391304347,1007.2461956521738,0.317934782608696,0.8,28.4,30.1,0,0.00000,13,0.0,0,82.0,10.333333333333334,11.6,4.615192303685731,1.8,9.0,0.2,2.2,14.0,25,11.5,10.3,7.8,0.2,8,4.0,5,28.208999999998923,,-5
2021,11,Budapest,18,Lance Stroll,Aston Martin,12,20,0.578947368421052631578947,0,10,2,8,76.893,77.638,85.9795,9.591143935944242,1.4740000000000038,281.0,252.0,260.0,307.0,4,1,11.666666666666666,14.6,1.3557499999999987,27.22670157068063,37.82251308900524,68.61570680628276,977.6308900523562,0.5675392670157061,1.2,25.7,29.1,1,0.30366,8,4.0,0,82.0,9.666666666666666,11.6,4.61519230368573,1.8,9.0,0.2,2.4,18.0,26,12.833333333333334,11.7,5.8,0.3,19,0.0,0,,,14
2021,12,Spa-Francorchamps,18,Lance Stroll,Aston Martin,15,20,0.736842105263157894736842,0,5,10,13,118.231,130.234,130.60953846153845,10.20381962482175,2.205999999999989,308.0,182.0,216.0,292.0,4,2,12.333333333333334,13.2,1.3793999999999997,13.012413793103491,15.258620689655164,96.4358620689655,970.2217241379296,0.5113793103448276,1.0,12.4,13.4,1,0.84138,19,0.0,1,82.0,13.333333333333334,11.6,4.61519230368573,1.8,9.0,0.2,1.0,18.0,27,16.0,13.5,2.2,0.4,20,0.0,0,15426.785,,10
2021,13,Zandvoort,18,Lance Stroll,Aston Martin,12,20,0.578947368421052631578947,0,17,-5,7,70.367,71.267,79.99542857142858,11.714149333991248,1.4819999999999993,277.0,288.0,304.0,312.0,3,1,14.0,12.4,1.3941999999999966,21.50443037974685,36.10569620253166,54.10822784810126,1021.5056962025316,0.442405063291139,0.9,20.4,22.4,0,0.00000,20,0.0,0,82.0,15.666666666666666,13.6,5.770615218501403,1.6,8.0,0.2,-1.0,18.0,28,15.166666666666666,14.1,2.6,0.4,12,0.0,3,19.40599999999995,,3
2021,14,Monza,18,Lance Stroll,Aston Martin,12,20,0.578947368421052631578947,0,11,1,9,81.02,102.525,99.22033333333333,18.47089422578128,1.4649999999999892,321.0,332.0,311.0,338.0,4,1,13.0,12.8,1.5261999999999971,28.885234899328868,43.52751677852349,33.2758389261745,994.4879194630865,0.3429530201342281,0.7,27.8,29.6,0,0.00000,12,0.0,0,82.0,17.0,14.4,5.029910535983717,0.8,4.0,0.2,-1.2,18.0,29,14.833333333333334,14.6,1.8,0.4,7,6.0,2,24.501999999999498,,-2
2021,15,Sochi,18,Lance Stroll,Aston Martin,8,20,0.368421052631578947368421,1,11,-3,17,104.956,111.136,119.58247058823532,14.825243059211742,2.963000000000008,257.0,300.0,150.0,298.0,5,2,13.0,13.2,1.6537999999999955,19.13860759493674,21.75696202531647,61.94746835443034,1023.1310126582275,0.29050632911392416,0.9,17.4,19.5,1,0.10127,7,6.0,0,82.0,13.0,13.2,6.058052492344384,2.0,10.0,0.2,0.0,24.0,30,11.5,13.5,3.0,0.3,11,0.0,9,30.35699999999997,,18
2021,16,Istanbul,18,Lance Stroll,Aston Martin,9,20,0.421052631578947368421053,1,11,-2,16,84.305,93.491,98.60762500000001,14.279671377521263,1.4370000000000118,279.0,294.0,253.0,325.0,6,2,10.666666666666666,11.8,1.917999999999998,15.825477707006387,18.180891719745237,93.52484076433116,1006.4101910828001,0.4866242038216559,0.8,15.5,16.1,0,0.00000,11,0.0,0,82.0,10.0,13.8,5.540758070878027,1.2,6.0,0.2,-2.0,24.0,31,11.166666666666666,13.1,2.2,0.2,9,2.0,3,35.49200000000019,,7
2021,17,Austin,18,Lance Stroll,Aston Martin,16,20,0.789473684210526315789474,0,12,4,4,95.983,96.219,114.29075,22.457781047630988,3.0730000000000075,220.0,194.0,210.0,315.0,2,1,9.666666666666666,11.2,1.9105999999999994,28.148447204968935,37.470807453416164,61.19254658385094,992.1298136645961,0.8540372670807448,1.5,26.4,29.5,0,0.00000,9,2.0,0,82.0,9.0,11.8,4.969909455915671,1.6,8.0,0.0,-0.8,26.0,32,11.5,11.9,2.6,0.0,12,0.0,15,23.472999999999956,,7
2021,18,Mexico City,18,Lance Stroll,Aston Martin,20,20,1.000000000000000000000000,0,11,9,1,80.873,80.873,80.873,,4.998000000000005,316.0,296.0,54.0,342.0,1,1,11.0,11.4,2.084000000000003,21.20670731707316,47.57926829268294,31.2109756097561,784.2134146341465,0.3664634146341462,0.8,19.2,23.2,0,0.00000,12,0.0,0,82.0,10.666666666666666,10.2,2.16794833886788,1.6,8.0,0.0,-0.4,26.0,33,12.0,11.6,1.8,0.0,14,0.0,6,23.614000000000487,,-6
2021,19,São Paulo,18,Lance Stroll,Aston Martin,16,20,0.789473684210526315789474,0,12,4,7,69.663,89.275,86.63357142857144,18.08121989668786,1.7289999999999992,321.0,264.0,321.0,318.0,2,1,15.0,13.0,2.7872000000000043,23.137341772151892,51.56139240506331,60.10126582278483,926.9303797468358,0.39177215189873377,0.8,22.5,24.0,0,0.00000,14,0.0,0,82.0,11.666666666666666,10.6,2.701851217221259,1.6,8.0,0.0,0.8,26.0,34,11.666666666666666,11.2,3.0,0.0,20,0.0,7,17.68000000000029,,15
2021,20,Lusail,18,Lance Stroll,Aston Martin,12,20,0.578947368421052631578947,0,10,2,11,82.46000000000001,115.988,109.28509090909091,26.57729157177061,1.6330000000000098,250.0,281.0,318.0,324.0,4,1,17.333333333333332,13.8,2.840000000000006,26.41513157894735,30.603289473684203,75.54013157894735,1012.3072368421057,0.4230263157894732,0.8,26.0,27.4,1,0.01974,20,0.0,1,82.0,15.333333333333334,13.2,4.207136793592526,0.4,2.0,0.2,-0.8,26.0,35,12.333333333333334,12.4,1.8,0.1,6,8.0,10,25.998999999999796,,6
2021,21,Jeddah,18,Lance Stroll,Aston Martin,18,20,0.894736842105263157894737,0,17,1,7,89.368,107.707,113.18885714285715,25.521808931634475,1.8569999999999993,288.0,310.0,306.0,315.0,2,1,16.0,14.6,2.5740000000000065,28.816062176165733,31.684974093264252,76.20310880829015,1013.7974093264247,0.2715025906735748,0.6,28.5,29.2,0,0.00000,6,8.0,0,82.0,13.333333333333334,12.2,5.310367218940701,2.0,10.0,0.2,1.2,34.0,36,11.333333333333334,11.7,3.6,0.1,11,0.0,5,27.164999999999964,,-9
2021,22,Yas Island,18,Lance Stroll,Aston Martin,13,20,0.631578947368421052631579,0,15,-2,13,84.061,103.23400000000001,104.64038461538462,21.213494410156557,1.9519999999999982,289.0,313.0,223.0,321.0,4,1,15.333333333333334,16.4,2.658000000000004,24.51910828025481,28.46560509554141,59.05477707006371,1017.7108280254776,0.41464968152866166,0.7,23.5,25.7,0,0.00000,11,0.0,0,82.0,12.333333333333334,12.6,5.079370039680118,1.6,8.0,0.2,2.8,34.0,37,12.333333333333334,11.7,3.2,0.2,13,0.0,7,22.235999999999876,,7
2022,1,Sakhir,18,Lance Stroll,Aston Martin,19,20,0.947368421052631578947368,0,17,2,4,93.032,93.309,101.67450000000001,10.5841792155399,2.4740000000000038,238.0,267.0,284.0,311.0,2,1,14.333333333333334,15.8,2.4338000000000024,23.617791411042962,28.610429447852766,29.49079754601227,1010.3858895705521,0.3049079754601232,0.8,22.3,25.7,0,0.00000,13,0.0,0,80.0,10.0,12.8,5.06951674225463,1.6,8.0,0.2,2.6,,38,11.166666666666666,11.9,3.0,0.2,12,0.0,16,25.033000000001266,,2
2022,2,Jeddah,18,Lance Stroll,Aston Martin,15,20,0.736842105263157894736842,0,18,-3,10,90.256,91.05799999999999,102.8385,12.74559388137285,16.586,288.0,322.0,303.0,326.0,4,1,16.666666666666668,15.6,1.929000000000002,25.42039473684213,28.4092105263158,59.66447368421053,1012.7776315789473,2.3592105263157874,4.0,25.3,25.6,0,0.00000,12,0.0,0,80.0,12.0,12.4,5.029910535983717,1.6,8.0,0.2,2.8,0.0,39,13.333333333333334,12.7,1.8,0.2,13,0.0,6,22.342999999999847,,2
2022,3,Melbourne,18,Lance Stroll,Aston Martin,20,20,1.000000000000000000000000,0,18,2,1,106.833,106.833,106.833,,28.965000000000003,156.0,282.0,296.0,100.0,1,1,15.666666666666666,15.4,4.900400000000002,26.697435897435888,37.40833333333329,43.65384615384615,1014.2461538461532,1.8128205128205122,4.4,25.8,27.4,0,0.00000,13,0.0,0,80.0,12.666666666666666,11.0,2.9154759474226504,1.6,8.0,0.0,4.0,0.0,40,13.0,12.1,1.8,0.1,12,0.0,11,18.248000000000047,,-5
2022,4,Imola,18,Lance Stroll,Aston Martin,15,20,0.736842105263157894736842,0,9,6,8,80.342,83.419,91.652375,13.836403619618793,1.6640000000000015,220.0,261.0,275.0,295.0,4,1,18.0,17.0,10.366800000000001,12.899367088607601,17.418987341772137,83.17088607594937,1001.0386075949358,1.4822784810126568,2.5,11.1,14.2,0,0.00000,12,0.0,0,80.0,12.333333333333334,12.2,0.8366600265340756,0.0,0.0,0.0,4.2,0.0,41,14.166666666666666,13.6,0.0,0.2,10,1.0,2,32.69100000000071,,-7
2022,5,Miami,18,Lance Stroll,Aston Martin,10,20,0.473684210526315789473684,1,13,-3,13,89.996,91.789,104.48369230769231,16.399478509923295,1.2000000000000028,222.0,192.0,288.0,326.0,7,1,16.666666666666668,16.4,10.3282,30.61728395061729,42.81975308641976,58.858024691358025,1009.3049382716049,2.26728395061728,5.0,29.4,32.3,1,0.05556,10,1.0,0,80.0,11.666666666666666,12.0,1.224744871391589,0.2,1.0,0.0,3.8,1.0,42,12.333333333333334,12.7,1.0,0.1,10,1.0,11,19.088000000000648,,13
2022,6,Barcelona,18,Lance Stroll,Aston Martin,18,20,0.894736842105263157894737,0,16,2,4,81.418,81.939,101.839,30.407993499516973,2.6680000000000064,287.0,299.0,281.0,318.0,2,1,15.0,15.8,10.177800000000001,36.56585365853659,48.95731707317072,7.109756097560975,996.0158536585362,3.4884146341463396,5.5,35.9,37.2,0,0.00000,10,1.0,0,80.0,10.666666666666666,11.4,1.341640786499874,0.4,2.0,0.0,4.75,2.0,43,12.666666666666666,13.0,1.2,0.2,15,0.0,8,22.858000000000175,,2
2022,7,Monaco,18,Lance Stroll,Aston Martin,18,20,0.894736842105263157894737,0,9,9,8,73.678,76.03399999999999,86.22500000000001,13.361144187531249,2.3019999999999925,210.0,200.0,270.0,283.0,3,1,14.333333333333334,15.6,10.216600000000003,22.274693877550995,31.038367346938788,75.66530612244898,1002.9922448979627,0.9902040816326523,3.2,20.9,24.3,1,0.43673,15,0.0,0,80.0,11.666666666666666,12.0,2.1213203435596424,0.4,2.0,0.0,3.5,2.0,44,11.833333333333334,12.7,1.2,0.2,14,0.0,7,25.638999999999214,,-1
2022,8,Baku,18,Lance Stroll,Aston Martin,19,20,0.947368421052631578947368,0,9,10,4,105.37100000000001,115.97,122.40825000000001,15.280536189872398,4.0120000000000005,221.0,227.0,332.0,316.0,2,1,15.333333333333334,16.2,7.359800000000002,25.435403726708074,47.149689440993804,59.49068322981366,1009.9012422360254,1.5291925465838494,2.9,24.9,26.1,0,0.00000,14,0.0,0,80.0,13.0,12.2,2.280350850198276,0.4,2.0,0.0,4.5,2.0,45,12.833333333333334,12.6,1.4,0.2,16,0.0,5,22.03099999999995,,-1
2022,9,Montréal,18,Lance Stroll,Aston Martin,18,20,0.894736842105263157894737,0,17,1,10,95.532,98.42699999999999,106.36590000000001,14.645310272878785,14.23299999999999,196.0,268.0,267.0,296.0,2,1,18.333333333333332,16.0,2.3692000000000006,20.762962962962966,41.261111111111084,28.925925925925927,1012.4012345679009,3.5524691358024683,5.6,18.8,22.3,0,0.00000,16,0.0,1,80.0,15.0,13.0,2.8284271247461903,0.4,2.0,0.2,3.5,2.0,46,12.0,11.7,3.0,0.2,10,1.0,9,25.266999999999825,,-6
2022,10,Silverstone,18,Lance Stroll,Aston Martin,20,20,1.000000000000000000000000,0,18,2,8,103.43,106.363,112.59550000000002,13.08272510930785,4.301000000000016,289.0,239.0,226.0,294.0,2,1,18.333333333333332,16.6,4.882999999999998,18.253201970443335,30.026108374384233,59.748768472906406,1002.3581280788169,1.4561576354679806,3.9,17.5,19.2,1,0.04433,10,1.0,0,80.0,13.333333333333334,13.0,2.8284271247461903,0.4,2.0,0.2,4.0,3.0,47,11.333333333333334,12.1,2.2,0.2,11,0.0,11,28.63800000000083,,-7
2022,11,Spielberg,18,Lance Stroll,Aston Martin,17,20,0.842105263157894736842105,0,20,-3,10,66.847,92.12100000000001,87.64479999999999,18.490412631655598,1.8629999999999995,307.0,247.0,280.0,315.0,2,1,19.0,18.6,5.503200000000001,20.255921052631592,30.74671052631582,35.13815789473684,939.7124999999984,1.2552631578947366,3.9,19.7,21.1,0,0.00000,11,0.0,0,80.0,12.333333333333334,13.2,2.588435821108957,0.2,1.0,0.2,5.0,3.0,48,10.666666666666666,11.4,2.4,0.1,13,0.0,12,21.429000000000087,,4
2022,12,Le Castellet,18,Lance Stroll,Aston Martin,17,20,0.842105263157894736842105,0,14,3,4,93.439,93.60900000000001,106.28899999999999,25.31721120766135,2.566999999999993,116.0,278.0,299.0,329.0,2,1,18.333333333333332,18.4,5.3422,30.164843750000003,54.46171874999998,47.734375,967.9078124999985,1.9460937500000002,4.0,29.1,30.8,0,0.00000,13,0.0,0,80.0,11.333333333333334,12.8,2.3874672772626644,0.2,1.0,0.2,4.4,3.0,49,12.0,11.8,2.4,0.1,10,1.0,1,39.962000000000444,,-12
2022,13,Budapest,18,Lance Stroll,Aston Martin,14,20,0.684210526315789473684211,0,18,-4,12,79.137,92.154,98.21808333333333,19.912802622060802,1.7600000000000051,280.0,248.0,254.0,300.0,4,1,18.0,18.2,5.3952,18.55988023952095,26.72095808383233,69.31736526946108,985.5814371257485,4.034131736526945,5.8,17.8,19.4,1,0.27545,10,1.0,0,80.0,11.333333333333334,12.0,2.5495097567963922,0.4,2.0,0.2,4.6,4.0,50,11.833333333333334,11.5,2.4,0.1,11,0.0,14,21.65400000000045,,8
2022,14,Spa-Francorchamps,18,Lance Stroll,Aston Martin,14,20,0.684210526315789473684211,0,16,-2,8,106.256,107.11099999999999,120.38062500000001,15.164920083040336,2.591000000000008,328.0,202.0,222.0,309.0,4,1,16.0,17.2,4.944800000000001,21.78717948717949,36.083974358974366,40.51923076923077,971.0519230769214,1.5192307692307678,3.5,20.7,22.5,0,0.00000,11,0.0,0,80.0,11.333333333333334,11.0,1.2247448713915892,0.4,2.0,0.0,4.6,4.0,51,12.0,11.4,1.0,0.0,11,0.0,12,23.23999999999978,,6
2022,15,Zandvoort,18,Lance Stroll,Aston Martin,10,20,0.473684210526315789473684,1,19,-9,10,71.416,93.394,90.12719999999999,17.641008794535786,1.073999999999998,283.0,282.0,312.0,320.0,4,1,15.0,16.4,2.6164000000000045,22.730061349693237,33.44601226993866,75.38036809815951,1017.1098159509202,1.0619631901840485,2.0,22.3,23.3,0,0.00000,11,0.0,0,80.0,10.666666666666666,11.2,1.0954451150103324,0.2,1.0,0.0,2.8,4.0,52,10.166666666666666,11.1,1.6,0.0,10,1.0,4,14.136999999998807,,6
2022,16,Monza,18,Lance Stroll,Aston Martin,18,20,0.894736842105263157894737,0,17,1,6,82.748,84.231,95.84750000000001,16.393282853046852,2.5870000000000033,318.0,330.0,310.0,339.0,3,1,12.666666666666666,14.4,1.9710000000000008,27.734693877551035,43.138775510204084,33.14965986394558,993.340136054421,1.3612244897959178,2.7,26.4,28.5,0,0.00000,10,1.0,0,80.0,10.666666666666666,11.0,1.2247448713915892,0.4,2.0,0.0,1.0,5.0,53,10.666666666666666,11.5,1.4,0.0,18,0.0,6,24.269000000000233,,6
2022,17,Marina Bay,18,Lance Stroll,Aston Martin,12,20,0.578947368421052631578947,0,14,-2,8,114.211,116.997,127.13762500000001,18.62212950794604,4.798999999999992,292.0,265.0,247.0,280.0,4,2,14.0,14.6,2.1158000000000015,26.232549019607895,28.973333333333354,87.44705882352942,1008.1439215686289,0.929803921568626,2.7,24.3,27.7,1,0.18039,18,0.0,1,80.0,13.0,12.0,3.391164991562634,0.4,2.0,0.2,0.0,5.0,54,13.5,12.3,1.4,0.2,6,8.0,4,29.88500000000022,,0
2022,18,Suzuka,18,Lance Stroll,Aston Martin,19,20,0.947368421052631578947368,0,9,10,4,91.419,91.518,98.91475,8.803595984028343,2.114999999999995,276.0,296.0,263.0,296.0,2,1,13.333333333333334,13.6,2.5622000000000016,16.717647058823538,19.930588235294138,86.21176470588236,1015.7062745098052,2.040784313725487,4.0,15.8,19.0,1,0.98039,6,8.0,0,80.0,11.333333333333334,11.2,4.324349662087931,1.8,9.0,0.2,0.0,13.0,55,12.666666666666666,11.6,3.6,0.2,12,0.0,7,23.87699999999859,,-7
2022,19,Austin,18,Lance Stroll,Aston Martin,7,20,0.315789473684210526315789,1,12,-5,10,95.598,97.22399999999999,107.93350000000001,12.554643499075912,1.2420000000000044,222.0,191.0,208.0,315.0,5,1,16.333333333333332,14.6,2.6331999999999995,29.28529411764708,35.52352941176471,49.62352941176471,991.1994117647055,5.487058823529408,10.1,28.3,30.7,0,0.00000,12,0.0,0,80.0,12.0,11.4,4.33589667773576,1.8,9.0,0.2,0.8,13.0,56,11.666666666666666,11.3,5.0,0.2,18,0.0,3,25.41899999999987,,29
2022,20,Mexico City,18,Lance Stroll,Aston Martin,18,20,0.894736842105263157894737,0,17,1,8,80.52,97.535,97.735125,15.46915777038298,2.7449999999999903,310.0,290.0,249.0,344.0,2,1,12.666666666666666,13.2,2.3633999999999986,24.312727272727287,41.68909090909089,34.442424242424245,780.4072727272716,1.3369696969696967,4.0,22.8,25.5,0,0.00000,18,0.0,1,80.0,12.0,12.8,5.215361924162119,1.8,9.0,0.4,-1.4,13.0,57,9.666666666666666,12.0,5.0,0.3,15,0.0,6,23.066000000000713,,0
2022,21,São Paulo,18,Lance Stroll,Aston Martin,15,20,0.736842105263157894736842,0,13,2,21,72.21000000000001,85.525,88.2297142857143,14.59782219765283,1.3290000000000077,317.0,259.0,324.0,321.0,4,2,14.666666666666666,14.8,2.697599999999997,23.01077844311378,46.04910179640717,76.07784431137725,922.1604790419151,1.4443113772455085,2.9,20.9,25.1,0,0.00000,15,0.0,0,80.0,15.0,13.8,5.019960159204453,1.6,8.0,0.4,-0.4,13.0,58,12.166666666666666,12.5,4.8,0.3,10,1.0,15,23.588999999999942,,6
2022,22,Yas Island,18,Lance Stroll,Aston Martin,14,20,0.684210526315789473684211,0,9,5,11,85.35900000000001,103.44800000000001,103.20290909090909,20.359006068345018,1.5350000000000108,286.0,316.0,220.0,314.0,4,1,13.333333333333334,14.2,2.445999999999998,28.57548387096773,34.31032258064516,61.68387096774194,1013.5206451612893,2.608387096774191,4.1,27.8,29.7,0,0.00000,10,1.0,0,80.0,14.333333333333334,12.2,4.604345773288535,1.8,9.0,0.2,1.8,14.0,59,12.666666666666666,10.8,5.0,0.1,8,4.0,9,21.773999999999432,,1
2023,1,Sakhir,18,Lance Stroll,Aston Martin,8,20,0.368421052631578947368421,1,5,3,11,90.836,92.305,102.79127272727273,13.40685627647965,1.1280000000000001,243.0,268.0,287.0,320.0,6,1,15.666666666666666,14.6,1.7932000000000017,27.43167701863353,31.01180124223602,21.496894409937887,1016.863975155279,0.6832298136645952,2.2,26.2,29.8,0,0.00000,8,4.0,0,84.0,11.0,12.6,3.9749213828703582,1.0,5.0,0.2,2.0,,60,11.333333333333334,11.2,3.6,0.1,6,8.0,6,24.623999999999796,,13
2023,2,Jeddah,18,Lance Stroll,Aston Martin,6,20,0.263157894736842105263158,1,3,3,15,88.945,90.351,107.57420000000002,21.219864807701835,0.6799999999999926,293.0,320.0,303.0,325.0,4,1,12.333333333333334,12.4,1.5958000000000028,26.09189189189191,31.792567567567573,57.79054054054054,1010.9297297297305,1.7722972972972975,3.7,25.8,26.4,0,0.00000,6,8.0,0,84.0,8.0,11.4,4.979959839195494,2.6,13.0,0.2,1.0,8.0,61,8.0,10.3,6.6,0.1,20,0.0,1,21.15599999999995,,34
2023,3,Melbourne,18,Lance Stroll,Aston Martin,6,20,0.263157894736842105263158,1,4,2,20,77.30799999999999,90.253,94.89879999999998,16.812718865255118,0.5759999999999934,283.0,318.0,305.0,322.0,5,1,9.333333333333334,12.2,1.4834000000000003,17.449549549549555,30.139639639639615,54.15765765765766,1018.3666666666695,1.1270270270270264,5.0,16.8,18.1,0,0.00000,20,0.0,1,84.0,11.333333333333334,11.8,5.674504383644443,2.6,13.0,0.2,0.6,8.0,62,8.333333333333334,10.0,8.8,0.1,4,12.0,3,875.0519999999997,,16
2025,1,Melbourne,18,Lance Stroll,Aston Martin,13,20,0.631578947368421052631579,0,12,1,10,76.369,77.07,95.6548,21.715470817931728,1.2729999999999961,290.0,328.0,313.0,329.0,5,1,6.666666666666667,9.8,1.049600000000001,15.707865168539323,18.942134831460663,78.42134831460675,1009.9016853932579,3.475280898876404,6.9,15.1,16.6,1,0.32584,14,0.0,1,77.0,15.666666666666666,15.4,3.2093613071762426,0.0,0.0,0.8,-1.4,,105,12.333333333333334,13.6,1.6,0.5,6,8.0,3,14.469000000000051,,-3
2025,2,Shanghai,18,Lance Stroll,Aston Martin,14,20,0.684210526315789473684211,0,13,1,11,91.773,117.691,109.10072727272728,16.537122622094266,1.132000000000005,284.0,278.0,272.0,333.0,5,1,8.333333333333334,9.4,1.0383999999999987,27.215584415584427,35.81688311688313,18.233766233766232,1010.4227272727292,2.18831168831169,4.3,26.4,28.1,0,0.00000,6,8.0,0,77.0,12.666666666666666,14.4,5.128352561983234,1.6,8.0,0.6,-0.6,8.0,106,11.833333333333334,13.0,3.2,0.4,9,2.0,10,22.895000000000437,,2
2025,3,Suzuka,18,Lance Stroll,Aston Martin,20,20,1.000000000000000000000000,0,13,7,3,89.271,121.584,115.89800000000001,24.288404702655953,2.2879999999999967,285.0,297.0,268.0,295.0,2,1,11.0,9.4,0.9577999999999974,14.42999999999999,20.514285714285716,76.37142857142857,1009.3171428571422,1.2021428571428572,2.4,14.2,14.7,0,0.00000,9,2.0,0,77.0,9.666666666666666,12.4,4.8270073544588685,2.0,10.0,0.4,2.2,10.0,107,12.0,12.3,3.6,0.4,20,0.0,0,23.639000000000124,,0
2025,4,Sakhir,18,Lance Stroll,Aston Martin,19,20,0.947368421052631578947368,0,13,6,6,92.283,93.575,111.03816666666667,22.58033764509881,2.441999999999993,242.0,271.0,286.0,317.0,3,1,15.666666666666666,11.8,1.1897999999999969,27.05253164556961,31.87025316455695,45.32911392405063,1008.1253164556957,2.105696202531645,3.6,26.6,27.9,0,0.00000,20,0.0,1,77.0,11.666666666666666,13.4,5.89915248150105,2.0,10.0,0.6,1.6,10.0,108,13.333333333333334,12.8,3.6,0.5,17,0.0,10,24.490999999999985,,6
2025,5,Jeddah,18,Lance Stroll,Aston Martin,16,20,0.789473684210526315789474,0,13,3,7,88.645,111.64500000000001,107.61314285714285,20.08533188198601,1.350999999999999,294.0,324.0,308.0,334.0,3,1,17.666666666666668,14.4,1.542199999999997,29.483802816901413,37.81971830985914,62.725352112676056,1006.7661971830992,1.026056338028169,2.2,28.3,31.7,0,0.00000,17,0.0,0,77.0,15.333333333333334,13.2,5.718391382198319,2.0,10.0,0.4,2.6,10.0,109,14.833333333333334,13.5,2.4,0.4,16,0.0,6,20.46600000000035,,6
2025,6,Miami Gardens,18,Lance Stroll,Aston Martin,19,20,0.947368421052631578947368,0,17,2,6,87.83,89.167,102.12483333333331,15.161261285482377,1.6259999999999906,216.0,191.0,288.0,340.0,3,1,18.333333333333332,16.4,1.697199999999998,26.573154362416098,38.69060402684562,63.02013422818792,1012.2959731543626,1.0469798657718126,2.4,25.9,28.0,1,0.03356,16,0.0,1,77.0,17.666666666666668,13.6,5.856620185738528,2.0,10.0,0.4,2.8,10.0,110,15.0,13.9,2.0,0.4,16,0.0,3,22.282999999999447,,-3
2025,7,Imola,18,Lance Stroll,Aston Martin,8,20,0.368421052631578947368421,1,5,3,13,75.497,76.81,91.8760769230769,20.3528148113127,0.8269999999999982,233.0,264.0,282.0,299.0,7,2,18.0,17.6,1.767799999999997,23.964666666666666,42.66399999999999,38.306666666666665,1009.7999999999994,3.2479999999999993,5.0,23.4,24.3,0,0.00000,16,0.0,1,77.0,16.333333333333332,15.6,4.03732584763727,0.4,2.0,0.6,1.8,10.0,111,15.0,14.7,0.4,0.5,15,0.0,6,31.26600000000053,,23
2025,8,Monaco,18,Lance Stroll,Aston Martin,19,20,0.947368421052631578947368,0,7,12,10,72.563,87.738,98.9154,24.583851552504047,2.6089999999999947,219.0,201.0,272.0,281.0,2,1,14.333333333333334,16.4,1.7067999999999954,22.20937500000001,43.31749999999996,52.51875,1016.7837499999993,0.9793749999999999,2.2,21.3,22.9,0,0.00000,15,0.0,0,77.0,15.666666666666666,16.8,1.9235384061671346,0.0,0.0,0.6,-0.6,10.0,112,14.0,14.7,0.0,0.4,15,0.0,8,23.95799999999963,,0
2025,10,Montréal,18,Lance Stroll,Aston Martin,18,20,0.894736842105263157894737,0,6,12,10,72.517,82.64099999999999,91.8439,19.307024740291357,1.617999999999995,262.0,283.0,297.0,333.0,3,2,13.666666666666666,15.2,1.5809999999999973,24.036526946107763,49.25329341317365,27.976047904191617,1018.9281437125736,1.0377245508982031,2.9,22.8,25.6,1,0.00599,15,0.0,1,77.0,15.333333333333334,15.8,0.8366600265340752,0.0,0.0,0.6,0.2,10.0,113,13.0,13.6,0.4,0.5,17,0.0,11,18.30999999999949,,9
2025,11,Spielberg,18,Lance Stroll,Aston Martin,16,20,0.789473684210526315789474,0,11,5,6,65.329,66.061,78.19283333333334,13.675406032972719,1.3579999999999899,317.0,249.0,284.0,319.0,3,1,17.0,15.6,1.6343999999999965,30.347826086956506,49.16645962732919,31.981366459627328,943.3447204968951,1.6180124223602488,3.7,29.1,31.3,0,0.00000,17,0.0,1,77.0,15.666666666666666,15.8,0.8366600265340755,0.0,0.0,0.8,-0.2,10.0,114,12.666666666666666,13.3,1.6,0.5,14,0.0,12,21.652000000000044,,8
2025,12,Silverstone,18,Lance Stroll,Aston Martin,18,20,0.894736842105263157894737,0,9,9,5,86.504,87.418,96.15299999999999,12.942014101367684,1.612000000000009,321.0,272.0,253.0,324.0,3,1,16.0,15.0,1.5807999999999964,17.917419354838703,23.578709677419354,78.3741935483871,988.7767741935467,1.4832258064516135,5.8,16.0,19.6,1,0.18065,14,0.0,1,77.0,15.333333333333334,15.4,1.1401754250991376,0.0,0.0,0.8,0.2,10.0,115,10.5,12.3,2.8,0.5,7,6.0,8,28.529999999998836,,-8
2025,13,Spa-Francorchamps,18,Lance Stroll,Aston Martin,20,20,1.000000000000000000000000,0,19,1,6,102.50200000000001,115.17699999999999,124.90783333333336,20.664827387778168,1.940000000000012,340.0,216.0,229.0,311.0,3,1,17.333333333333332,17.0,1.7377999999999987,17.03004484304933,24.090134529147992,84.4439461883408,965.0475336322884,1.446188340807175,3.2,14.5,19.0,1,0.45740,7,6.0,0,77.0,12.666666666666666,13.6,3.8470768123342687,1.2,6.0,0.6,1.8,16.0,116,10.166666666666666,11.3,4.4,0.5,14,0.0,8,23.769000000000233,,-4
2025,14,Budapest,18,Lance Stroll,Aston Martin,6,20,0.263157894736842105263158,1,5,1,12,75.129,76.66,91.18533333333335,17.408215961714653,0.23900000000000432,285.0,256.0,262.0,312.0,6,1,18.0,17.2,1.604000000000002,22.08216560509553,32.7299363057325,57.24203821656051,987.1401273885358,2.1509554140127394,3.7,21.6,22.5,0,0.00000,14,0.0,0,77.0,11.666666666666666,13.4,3.7815340802378077,1.2,6.0,0.6,3.6,16.0,117,11.333333333333334,11.0,4.4,0.3,7,6.0,5,21.512000000000626,,18
2025,15,Zandvoort,18,Lance Stroll,Aston Martin,20,20,1.000000000000000000000000,0,10,10,1,92.04599999999999,92.04599999999999,92.04599999999999,,23.383999999999986,290.0,281.0,,330.0,1,1,14.666666666666666,15.6,1.353400000000002,20.077358490566034,27.963522012578633,71.17610062893081,1006.205660377358,2.170440251572328,3.9,19.4,20.7,0,0.00000,7,6.0,0,77.0,9.333333333333334,11.8,4.54972526643093,2.4,12.0,0.4,2.6,22.0,118,9.833333333333334,10.4,7.2,0.3,7,6.0,13,17.67699999999968,,-7
2025,16,Monza,18,Lance Stroll,Aston Martin,17,20,0.842105263157894736842105,0,9,8,6,79.94800000000001,80.876,92.52133333333335,13.675402877672987,1.156000000000006,323.0,339.0,315.0,346.0,3,1,15.333333333333334,16.0,5.7066,26.761111111111102,43.28819444444442,42.604166666666664,996.7527777777791,1.960416666666666,4.0,25.9,27.4,0,0.00000,7,6.0,0,77.0,9.333333333333334,9.8,3.8340579025361623,3.6,18.0,0.2,5.0,28.0,119,9.666666666666666,9.5,8.0,0.2,18,0.0,9,38.527000000000044,,11
2025,17,Baku,18,Lance Stroll,Aston Martin,14,20,0.684210526315789473684211,0,11,3,7,102.101,120.801,117.24028571428572,15.157515305553714,0.9840000000000089,218.0,225.0,344.0,322.0,5,2,14.333333333333334,16.2,5.6662000000000035,20.551923076923092,26.107051282051287,59.833333333333336,1021.1160256410266,1.5070512820512825,2.9,20.3,21.1,0,0.00000,18,0.0,1,77.0,10.666666666666666,10.6,5.128352561983234,3.6,18.0,0.2,4.2,28.0,120,10.666666666666666,11.1,6.8,0.2,17,0.0,3,21.786000000000058,,9
2025,18,Marina Bay,18,Lance Stroll,Aston Martin,15,20,0.736842105263157894736842,0,10,5,7,90.949,116.968,112.28114285714287,20.55333460721619,1.7909999999999968,314.0,279.0,258.0,303.0,2,1,17.0,15.4,5.540600000000003,29.072049689440938,33.852173913043515,74.36024844720497,1010.7776397515512,1.1111801242236026,2.2,28.5,29.5,1,0.03727,17,0.0,0,77.0,14.0,12.6,5.319774431308154,2.4,12.0,0.2,1.6,28.0,121,14.0,12.7,5.2,0.2,13,0.0,12,23.867999999999483,,8
2025,19,Austin,18,Lance Stroll,Aston Martin,18,20,0.894736842105263157894737,0,10,8,4,93.878,94.53999999999999,108.71225,16.774416917337746,1.3680000000000092,231.0,190.0,213.0,323.0,2,1,15.333333333333334,14.4,5.510800000000001,28.267532467532465,45.04480519480521,22.532467532467532,1001.1077922077926,2.082467532467532,4.9,26.4,29.3,0,0.00000,13,0.0,1,77.0,16.0,12.4,5.272570530585627,2.4,12.0,0.4,1.6,28.0,122,14.833333333333334,11.6,6.4,0.3,12,0.0,9,24.21600000000035,,-3
2025,20,Mexico City,18,Lance Stroll,Aston Martin,19,20,0.947368421052631578947368,0,14,5,6,77.606,78.815,90.908,14.156018366758358,2.019999999999996,316.0,294.0,252.0,348.0,3,1,15.666666666666666,16.8,5.736600000000001,26.405555555555555,50.58827160493828,23.234567901234566,780.8888888888889,1.8475308641975292,3.9,25.4,27.1,0,0.00000,12,0.0,0,77.0,14.0,13.4,4.39317652729776,1.2,6.0,0.4,3.2,28.0,123,12.333333333333334,12.6,3.4,0.3,14,0.0,15,21.924999999999272,,5
2025,21,São Paulo,18,Lance Stroll,Aston Martin,14,19,0.722222222222222222222222,0,11,3,11,70.041,97.363,88.7868181818182,19.62179369384044,0.5300000000000011,324.0,265.0,330.0,335.0,5,2,17.333333333333332,16.6,1.4638000000000033,17.34802631578948,30.69276315789474,70.57236842105263,929.708552631579,1.5098684210526314,2.9,16.6,18.0,0,0.00000,14,0.0,1,77.0,13.0,14.8,2.588435821108957,0.0,0.0,0.6,1.8,28.0,124,12.333333333333334,14.3,1.4,0.5,16,0.0,18,23.13500000000022,,22
2025,22,Las Vegas,18,Lance Stroll,Aston Martin,12,20,0.578947368421052631578947,0,7,5,14,112.85,116.58500000000001,123.51485714285715,12.201118844390665,4.915999999999997,145.0,194.0,304.0,256.0,3,2,17.0,16.0,1.3386000000000025,16.73404255319152,19.529787234042566,37.765957446808514,941.8964539007092,1.436879432624114,2.8,16.3,17.2,0,0.00000,16,0.0,0,77.0,14.0,14.4,2.073644135332772,0.0,0.0,0.4,1.8,28.0,125,14.0,13.6,1.4,0.3,18,0.0,0,,,12
2025,23,Lusail,18,Lance Stroll,Aston Martin,19,20,0.947368421052631578947368,0,8,11,8,81.05799999999999,82.156,98.26675,19.384035402877288,1.6709999999999923,253.0,287.0,282.0,325.0,2,1,15.0,15.6,2.125,22.59932885906039,28.160402684563756,69.04697986577182,1016.0953020134215,1.2510067114093952,2.7,21.6,23.7,0,0.00000,18,0.0,1,77.0,16.0,14.6,2.4083189157584592,0.0,0.0,0.6,1.2,28.0,126,15.166666666666666,13.3,1.4,0.4,17,0.0,6,28.09400000000005,,2
2025,24,Yas Island,18,Lance Stroll,Aston Martin,15,20,0.736842105263157894736842,0,6,9,11,83.09700000000001,110.178,100.64872727272727,17.26699394851871,0.8900000000000148,294.0,323.0,224.0,327.0,4,1,15.0,16.4,2.100999999999999,26.67402597402595,31.0616883116883,60.44155844155844,1016.7279220779227,1.5733766233766233,3.2,25.9,27.5,0,0.00000,17,0.0,1,77.0,17.0,15.4,2.4083189157584592,0.0,0.0,0.6,1.0,28.0,127,13.833333333333334,13.7,1.4,0.4,10,1.0,15,21.561999999999898,,6
2026,2,Shanghai,18,Lance Stroll,Aston Martin,21,22,0.952380952380952380952381,0,19,2,7,95.995,120.023,114.81928571428573,18.271640281360305,3.9310000000000116,279.0,273.0,266.0,303.0,3,1,15.333333333333334,15.8,2.0054000000000003,15.572368421052628,22.616447368421053,54.99802631578948,1024.481578947368,2.1934210526315794,4.5,14.9,16.4,0,0.00000,17,0.0,1,77.0,14.666666666666666,15.6,3.2093613071762426,0.2,1.0,0.6,0.6,0.0,129,12.5,13.4,3.0,0.4,18,0.0,0,,,-6
2026,3,Suzuka,18,Lance Stroll,Aston Martin,22,22,1.000000000000000000000000,0,21,1,6,92.92,94.408,103.44983333333334,10.975333934175609,4.14200000000001,267.0,327.0,260.0,277.0,3,1,18.333333333333332,16.2,2.3876000000000035,18.556410256410274,34.1429487179487,52.49551282051283,1011.7987179487181,1.9506410256410254,3.7,17.3,19.5,0,0.00000,18,0.0,1,77.0,15.0,16.0,3.391164991562634,0.2,1.0,0.8,1.4,0.0,130,14.333333333333334,13.9,3.0,0.6,21,0.0,3,23.54200000000037,,1
2026,4,Miami Gardens,18,Lance Stroll,Aston Martin,18,22,0.809523809523809523809524,0,17,1,5,91.164,92.30799999999999,100.76939999999999,12.665333979015323,3.3659999999999997,217.0,188.0,272.0,307.0,3,1,19.333333333333332,17.8,3.110000000000005,27.125595238095247,37.01190476190477,70.44821428571433,1015.6476190476195,1.1517857142857149,4.8,25.7,28.1,1,0.01786,21,0.0,1,77.0,18.666666666666668,16.6,4.03732584763727,0.2,1.0,0.8,2.8,0.0,131,18.166666666666668,14.9,3.0,0.7,17,0.0,3,22.0570000000007,,1
2026,5,Montréal,18,Lance Stroll,Aston Martin,21,22,0.952380952380952380952381,0,19,2,8,76.195,91.918,92.151125,13.723001883568646,3.6169999999999902,245.0,280.0,274.0,314.0,2,1,20.333333333333332,19.0,2.8000000000000056,12.848750000000004,17.82749999999999,71.69499999999992,1024.2043749999991,3.0156249999999987,6.2,12.1,13.7,0,0.00000,17,0.0,1,77.0,18.666666666666668,16.6,4.03732584763727,0.2,1.0,0.8,2.8,0.0,132,17.666666666666668,15.7,1.8,0.8,15,0.0,7,24.125,,-5
2026,6,Monte Carlo,18,Lance Stroll,Aston Martin,22,22,1.000000000000000000000000,0,21,1,9,76.061,89.691,88.06355555555557,10.491958791273333,4.010000000000005,212.0,193.0,259.0,276.0,2,1,20.333333333333332,19.4,3.1892000000000054,23.677403846153872,37.976923076923086,62.198557692307695,1021.4403846153845,0.8418269230769228,3.5,22.6,24.5,0,0.00000,15,0.0,1,77.0,17.666666666666668,17.6,2.1908902300206647,0.0,0.0,1.0,3.2,0.0,133,17.666666666666668,17.6,0.0,1.0,18,0.0,3,24.858999999999924,,-5
2026,7,Barcelona,18,Lance Stroll,Aston Martin,21,22,0.952380952380952380952381,0,22,-1,5,78.758,96.13499999999999,90.83259999999999,10.575588390250447,4.0789999999999935,277.0,290.0,264.0,325.0,3,1,20.333333333333332,20.8,3.8132000000000033,30.529333333333362,50.28666666666666,28.866000000000017,1000.5366666666639,2.5713333333333326,5.2,29.8,31.1,0,0.00000,18,0.0,1,77.0,16.666666666666668,17.8,2.1679483388678804,0.0,0.0,1.0,3.0,0.0,134,15.833333333333334,16.9,0.2,0.9,22,0.0,0,,,2
2020,1,Spielberg,4,Lando Norris,McLaren,4,20,0.157894736842105263157895,1,8,-4,10,63.626,74.706,76.68239999999999,13.047172364581957,0.6869999999999976,322.0,252.0,290.0,320.0,6,1,8.666666666666666,8.4,1.4264000000000039,28.68416666666667,52.02499999999999,33.8325,938.7708333333335,1.8874999999999997,3.6,26.9,30.0,0,0.00000,,,,79.0,,,,,,,,,0,,,,,3,16.0,14,18.16899999999987,1,39
2020,2,Spielberg,4,Lando Norris,McLaren,6,20,0.263157894736842105263158,1,3,3,29,78.44800000000001,83.023,83.89341379310346,4.300938631086751,0.6230000000000047,291.0,218.0,265.0,292.0,3,1,7.333333333333333,7.6,1.2838000000000023,20.822499999999994,39.92,34.005,945.9099999999996,2.228333333333333,4.5,19.4,22.1,1,0.01667,3,16.0,0,79.0,3.0,3.0,,16.0,16.0,0.0,0.0,16.0,1,4.0,4.0,26.0,0.0,5,10.0,12,22.471999999999753,,25
2020,3,Budapest,4,Lando Norris,McLaren,8,20,0.368421052631578947368421,1,9,-1,13,74.966,85.586,87.07761538461537,12.060355961706808,1.5189999999999912,283.0,258.0,263.0,306.0,5,1,5.666666666666667,7.2,1.0956000000000017,20.74179104477611,27.12985074626864,77.19253731343284,986.3149253731342,1.5597014925373138,2.8,19.9,21.8,1,0.01493,5,10.0,0,79.0,4.0,4.0,1.4142135623730951,13.0,26.0,0.0,2.0,26.0,2,5.5,5.5,19.5,0.0,13,0.0,10,22.795000000000073,,23
2020,4,Silverstone,4,Lando Norris,McLaren,5,20,0.210526315789473684210526,1,7,-2,13,85.782,99.154,100.71238461538461,14.911312414508552,1.4789999999999992,313.0,269.0,258.0,315.0,6,1,6.0,7.2,1.1702,21.291406249999998,40.63281250000001,44.16796875,998.40859375,3.114062500000001,4.7,20.8,22.1,0,0.00000,13,0.0,0,79.0,7.0,7.0,5.291502622129181,8.666666666666666,26.0,0.0,-0.3333333333333333,26.0,3,7.333333333333333,7.333333333333333,13.666666666666666,0.0,5,10.0,4,30.360999999999876,,20
2020,5,Silverstone,4,Lando Norris,McLaren,10,20,0.473684210526315789473684,1,13,-3,11,86.77799999999999,88.003,98.3651818181818,12.985447091403373,1.6239999999999952,315.0,275.0,251.0,328.0,6,2,6.333333333333333,6.0,1.1930000000000007,25.28706896551725,43.22758620689654,58.55603448275865,1000.9508620689652,2.236206896551725,4.3,23.5,26.8,0,0.00000,5,10.0,0,79.0,7.666666666666667,6.5,4.43471156521669,9.0,36.0,0.0,-0.25,36.0,4,9.0,7.75,12.75,0.0,9,2.0,8,27.93399999999974,,9
2020,6,Barcelona,4,Lando Norris,McLaren,8,20,0.368421052631578947368421,1,7,1,11,77.084,77.888,87.7128181818182,12.021333460296171,1.5,291.0,303.0,287.0,323.0,6,1,7.666666666666667,6.6,1.1863999999999977,29.796899224806182,47.55581395348835,56.38449612403102,997.7038759689932,1.5449612403100779,2.9,28.6,30.7,0,0.00000,9,2.0,0,79.0,9.0,7.0,4.0,7.6,38.0,0.0,0.0,38.0,5,10.333333333333334,8.4,10.6,0.0,10,1.0,9,21.367999999999938,,17
2020,7,Spa-Francorchamps,4,Lando Norris,McLaren,10,20,0.473684210526315789473684,1,7,3,9,102.657,103.51400000000001,114.61044444444444,16.269567972991098,1.404999999999987,325.0,218.0,229.0,310.0,6,1,7.666666666666667,7.4,1.348999999999998,18.568595041322304,29.82396694214875,54.85289256198344,962.4297520661155,1.4652892561983484,3.3,17.4,20.1,0,0.00000,10,1.0,0,79.0,8.0,8.4,3.435112807463534,4.6,23.0,0.0,-0.4,39.0,6,9.333333333333334,9.2,7.2,0.0,7,6.0,4,23.02099999999973,,5
2020,8,Monza,4,Lando Norris,McLaren,6,20,0.263157894736842105263158,1,3,3,11,79.82,80.499,91.88727272727273,13.839995130713806,0.9329999999999927,326.0,335.0,319.0,339.0,5,1,9.333333333333334,8.2,1.5053999999999945,28.090909090909104,41.20139860139859,40.12447552447552,990.7804195804187,1.5209790209790213,3.1,27.3,28.9,0,0.00000,7,6.0,0,79.0,8.666666666666666,8.8,3.03315017762062,3.8,19.0,0.0,-0.6,45.0,7,10.833333333333334,10.5,5.8,0.1,4,12.0,4,24.622999999999593,,17
2020,9,Mugello,4,Lando Norris,McLaren,11,20,0.526315789473684210526316,0,9,2,8,76.64,77.35,99.810125,26.977822417880848,1.4959999999999951,278.0,259.0,307.0,314.0,4,1,8.0,7.8,1.3881999999999948,30.169886363636337,43.10227272727272,39.94431818181818,993.6153409090938,2.36477272727273,4.4,29.6,30.7,0,0.00000,4,12.0,0,79.0,7.0,7.0,2.5495097567963922,6.2,31.0,0.0,0.8,57.0,8,8.166666666666666,8.9,11.4,0.1,6,8.0,6,17.866999999999734,,4
2020,10,Sochi,4,Lando Norris,McLaren,8,20,0.368421052631578947368421,1,6,2,10,92.84700000000001,94.488,105.6827,13.653007947375958,1.5430000000000064,273.0,319.0,171.0,330.0,6,1,9.0,9.0,1.391599999999994,28.80606060606062,40.342424242424265,51.36287878787878,1012.878787878789,1.428787878787879,3.2,27.6,30.5,0,0.00000,6,8.0,0,79.0,5.666666666666667,7.2,2.387467277262664,5.8,29.0,0.0,1.8,65.0,9,9.5,9.5,11.0,0.2,15,0.0,11,31.3179999999993,,28
2020,11,Nürburgring,4,Lando Norris,McLaren,8,20,0.368421052631578947368421,1,10,-2,12,86.316,87.462,99.015,12.944639985864276,1.046999999999997,269.0,242.0,257.0,317.0,6,1,8.333333333333334,8.6,1.3753999999999962,9.499999999999998,16.36020408163265,59.40408163265304,947.35918367347,1.6173469387755104,3.1,8.9,9.9,1,0.02041,15,0.0,0,79.0,8.333333333333334,8.4,4.277849927241487,5.4,27.0,0.0,0.2,65.0,10,10.666666666666666,10.7,10.6,0.3,16,0.0,4,21.998000000000047,,23
2020,12,Portimão,4,Lando Norris,McLaren,8,20,0.368421052631578947368421,1,7,1,19,77.321,83.459,85.38926315789473,7.888509758165887,0.8549999999999898,281.0,201.0,316.0,327.0,5,1,9.0,8.6,1.2847999999999957,20.505468749999977,25.71562499999998,67.52812500000002,1007.3406250000008,4.0406249999999995,7.0,20.0,21.0,0,0.00000,16,0.0,1,79.0,12.333333333333334,9.6,5.504543577809153,5.2,26.0,0.2,-1.0,65.0,11,13.166666666666666,11.2,10.8,0.4,13,0.0,10,27.75,,23
2020,13,Imola,4,Lando Norris,McLaren,9,20,0.421052631578947368421053,1,10,-1,11,74.814,75.793,86.83918181818181,13.569991303005184,1.2049999999999983,235.0,262.0,282.0,293.0,5,1,8.0,8.2,1.1747999999999963,18.030400000000004,23.26079999999999,71.13680000000001,1017.8919999999997,1.3415999999999992,3.1,16.9,18.5,0,0.00000,13,0.0,0,79.0,14.666666666666666,10.8,5.449770637375485,4.0,20.0,0.2,-2.6,65.0,12,12.333333333333334,10.4,11.2,0.3,8,4.0,8,29.68100000000004,,12
2020,14,Istanbul,4,Lando Norris,McLaren,11,20,0.526315789473684210526316,0,13,-2,13,114.945,125.739,126.15607692307692,9.17438225405884,7.179999999999993,247.0,269.0,212.0,244.0,4,2,8.333333333333334,8.8,1.2291999999999974,13.095683453237404,15.20575539568346,80.16115107913672,1008.4964028776968,1.066187050359712,2.7,12.1,13.8,1,0.04317,8,4.0,0,79.0,12.333333333333334,11.6,4.39317652729776,2.4,12.0,0.2,-2.8,69.0,13,9.166666666666666,11.3,7.2,0.3,8,5.0,10,22.679999999999836,1,13
2020,15,Sakhir,4,Lando Norris,McLaren,9,20,0.421052631578947368421053,1,15,-6,9,88.542,103.082,100.9628888888889,12.081168263504615,1.2780000000000058,246.0,271.0,291.0,323.0,6,2,9.333333333333334,8.8,2.365999999999997,25.09907407407409,27.54814814814815,67.8472222222222,1015.8972222222209,0.8430555555555546,1.8,24.4,26.6,0,0.00000,8,5.0,0,79.0,9.666666666666666,12.0,3.807886552931954,1.8,9.0,0.2,-2.6,74.0,14,7.833333333333333,10.2,8.6,0.2,4,12.0,13,24.68000000000029,,17
2020,16,Sakhir,4,Lando Norris,McLaren,15,20,0.736842105263157894736842,0,8,7,11,54.194,67.804,65.21027272727272,9.433448278237488,0.8170000000000002,289.0,271.0,300.0,329.0,4,1,9.666666666666666,9.0,2.3129999999999966,20.947244094488184,23.46929133858268,58.16929133858269,1015.9417322834645,1.9480314960629923,3.4,20.4,22.0,0,0.00000,4,12.0,0,79.0,6.666666666666667,9.8,4.711687595755899,4.2,21.0,0.2,-0.2,86.0,15,6.166666666666667,7.7,13.0,0.1,10,1.0,11,24.23999999999978,,2
2020,17,Yas Island,4,Lando Norris,McLaren,4,20,0.157894736842105263157895,1,6,-2,11,95.497,117.589,112.12018181818183,15.983976206302248,0.25099999999999056,288.0,320.0,227.0,323.0,6,1,11.666666666666666,10.4,2.2669999999999972,23.121481481481517,27.980000000000008,55.44666666666665,1015.8474074074076,2.5044444444444425,4.0,22.1,23.7,0,0.00000,10,1.0,0,79.0,7.333333333333333,8.6,3.286335345030997,4.4,22.0,0.0,3.2,87.0,16,6.0,7.0,13.6,0.0,5,10.0,1,21.86200000000008,,20
2021,1,Sakhir,4,Lando Norris,McLaren,7,20,0.315789473684210526315789,1,6,1,11,89.974,91.754,103.04809090909093,14.21425352563085,0.9770000000000039,246.0,271.0,292.0,314.0,6,2,9.333333333333334,9.6,2.1461999999999977,20.538345864661654,27.627819548872182,54.51729323308271,1014.9105263157908,0.8872180451127818,1.4,20.4,20.9,0,0.00000,5,10.0,0,89.0,6.333333333333333,7.0,2.449489742783178,6.4,32.0,0.0,4.0,,17,5.666666666666667,6.2,15.6,0.0,4,12.0,8,24.847999999999956,,18
2021,2,Imola,4,Lando Norris,McLaren,7,20,0.315789473684210526315789,1,6,1,8,74.45400000000001,75.009,85.18675000000002,11.830293327482865,0.043000000000006366,235.0,264.0,290.0,293.0,4,1,8.666666666666666,9.2,2.1005999999999987,10.621118012422354,16.827329192546586,69.48881987577641,1011.2527950310558,0.4788819875776397,1.1,9.2,12.3,1,0.40994,4,12.0,0,89.0,6.333333333333333,6.2,2.6832815729997477,8.0,40.0,0.0,4.4,12.0,18,6.0,5.8,17.2,0.0,3,15.0,7,30.613999999999578,,18
2021,3,Portimão,4,Lando Norris,McLaren,7,20,0.315789473684210526315789,1,16,-9,17,78.481,88.613,88.778,8.146125766276876,0.512999999999991,290.0,199.0,295.0,313.0,6,2,6.0,8.4,0.6732000000000014,19.39253731343283,38.9507462686567,39.40373134328356,1004.8134328358209,0.8373134328358207,1.4,18.1,20.0,0,0.00000,3,15.0,0,89.0,4.0,5.2,2.7748873851023217,10.0,50.0,0.0,4.0,27.0,19,5.166666666666667,5.4,18.8,0.0,5,10.0,6,22.251000000000204,,16
2021,4,Barcelona,4,Lando Norris,McLaren,9,20,0.421052631578947368421053,1,7,2,10,77.696,78.806,91.04979999999999,13.976775274242147,0.9549999999999983,289.0,304.0,299.0,316.0,6,1,7.0,8.0,0.5201999999999984,22.203076923076917,32.92230769230769,57.55307692307693,993.5746153846156,0.4576923076923076,0.9,21.3,23.5,0,0.00000,5,10.0,0,89.0,4.0,5.4,2.701851217221259,9.6,48.0,0.0,3.4,37.0,20,5.666666666666667,5.9,16.8,0.0,8,4.0,8,21.82900000000018,,12
2021,5,Monte Carlo,4,Lando Norris,McLaren,5,19,0.222222222222222222222222,1,12,-7,19,70.62,76.148,81.7877894736842,11.501124493712906,0.2740000000000009,224.0,210.0,275.0,284.0,4,1,7.666666666666667,6.8,0.5477999999999981,20.760740740740758,37.59555555555557,61.42444444444447,1015.5711111111107,0.31629629629629613,0.6,20.3,21.5,0,0.00000,8,4.0,0,89.0,5.333333333333333,5.0,1.8708286933869707,10.2,51.0,0.0,1.8,41.0,21,6.166666666666667,5.9,16.6,0.0,3,15.0,2,22.863999999999578,,19
2021,6,Baku,4,Lando Norris,McLaren,6,20,0.263157894736842105263158,1,13,-7,9,101.747,117.533,115.69377777777777,13.79423514350993,0.5289999999999964,239.0,238.0,324.0,308.0,3,1,7.0,7.0,0.5524000000000001,24.170930232558128,38.31453488372088,55.805232558139544,1014.7308139534875,0.2837209302325581,0.8,22.9,25.5,0,0.00000,3,15.0,0,89.0,5.333333333333333,4.6,2.073644135332772,11.2,56.0,0.0,2.4,56.0,22,7.166666666666667,6.3,16.0,0.0,5,10.0,9,15.831999999999425,,22
2021,7,Le Castellet,4,Lando Norris,McLaren,8,20,0.368421052631578947368421,1,10,-2,7,91.252,91.542,99.73085714285715,21.64345246203088,1.2620000000000005,119.0,282.0,303.0,324.0,4,2,6.666666666666667,6.8,0.4627999999999986,25.314399999999992,35.22879999999999,58.63039999999999,960.6376,1.1655999999999997,1.8,23.8,27.4,0,0.00000,5,10.0,0,89.0,5.333333333333333,4.8,2.04939015319192,10.8,54.0,0.0,2.6,66.0,23,7.166666666666667,6.6,14.8,0.0,5,10.0,11,30.618999999999687,,18
2021,8,Spielberg,4,Lando Norris,McLaren,4,20,0.157894736842105263157895,1,13,-9,11,64.12,65.881,77.4728181818182,15.645157843998772,0.27900000000000347,320.0,249.0,290.0,317.0,5,1,6.333333333333333,7.0,0.7065999999999975,26.692372881355922,52.352542372881345,33.24661016949152,938.4771186440671,0.3677966101694914,1.2,26.0,27.3,0,0.00000,5,10.0,0,89.0,4.333333333333333,5.2,1.7888543819998317,9.8,49.0,0.0,2.4,76.0,24,6.666666666666667,6.8,13.8,0.0,5,10.0,3,21.931000000000495,,22
2021,9,Spielberg,4,Lando Norris,McLaren,2,20,0.052631578947368421052632,1,13,-11,13,63.768,84.07300000000001,83.78669230769229,21.347667813232025,0.04800000000000182,319.0,251.0,291.0,318.0,5,2,6.0,6.4,0.6597999999999999,20.966025641025656,33.18397435897434,49.730769230769255,934.7211538461531,0.348076923076923,0.9,19.0,22.6,1,0.03846,5,10.0,0,89.0,5.0,5.2,1.7888543819998317,9.8,49.0,0.0,1.6,86.0,25,7.166666666666667,7.2,13.4,0.0,3,15.0,1,26.447000000000116,,27
2021,10,Silverstone,4,Lando Norris,McLaren,6,20,0.263157894736842105263158,1,7,-1,13,86.89699999999999,88.277,100.14915384615384,15.830113554268193,0.8739999999999952,316.0,274.0,253.0,322.0,6,1,4.666666666666667,5.0,0.4784000000000006,29.4,50.931521739130446,37.20217391304347,1007.2461956521738,0.317934782608696,0.8,28.4,30.1,0,0.00000,3,15.0,0,89.0,4.333333333333333,4.2,1.0954451150103324,12.0,60.0,0.0,1.2,101.0,26,6.5,6.8,15.2,0.0,4,12.0,4,31.788000000000466,,17
2021,11,Budapest,4,Lando Norris,McLaren,6,20,0.263157894736842105263158,1,11,-5,10,76.385,77.44200000000001,89.7325,16.05061369716297,0.9660000000000082,282.0,255.0,261.0,304.0,5,1,4.0,5.2,0.5983999999999995,27.22670157068063,37.82251308900524,68.61570680628276,977.6308900523562,0.5675392670157061,1.2,25.7,29.1,1,0.30366,4,12.0,0,89.0,4.0,4.4,0.8944271909999159,11.4,57.0,0.0,1.0,113.0,27,6.166666666666667,6.2,16.6,0.0,15,0.0,0,36.58699999999999,,23
2021,12,Spa-Francorchamps,4,Lando Norris,McLaren,10,20,0.473684210526315789473684,1,4,6,14,116.025,135.081,132.56907142857142,13.320549858506856,0.0,308.0,183.0,220.0,307.0,4,2,4.666666666666667,5.2,0.6858000000000019,13.012413793103491,15.258620689655164,96.4358620689655,970.2217241379296,0.5113793103448276,1.0,12.4,13.4,1,0.84138,15,0.0,1,89.0,7.333333333333333,6.4,4.878524367060187,9.4,47.0,0.2,-1.6,113.0,28,7.5,7.4,14.2,0.1,14,0.0,0,15416.766,,9
2021,13,Zandvoort,4,Lando Norris,McLaren,13,20,0.631578947368421052631579,0,10,3,8,70.406,70.789,84.757375,16.231613562406107,1.5210000000000008,279.0,288.0,304.0,310.0,3,1,7.333333333333333,5.6,0.43340000000000173,21.50443037974685,36.10569620253166,54.10822784810126,1021.5056962025316,0.442405063291139,0.9,20.4,22.4,0,0.00000,14,0.0,0,89.0,11.0,8.2,5.805170109479997,7.4,37.0,0.2,-2.0,113.0,29,8.833333333333334,8.1,11.8,0.1,10,1.0,7,20.432999999999993,,2
2021,14,Monza,4,Lando Norris,McLaren,4,20,0.157894736842105263157895,1,5,-1,14,79.989,81.681,97.11164285714285,18.69688727942596,0.4339999999999975,324.0,337.0,318.0,341.0,6,1,9.666666666666666,7.4,0.6818000000000012,28.885234899328868,43.52751677852349,33.2758389261745,994.4879194630865,0.3429530201342281,0.7,27.8,29.6,0,0.00000,10,1.0,0,89.0,13.0,9.2,5.540758070878027,5.6,28.0,0.2,-1.0,114.0,30,10.833333333333334,8.4,10.0,0.1,2,18.0,4,24.123000000000502,,25
2021,15,Sochi,4,Lando Norris,McLaren,1,20,0E-24,1,5,-4,16,101.993,112.804,117.384375,12.854130043816012,0.0,261.0,296.0,144.0,296.0,5,2,9.0,7.8,0.7590000000000003,19.13860759493674,21.75696202531647,61.94746835443034,1023.1310126582275,0.29050632911392416,0.9,17.4,19.5,1,0.10127,2,18.0,0,89.0,8.666666666666666,9.0,5.830951894845301,6.2,31.0,0.2,-0.6,132.0,31,7.0,7.7,14.6,0.1,7,7.0,5,29.80499999999938,1,38
2021,16,Istanbul,4,Lando Norris,McLaren,8,20,0.368421052631578947368421,1,16,-8,18,83.95400000000001,89.439,95.18355555555557,11.785871982126947,1.0860000000000127,279.0,294.0,255.0,319.0,6,2,6.0,6.8,0.5842000000000013,15.825477707006387,18.180891719745237,93.52484076433116,1006.4101910828001,0.4866242038216559,0.8,15.5,16.1,0,0.00000,7,7.0,0,89.0,6.333333333333333,9.6,5.319774431308154,5.2,26.0,0.2,-2.0,139.0,32,5.833333333333333,7.9,14.0,0.1,7,6.0,2,23.206999999999425,,9
2021,17,Austin,4,Lando Norris,McLaren,8,20,0.368421052631578947368421,1,7,1,9,93.88,112.866,109.42066666666666,15.022223096133276,0.9699999999999989,236.0,196.0,215.0,322.0,5,2,4.333333333333333,7.2,0.6082000000000022,28.148447204968935,37.470807453416164,61.19254658385094,992.1298136645961,0.8540372670807448,1.5,26.4,29.5,0,0.00000,7,6.0,0,89.0,5.333333333333333,8.0,4.415880433163923,6.4,32.0,0.0,-0.2,145.0,33,5.666666666666667,7.3,15.2,0.0,8,4.0,4,24.402000000000044,,11
2021,18,Mexico City,4,Lando Norris,McLaren,10,20,0.473684210526315789473684,1,7,3,12,77.473,93.657,92.32324999999999,12.34775423176951,1.597999999999999,318.0,299.0,257.0,345.0,5,2,5.666666666666667,6.8,0.802200000000002,21.20670731707316,47.57926829268294,31.2109756097561,784.2134146341465,0.3664634146341462,0.8,19.2,23.2,0,0.00000,8,4.0,0,89.0,7.333333333333333,6.8,2.949576240750525,7.2,36.0,0.0,-0.6,149.0,34,7.333333333333333,6.8,16.8,0.0,10,1.0,8,22.51299999999992,,10
2021,19,São Paulo,4,Lando Norris,McLaren,8,20,0.368421052631578947368421,1,9,-1,15,68.98,69.872,83.18626666666665,18.750097791998947,1.0460000000000065,322.0,266.0,325.0,322.0,6,1,8.666666666666666,6.2,0.8176000000000017,23.137341772151892,51.56139240506331,60.10126582278483,926.9303797468358,0.39177215189873377,0.8,22.5,24.0,0,0.00000,10,1.0,0,89.0,8.333333333333334,6.8,2.949576240750525,7.2,36.0,0.0,0.4,150.0,35,9.166666666666666,6.9,16.8,0.0,10,1.0,16,17.65099999999984,,24
2021,20,Lusail,4,Lando Norris,McLaren,6,20,0.263157894736842105263158,1,14,-8,13,81.731,82.975,102.09723076923078,22.67855106024871,0.9039999999999964,252.0,282.0,319.0,326.0,5,2,8.666666666666666,7.0,0.9400000000000034,26.41513157894735,30.603289473684203,75.54013157894735,1012.3072368421057,0.4230263157894732,0.8,26.0,27.4,1,0.01974,10,1.0,0,89.0,9.333333333333334,8.4,1.5165750888103102,3.8,19.0,0.0,-0.8,151.0,36,10.666666666666666,9.5,8.2,0.1,9,2.0,9,25.27899999999954,,22
2021,21,Jeddah,4,Lando Norris,McLaren,7,20,0.315789473684210526315789,1,11,-4,15,88.18,101.10300000000001,108.02040000000002,19.933512774793538,0.6690000000000111,294.0,315.0,311.0,323.0,5,2,8.0,8.0,1.1208000000000027,28.816062176165733,31.684974093264252,76.20310880829015,1013.7974093264247,0.2715025906735748,0.6,28.5,29.2,0,0.00000,9,2.0,0,89.0,9.666666666666666,8.8,1.3038404810405295,2.8,14.0,0.0,-0.6,153.0,37,12.0,10.5,4.8,0.1,10,1.0,5,20.962999999999738,,16
2021,22,Yas Island,4,Lando Norris,McLaren,3,20,0.105263157894736842105263,1,10,-7,12,82.931,83.856,97.19583333333333,18.879504514074775,0.8219999999999885,288.0,319.0,230.0,322.0,5,2,7.0,7.8,1.0374000000000023,24.51910828025481,28.46560509554141,59.05477707006371,1017.7108280254776,0.41464968152866166,0.7,23.5,25.7,0,0.00000,10,1.0,0,89.0,9.666666666666666,9.4,0.8944271909999159,1.8,9.0,0.0,-1.2,154.0,38,10.833333333333334,10.0,5.8,0.1,7,6.0,9,21.364000000000487,,31
2022,1,Sakhir,4,Lando Norris,McLaren,13,20,0.631578947368421052631579,0,18,-5,10,92.00800000000001,93.35900000000001,105.095,16.723008109255407,1.450000000000017,238.0,267.0,287.0,315.0,4,1,5.333333333333333,6.8,1.0078000000000003,23.617791411042962,28.610429447852766,29.49079754601227,1010.3858895705521,0.3049079754601232,0.8,22.3,25.7,0,0.00000,7,6.0,0,90.0,8.666666666666666,9.2,1.3038404810405297,2.2,11.0,0.0,-1.8,,39,9.166666666666666,10.6,4.2,0.1,15,0.0,11,24.574000000000524,,15
2022,2,Jeddah,4,Lando Norris,McLaren,11,20,0.526315789473684210526316,0,12,-1,9,89.651,90.568,104.91822222222221,20.057977943811895,15.980999999999995,283.0,318.0,296.0,323.0,4,1,7.666666666666667,7.4,0.978200000000004,25.42039473684213,28.4092105263158,59.66447368421053,1012.7776315789473,2.3592105263157874,4.0,25.3,25.6,0,0.00000,15,0.0,0,90.0,10.666666666666666,10.2,2.949576240750525,2.0,10.0,0.0,-3.8,0.0,40,10.5,11.3,4.0,0.1,7,6.0,7,20.38299999999981,,5
2022,3,Melbourne,4,Lando Norris,McLaren,4,20,0.157894736842105263157895,1,7,-3,15,78.703,97.247,97.61166666666666,19.11434962709081,0.835000000000008,279.0,297.0,300.0,319.0,5,1,9.0,8.0,3.9652000000000016,26.697435897435888,37.40833333333329,43.65384615384615,1014.2461538461532,1.8128205128205122,4.4,25.8,27.4,0,0.00000,7,6.0,0,90.0,9.666666666666666,9.6,3.286335345030997,3.0,15.0,0.0,-2.0,6.0,41,12.0,10.8,5.0,0.1,5,10.0,4,17.565999999999804,,23
2022,4,Imola,4,Lando Norris,McLaren,3,20,0.105263157894736842105263,1,6,-3,11,79.294,89.968,95.99463636363636,16.274751981352754,0.6159999999999997,224.0,257.0,271.0,290.0,5,2,9.333333333333334,7.6,3.951400000000004,12.899367088607601,17.418987341772137,83.17088607594937,1001.0386075949358,1.4822784810126568,2.5,11.1,14.2,0,0.00000,5,10.0,0,90.0,9.0,8.8,3.8987177379235853,4.6,23.0,0.0,-1.2,16.0,42,10.666666666666666,9.8,8.2,0.1,3,15.0,3,30.056000000000495,,26
2022,5,Miami,4,Lando Norris,McLaren,8,20,0.368421052631578947368421,1,14,-6,14,89.634,91.48400000000001,103.7517857142857,15.144722656264287,0.8380000000000081,223.0,191.0,284.0,323.0,6,1,6.0,6.8,3.9408000000000016,30.61728395061729,42.81975308641976,58.858024691358025,1009.3049382716049,2.26728395061728,5.0,29.4,32.3,1,0.05556,3,15.0,0,90.0,5.0,7.4,4.560701700396552,7.4,37.0,0.0,-0.2,31.0,43,9.333333333333334,10.4,9.0,0.1,19,0.0,4,19.927999999999884,,29
2022,6,Barcelona,4,Lando Norris,McLaren,11,20,0.526315789473684210526316,0,9,2,8,79.977,82.886,92.71774999999998,12.675363942365859,1.2270000000000039,284.0,299.0,282.0,320.0,4,1,5.0,7.8,3.9440000000000053,36.56585365853659,48.95731707317072,7.109756097560975,996.0158536585362,3.4884146341463396,5.5,35.9,37.2,0,0.00000,19,0.0,1,90.0,9.0,9.8,6.870225614927067,6.2,31.0,0.2,-1.6,31.0,44,10.666666666666666,11.7,7.8,0.2,8,4.0,10,21.929000000000087,,8
2022,7,Monaco,4,Lando Norris,McLaren,5,20,0.210526315789473684210526,1,14,-9,20,71.849,87.563,88.30265,15.388969765712064,0.472999999999999,218.0,205.0,270.0,283.0,7,1,7.333333333333333,7.4,3.8994000000000026,22.274693877550995,31.038367346938788,75.66530612244898,1002.9922448979627,0.9902040816326523,3.2,20.9,24.3,1,0.43673,8,4.0,0,90.0,10.0,8.4,6.2289646009589745,7.0,35.0,0.2,-0.6,35.0,45,12.166666666666666,10.8,8.6,0.2,6,9.0,2,24.54700000000048,1,23
2022,8,Baku,4,Lando Norris,McLaren,11,20,0.526315789473684210526316,0,12,-1,9,103.398,114.032,116.02355555555556,12.506396944275272,2.0389999999999873,225.0,240.0,326.0,310.0,4,1,8.0,6.2,0.7978000000000037,25.435403726708074,47.149689440993804,59.49068322981366,1009.9012422360254,1.5291925465838494,2.9,24.9,26.1,0,0.00000,6,9.0,0,90.0,11.0,8.2,6.300793600809346,7.6,38.0,0.2,-1.6,44.0,46,11.833333333333334,10.3,9.2,0.1,9,2.0,10,21.427999999999884,,8
2022,9,Montréal,4,Lando Norris,McLaren,14,20,0.684210526315789473684211,0,9,5,11,94.066,98.405,100.50972727272728,8.557312967175026,12.766999999999996,210.0,265.0,269.0,295.0,2,2,9.0,7.6,1.0385999999999995,20.762962962962966,41.261111111111084,28.925925925925927,1012.4012345679009,3.5524691358024683,5.6,18.8,22.3,0,0.00000,9,2.0,0,90.0,7.666666666666667,9.0,6.041522986797286,6.0,30.0,0.2,-1.0,46.0,47,9.333333333333334,10.9,6.8,0.1,15,0.0,7,24.03899999999976,,9
2022,10,Silverstone,4,Lando Norris,McLaren,6,20,0.263157894736842105263158,1,14,-8,23,101.515,107.11500000000001,108.63599999999998,8.909019954262899,2.38600000000001,291.0,240.0,229.0,291.0,3,1,10.0,9.8,3.468799999999999,18.253201970443335,30.026108374384233,59.748768472906406,1002.3581280788169,1.4561576354679806,3.9,17.5,19.2,1,0.04433,15,0.0,0,90.0,10.0,11.4,5.412947441089743,3.0,15.0,0.2,-1.6,46.0,48,10.333333333333334,11.4,3.8,0.1,6,8.0,4,28.656999999999243,,17
2022,11,Spielberg,4,Lando Norris,McLaren,15,20,0.736842105263157894736842,0,16,-1,15,66.33,90.02199999999999,88.33173333333333,16.460740972154955,1.3460000000000036,312.0,245.0,284.0,316.0,4,1,10.333333333333334,9.4,3.778399999999999,20.255921052631592,30.74671052631582,35.13815789473684,939.7124999999984,1.2552631578947366,3.9,19.7,21.1,0,0.00000,6,8.0,0,90.0,10.0,8.8,3.701351104664349,4.6,23.0,0.0,0.6,54.0,49,10.333333333333334,10.1,5.4,0.0,7,6.0,14,22.70799999999963,,4
2022,12,Le Castellet,4,Lando Norris,McLaren,5,20,0.210526315789473684210526,1,11,-6,9,92.032,138.724,119.46766666666664,25.65692263795485,1.1599999999999966,119.0,280.0,301.0,330.0,5,1,11.666666666666666,10.2,3.802199999999999,30.164843750000003,54.46171874999998,47.734375,967.9078124999985,1.9460937500000002,4.0,29.1,30.8,0,0.00000,7,6.0,0,90.0,9.333333333333334,8.6,3.7815340802378077,5.0,25.0,0.0,0.6,60.0,50,10.166666666666666,9.7,6.2,0.0,7,6.0,2,37.501000000000204,,18
2022,13,Budapest,4,Lando Norris,McLaren,4,20,0.157894736842105263157895,1,9,-5,12,77.769,79.53399999999999,91.51158333333332,16.399954725316295,0.3920000000000101,280.0,249.0,255.0,303.0,6,1,8.666666666666666,10.2,3.9395999999999987,18.55988023952095,26.72095808383233,69.31736526946108,985.5814371257485,4.034131736526945,5.8,17.8,19.4,1,0.27545,7,6.0,0,90.0,6.666666666666667,8.8,3.63318042491699,4.4,22.0,0.0,0.4,66.0,51,8.5,9.4,6.0,0.0,7,6.0,6,21.868000000000393,,25
2022,14,Spa-Francorchamps,4,Lando Norris,McLaren,10,20,0.473684210526315789473684,1,11,-1,8,105.60300000000001,106.22999999999999,122.08924999999999,17.59056035613582,1.9380000000000166,333.0,204.0,222.0,311.0,5,1,8.0,8.8,3.6102000000000034,21.78717948717949,36.083974358974366,40.51923076923077,971.0519230769214,1.5192307692307678,3.5,20.7,22.5,0,0.00000,7,6.0,0,90.0,7.0,8.4,3.714835124201342,5.2,26.0,0.0,-0.6,72.0,52,9.0,9.9,6.0,0.0,12,0.0,12,23.006000000000313,,17
2022,15,Zandvoort,4,Lando Norris,McLaren,7,20,0.315789473684210526315789,1,17,-10,11,71.116,72.15,82.46745454545454,12.507139148211602,0.7740000000000009,282.0,285.0,314.0,322.0,6,1,6.333333333333333,8.0,1.4444000000000075,22.730061349693237,33.44601226993866,75.38036809815951,1017.1098159509202,1.0619631901840485,2.0,22.3,23.3,0,0.00000,12,0.0,0,90.0,8.666666666666666,7.8,2.3874672772626644,5.2,26.0,0.0,0.6,72.0,53,10.833333333333334,10.0,6.0,0.0,7,6.0,5,19.274999999999636,,15
2022,16,Monza,4,Lando Norris,McLaren,7,20,0.315789473684210526315789,1,8,-1,12,81.584,82.277,93.43183333333333,12.699647846465759,1.4230000000000018,319.0,334.0,310.0,341.0,6,1,7.0,8.2,1.1220000000000057,27.734693877551035,43.138775510204084,33.14965986394558,993.340136054421,1.3612244897959178,2.7,26.4,28.5,0,0.00000,7,6.0,0,90.0,8.666666666666666,8.0,2.23606797749979,4.8,24.0,0.0,0.6,78.0,54,12.166666666666666,10.5,5.6,0.0,7,6.0,5,24.809000000000196,,15
2022,17,Marina Bay,4,Lando Norris,McLaren,6,20,0.263157894736842105263158,1,17,-11,18,110.584,118.539,124.05544444444442,11.205826017390512,1.171999999999997,289.0,265.0,251.0,283.0,4,2,8.0,6.6,1.1374000000000053,26.232549019607895,28.973333333333354,87.44705882352942,1008.1439215686289,0.929803921568626,2.7,24.3,27.7,1,0.18039,7,6.0,0,90.0,8.666666666666666,8.0,2.2360679774997894,4.8,24.0,0.0,-0.8,84.0,55,12.5,11.3,5.2,0.1,4,12.0,2,30.514999999999418,,15
2022,18,Suzuka,4,Lando Norris,McLaren,10,20,0.473684210526315789473684,1,11,-1,12,90.473,98.929,106.36466666666666,15.750008250118093,1.168999999999997,279.0,299.0,264.0,298.0,6,1,6.666666666666667,6.8,1.1398000000000053,16.717647058823538,19.930588235294138,86.21176470588236,1015.7062745098052,2.040784313725487,4.0,15.8,19.0,1,0.98039,4,12.0,0,90.0,6.0,7.4,2.8809720581775866,6.0,30.0,0.0,0.0,96.0,56,9.5,10.6,8.0,0.1,10,1.0,4,24.902000000000044,,6
2022,19,Austin,4,Lando Norris,McLaren,8,20,0.368421052631578947368421,1,17,-9,12,95.69,97.088,109.99158333333334,14.325309042887781,1.3340000000000032,229.0,190.0,206.0,320.0,6,1,7.666666666666667,8.0,1.2952000000000026,29.28529411764708,35.52352941176471,49.62352941176471,991.1994117647055,5.487058823529408,10.1,28.3,30.7,0,0.00000,10,1.0,0,90.0,7.0,8.0,3.082207001484488,5.0,25.0,0.0,0.6,97.0,57,9.0,10.5,7.0,0.1,6,8.0,16,23.721999999999753,,23
2022,20,Mexico City,4,Lando Norris,McLaren,8,20,0.368421052631578947368421,1,11,-3,12,78.721,80.327,90.30558333333333,12.03131525688717,0.945999999999998,312.0,294.0,249.0,347.0,6,1,8.0,7.6,1.1743999999999999,24.312727272727287,41.68909090909089,34.442424242424245,780.4072727272716,1.3369696969696967,4.0,22.8,25.5,0,0.00000,6,8.0,0,90.0,6.666666666666667,6.8,2.16794833886788,6.6,33.0,0.0,-0.4,105.0,58,8.666666666666666,10.0,8.6,0.1,9,2.0,7,22.634000000000015,,14
2022,21,São Paulo,4,Lando Norris,McLaren,4,20,0.157894736842105263157895,1,14,-10,20,71.377,79.556,87.25274999999998,14.137391082460054,0.4959999999999951,322.0,261.0,320.0,326.0,5,2,8.666666666666666,7.8,1.2087999999999994,23.01077844311378,46.04910179640717,76.07784431137725,922.1604790419151,1.4443113772455085,2.9,20.9,25.1,0,0.00000,9,2.0,0,90.0,8.333333333333334,7.2,2.3874672772626644,5.8,29.0,0.0,-0.6,107.0,59,9.833333333333334,9.2,9.0,0.1,18,0.0,10,24.663000000000466,,45
2022,22,Yas Island,4,Lando Norris,McLaren,7,20,0.315789473684210526315789,1,10,-3,11,84.769,101.44800000000001,98.63127272727273,13.75868441451369,0.9450000000000074,286.0,319.0,217.0,322.0,6,1,6.666666666666667,7.2,1.023399999999998,28.57548387096773,34.31032258064516,61.68387096774194,1013.5206451612893,2.608387096774191,4.1,27.8,29.7,0,0.00000,18,0.0,1,90.0,11.0,9.4,5.366563145999495,4.6,23.0,0.2,-2.2,107.0,60,12.666666666666666,10.6,7.8,0.2,6,9.0,6,21.563000000000102,1,21
2023,1,Sakhir,4,Lando Norris,McLaren,11,20,0.526315789473684210526316,0,18,-7,8,91.381,92.555,104.41424999999998,14.196258096011476,1.6730000000000018,241.0,269.0,286.0,320.0,4,1,6.333333333333333,7.4,0.9780000000000001,27.43167701863353,31.01180124223602,21.496894409937887,1016.863975155279,0.6832298136645952,2.2,26.2,29.8,0,0.00000,6,9.0,0,89.0,11.0,9.8,4.919349550499537,4.0,20.0,0.2,-2.4,,61,11.5,11.2,5.6,0.2,17,0.0,9,30.73400000000038,,21
2023,2,Jeddah,4,Lando Norris,McLaren,19,20,0.947368421052631578947368,0,9,10,2,90.447,90.447,94.2345,5.35633386748809,2.182000000000002,286.0,314.0,300.0,316.0,1,1,7.333333333333333,7.6,1.078800000000001,26.09189189189191,31.792567567567573,57.79054054054054,1010.9297297297305,1.7722972972972975,3.7,25.8,26.4,0,0.00000,17,0.0,1,89.0,13.666666666666666,11.2,5.890670590009257,3.8,19.0,0.4,-3.6,0.0,62,15.0,12.8,5.4,0.4,17,0.0,6,21.342999999999847,,2
2023,3,Melbourne,4,Lando Norris,McLaren,13,20,0.631578947368421052631579,0,16,-3,21,78.119,98.425,96.30590476190476,14.66477392565178,1.3870000000000005,283.0,312.0,308.0,324.0,4,1,12.333333333333334,9.8,1.2484000000000008,17.449549549549555,30.139639639639615,54.15765765765766,1018.3666666666695,1.1270270270270264,5.0,16.8,18.1,0,0.00000,17,0.0,0,89.0,13.333333333333334,13.4,5.504543577809154,2.2,11.0,0.4,-3.2,0.0,63,14.0,13.8,3.8,0.4,6,8.0,6,881.0049999999992,,0
2025,1,Melbourne,4,Lando Norris,McLaren,1,20,0E-24,1,2,-1,14,75.096,108.77799999999999,101.04242857142859,24.418688690031235,0.0,290.0,326.0,313.0,328.0,7,2,14.333333333333334,10.8,1.3366000000000013,15.707865168539323,18.942134831460663,78.42134831460675,1009.9016853932579,3.475280898876404,6.9,15.1,16.6,1,0.32584,1,25.0,0,92.0,5.666666666666667,5.0,3.605551275463989,12.4,62.0,0.0,-2.2,,107,6.166666666666667,6.1,18.4,0.0,1,25.0,2,12.783000000000357,1,42
2025,2,Shanghai,4,Lando Norris,McLaren,3,20,0.105263157894736842105263,1,1,2,12,90.787,100.363,108.33975,18.233226194979117,0.146000000000015,284.0,278.0,275.0,332.0,5,1,11.0,10.2,1.2374000000000023,27.215584415584427,35.81688311688313,18.233766233766232,1010.4227272727292,2.18831168831169,4.3,26.4,28.1,0,0.00000,1,25.0,0,92.0,4.0,4.8,3.8340579025361627,13.8,69.0,0.0,-2.4,25.0,108,5.666666666666667,6.1,19.4,0.0,2,18.0,3,22.202000000000226,,27
2025,3,Suzuka,4,Lando Norris,McLaren,2,20,0.052631578947368421052632,1,3,-1,11,86.995,105.346,104.73590909090909,17.237390611426925,0.012000000000000455,288.0,303.0,272.0,299.0,4,1,5.666666666666667,9.4,1.0776000000000039,14.42999999999999,20.514285714285716,76.37142857142857,1009.3171428571422,1.2021428571428572,2.4,14.2,14.7,0,0.00000,2,18.0,0,92.0,1.3333333333333333,4.0,3.937003937005905,15.8,79.0,0.0,-1.2,43.0,109,4.0,5.0,25.6,0.0,2,18.0,4,23.21900000000005,,31
2025,4,Sakhir,4,Lando Norris,McLaren,6,20,0.263157894736842105263158,1,1,5,10,90.267,91.107,100.9616,11.539949385600538,0.4259999999999877,243.0,274.0,287.0,317.0,6,1,2.0,7.6,0.7454000000000036,27.05253164556961,31.87025316455695,45.32911392405063,1008.1253164556957,2.105696202531645,3.6,26.6,27.9,0,0.00000,2,18.0,0,92.0,1.6666666666666667,3.2,3.8340579025361627,17.6,88.0,0.0,-1.2,61.0,110,3.0,4.2,29.2,0.0,3,15.0,8,24.059000000000196,,22
2025,5,Jeddah,4,Lando Norris,McLaren,10,20,0.473684210526315789473684,1,2,8,7,87.481,117.345,107.13114285714286,18.470530613462547,0.1869999999999976,296.0,327.0,317.0,334.0,2,1,3.6666666666666665,5.0,0.3942000000000007,29.483802816901413,37.81971830985914,62.725352112676056,1006.7661971830992,1.026056338028169,2.2,28.3,31.7,0,0.00000,3,15.0,0,92.0,2.3333333333333335,1.8,0.8366600265340756,20.2,101.0,0.0,0.8,76.0,111,2.0,3.3,33.8,0.0,4,12.0,9,20.394000000000233,1,15
2025,6,Miami Gardens,4,Lando Norris,McLaren,2,20,0.052631578947368421052632,1,4,-2,15,86.269,106.497,101.91353333333335,15.667450717361532,0.06499999999999773,224.0,194.0,287.0,338.0,6,1,6.0,4.4,0.15420000000000017,26.573154362416098,38.69060402684562,63.02013422818792,1012.2959731543626,1.0469798657718126,2.4,25.9,28.0,1,0.03356,4,12.0,0,92.0,3.0,2.4,1.140175425099138,17.6,88.0,0.0,2.0,88.0,112,2.3333333333333335,2.7,36.0,0.0,2,18.0,4,22.003999999999905,1,36
2025,7,Imola,4,Lando Norris,McLaren,4,20,0.157894736842105263157895,1,1,3,11,74.962,75.94200000000001,90.31081818181819,17.999858092874963,0.2920000000000016,233.0,266.0,283.0,301.0,6,1,6.0,4.6,0.1671999999999997,23.964666666666666,42.66399999999999,38.306666666666665,1009.7999999999994,3.2479999999999993,5.0,23.4,24.3,0,0.00000,2,18.0,0,92.0,3.0,2.6,0.8944271909999159,16.2,81.0,0.0,2.0,106.0,113,2.0,2.0,39.2,0.0,2,18.0,5,29.507000000000517,,26
2025,8,Monaco,4,Lando Norris,McLaren,1,20,0E-24,1,3,-2,22,69.95400000000001,84.889,85.22527272727271,14.513676417785167,0.0,225.0,215.0,272.0,280.0,6,1,5.333333333333333,4.8,0.19639999999999702,22.20937500000001,43.31749999999996,52.51875,1016.7837499999993,0.9793749999999999,2.2,21.3,22.9,0,0.00000,2,18.0,0,92.0,2.6666666666666665,2.6,0.8944271909999159,16.2,81.0,0.0,2.2,124.0,114,2.1666666666666665,2.2,37.2,0.0,1,25.0,4,23.46900000000005,1,44
2025,9,Barcelona,4,Lando Norris,McLaren,2,20,0.052631578947368421052632,1,1,1,9,71.755,73.237,87.92122222222221,20.694637045487035,0.20900000000000318,294.0,312.0,296.0,326.0,5,1,2.3333333333333335,4.6,0.19399999999999692,29.11999999999999,48.54322580645158,54.6258064516129,1002.7716129032251,1.6329032258064524,3.5,28.1,30.0,0,0.00000,1,25.0,0,92.0,1.6666666666666667,2.4,1.1401754250991378,17.6,88.0,0.0,2.2,149.0,115,2.0,2.1,38.6,0.0,2,18.0,2,21.873000000000502,,29
2025,10,Montréal,4,Lando Norris,McLaren,7,20,0.315789473684210526315789,1,3,4,15,71.599,72.768,84.38740000000001,14.50255254774138,0.7000000000000028,263.0,284.0,299.0,333.0,6,1,2.3333333333333335,3.8,0.1506,24.036526946107763,49.25329341317365,27.976047904191617,1018.9281437125736,1.0377245508982031,2.9,22.8,25.6,1,0.00599,2,18.0,0,92.0,1.6666666666666667,2.2,1.0954451150103321,18.2,91.0,0.0,1.6,167.0,116,2.0,2.0,39.2,0.0,18,0.0,11,23.26299999999992,,37
2025,11,Spielberg,4,Lando Norris,McLaren,1,20,0E-24,1,3,-2,11,63.971000000000004,65.201,78.42136363636365,16.700573536694645,0.0,319.0,252.0,288.0,322.0,6,1,3.3333333333333335,3.2,0.2532000000000011,30.347826086956506,49.16645962732919,31.981366459627328,943.3447204968951,1.6180124223602488,3.7,29.1,31.3,0,0.00000,18,0.0,1,92.0,7.0,5.0,7.280109889280518,15.8,79.0,0.2,-1.8,167.0,117,4.833333333333333,3.7,34.2,0.1,1,25.0,3,21.358000000000175,,38
2025,12,Silverstone,4,Lando Norris,McLaren,3,20,0.105263157894736842105263,1,2,1,12,85.01,86.16499999999999,98.524,14.32472823159626,0.11800000000000921,320.0,271.0,257.0,321.0,6,1,3.3333333333333335,3.0,0.24020000000000152,17.917419354838703,23.578709677419354,78.3741935483871,988.7767741935467,1.4832258064516135,5.8,16.0,19.6,1,0.18065,1,25.0,0,92.0,7.0,4.8,7.395944834840238,17.2,86.0,0.2,-1.8,192.0,118,4.666666666666667,3.7,34.2,0.1,1,25.0,4,28.21100000000115,,33
2025,13,Spa-Francorchamps,4,Lando Norris,McLaren,1,20,0E-24,1,2,-1,13,100.562,110.07,117.41438461538459,18.110668943739867,0.0,341.0,221.0,227.0,315.0,6,1,3.6666666666666665,2.8,0.20540000000000305,17.03004484304933,24.090134529147992,84.4439461883408,965.0475336322884,1.446188340807175,3.2,14.5,19.0,1,0.45740,1,25.0,0,92.0,6.666666666666667,4.6,7.503332592921628,18.6,93.0,0.2,-1.8,217.0,119,4.666666666666667,3.5,36.2,0.1,2,18.0,1,24.35699999999997,,31
2025,14,Budapest,4,Lando Norris,McLaren,3,20,0.105263157894736842105263,1,2,1,12,74.89,75.92699999999999,89.09858333333334,14.936212550578565,0.0,282.0,259.0,263.0,310.0,6,1,1.6666666666666667,2.8,0.20540000000000305,22.08216560509553,32.7299363057325,57.24203821656051,987.1401273885358,2.1509554140127394,3.7,21.6,22.5,0,0.00000,2,18.0,0,92.0,1.3333333333333333,4.8,7.395944834840239,17.2,86.0,0.2,-2.0,235.0,120,1.5,3.4,36.8,0.1,1,25.0,6,20.884000000000015,,35
2025,15,Zandvoort,4,Lando Norris,McLaren,2,20,0.052631578947368421052632,1,1,1,12,68.674,69.719,83.27258333333332,14.892780785933793,0.012000000000000455,291.0,283.0,322.0,328.0,6,1,2.3333333333333335,3.0,0.1636000000000024,20.077358490566034,27.963522012578633,71.17610062893081,1006.205660377358,2.170440251572328,3.9,19.4,20.7,0,0.00000,1,25.0,0,92.0,1.3333333333333333,4.6,7.503332592921628,18.6,93.0,0.2,-1.6,260.0,121,1.5,3.4,36.8,0.1,18,0.0,1,20.069000000000415,,42
2025,16,Monza,4,Lando Norris,McLaren,2,20,0.052631578947368421052632,1,3,-1,15,78.869,100.393,96.0794,14.797827358867824,0.07699999999999818,323.0,338.0,318.0,345.0,6,1,2.0,2.0,0.02600000000000193,26.761111111111102,43.28819444444442,42.604166666666664,996.7527777777791,1.960416666666666,4.0,25.9,27.4,0,0.00000,18,0.0,1,92.0,7.0,4.6,7.503332592921629,18.6,93.0,0.2,-2.6,260.0,122,4.166666666666667,3.1,39.4,0.1,2,18.0,3,27.454000000000633,1,35
2025,17,Baku,4,Lando Norris,McLaren,7,20,0.315789473684210526315789,1,9,-2,7,101.322,102.407,116.53871428571429,18.47711126154271,0.2050000000000125,226.0,225.0,338.0,322.0,5,2,2.3333333333333335,2.2,0.04140000000000157,20.551923076923092,26.107051282051287,59.833333333333336,1021.1160256410266,1.5070512820512825,2.9,20.3,21.1,0,0.00000,2,18.0,0,92.0,7.0,4.8,7.395944834840239,17.2,86.0,0.2,-2.6,278.0,123,4.5,3.3,37.4,0.1,7,6.0,5,21.934000000000196,,15
2025,18,Marina Bay,4,Lando Norris,McLaren,5,20,0.210526315789473684210526,1,3,2,13,89.586,104.733,105.99792307692307,16.840214351671907,0.42799999999999727,310.0,278.0,262.0,303.0,6,1,3.6666666666666665,3.0,0.058800000000002225,29.072049689440938,33.852173913043515,74.36024844720497,1010.7776397515512,1.1111801242236026,2.2,28.5,29.5,1,0.03727,7,6.0,0,92.0,9.0,6.0,7.106335201775948,13.4,67.0,0.2,-3.0,284.0,124,8.5,5.7,30.0,0.2,3,15.0,2,23.207000000000335,,19
2025,19,Austin,4,Lando Norris,McLaren,2,20,0.052631578947368421052632,1,6,-4,14,92.801,107.686,111.42621428571428,18.516276229633426,0.291000000000011,243.0,193.0,215.0,325.0,5,1,4.666666666666667,3.8,0.1444000000000017,28.267532467532465,45.04480519480521,22.532467532467532,1001.1077922077926,2.082467532467532,4.9,26.4,29.3,0,0.00000,3,15.0,0,92.0,4.0,6.2,6.978538528947161,12.8,64.0,0.2,-2.4,299.0,125,6.5,6.1,26.8,0.2,2,18.0,3,24.515000000000327,,30
2025,20,Mexico City,4,Lando Norris,McLaren,1,20,0E-24,1,8,-7,15,75.586,93.69200000000001,90.61786666666666,14.295579905624509,0.0,317.0,298.0,254.0,349.0,6,1,4.666666666666667,3.6,0.2026000000000039,26.405555555555555,50.58827160493828,23.234567901234566,780.8888888888889,1.8475308641975292,3.9,25.4,27.1,0,0.00000,2,18.0,0,92.0,4.0,6.4,6.8044103344816,11.4,57.0,0.2,-2.8,317.0,126,6.833333333333333,6.5,23.8,0.2,1,25.0,0,22.528000000000247,,35
2025,21,São Paulo,4,Lando Norris,McLaren,1,19,0E-24,1,4,-3,15,69.511,85.489,86.4242,17.44935172025433,0.0,327.0,270.0,333.0,338.0,6,1,2.6666666666666665,3.4,0.2002000000000038,17.34802631578948,30.69276315789474,70.57236842105263,929.708552631579,1.5098684210526314,2.9,16.6,18.0,0,0.00000,1,25.0,0,92.0,2.0,3.0,2.345207879911715,16.4,82.0,0.0,0.4,342.0,127,3.3333333333333335,5.2,25.8,0.1,1,25.0,5,23.248000000000502,,40
2025,22,Las Vegas,4,Lando Norris,McLaren,1,20,0E-24,1,5,-4,21,107.934,115.473,119.444,10.673128707178602,0.0,154.0,194.0,314.0,271.0,3,2,1.3333333333333333,3.2,0.18480000000000416,16.73404255319152,19.529787234042566,37.765957446808514,941.8964539007092,1.436879432624114,2.8,16.3,17.2,0,0.00000,1,25.0,0,92.0,1.3333333333333333,2.8,2.4899799195977463,17.8,89.0,0.0,0.4,367.0,128,3.1666666666666665,5.3,26.2,0.1,19,0.0,3,21.11200000000008,,49
2025,23,Lusail,4,Lando Norris,McLaren,2,20,0.052631578947368421052632,1,1,1,11,79.495,98.566,97.59818181818181,18.27295630059998,0.10800000000000409,259.0,291.0,286.0,324.0,6,1,1.0,2.0,0.14380000000000165,22.59932885906039,28.160402684563756,69.04697986577182,1016.0953020134215,1.2510067114093952,2.7,21.6,23.7,0,0.00000,19,0.0,1,92.0,7.0,5.2,7.758865896508329,16.6,83.0,0.2,-3.2,367.0,129,8.5,6.5,25.0,0.2,4,12.0,6,27.95300000000043,,31
2025,24,Yas Island,4,Lando Norris,McLaren,2,20,0.052631578947368421052632,1,3,-1,11,82.408,102.384,98.07109090909093,15.171326530363423,0.20100000000000762,293.0,323.0,223.0,329.0,6,1,1.3333333333333333,1.4,0.07980000000000302,26.67402597402595,31.0616883116883,60.44155844155844,1016.7279220779227,1.5733766233766233,3.2,25.9,27.5,0,0.00000,4,12.0,0,92.0,8.0,5.4,7.700649323271382,16.0,80.0,0.2,-4.0,379.0,130,8.5,6.4,25.6,0.2,3,15.0,4,21.202000000000226,,30
2026,1,Melbourne,1,Lando Norris,McLaren,6,19,0.277777777777777777777778,1,5,1,18,79.475,95.054,96.47661111111113,16.057916508830623,0.9569999999999936,271.0,277.0,301.0,291.0,7,1,1.6666666666666667,1.4,0.06180000000000234,24.23445945945945,36.13445945945945,53.97297297297296,1012.5608108108116,2.5614864864864857,4.6,23.1,25.3,0,0.00000,3,15.0,0,92.0,8.666666666666666,5.6,7.602631123499285,15.4,77.0,0.2,-4.2,,131,8.333333333333334,6.2,26.6,0.2,5,10.0,4,17.739000000000487,,17
2026,2,Shanghai,1,Lando Norris,McLaren,6,22,0.238095238095238095238095,1,5,1,14,92.608,94.40100000000001,105.40535714285714,13.04524775014401,0.5440000000000111,282.0,277.0,278.0,310.0,6,1,3.3333333333333335,2.4,0.2532000000000011,15.572368421052628,22.616447368421053,54.99802631578948,1024.481578947368,2.1934210526315794,4.5,14.9,16.4,0,0.00000,5,10.0,0,92.0,4.0,6.4,7.197221686178632,12.4,62.0,0.2,-4.0,10.0,132,6.166666666666667,8.2,21.6,0.3,20,0.0,,,,33
2026,3,Suzuka,1,Lando Norris,McLaren,5,22,0.190476190476190476190476,1,3,2,14,89.40899999999999,90.676,102.94200000000001,13.570032549136181,0.6310000000000002,274.0,326.0,269.0,283.0,6,1,4.666666666666667,3.4,0.3620000000000033,18.556410256410274,34.1429487179487,52.49551282051283,1011.7987179487181,1.9506410256410254,3.7,17.3,19.5,0,0.00000,20,0.0,1,92.0,9.333333333333334,10.2,8.526429498916883,7.4,37.0,0.4,-6.8,10.0,133,11.666666666666666,11.5,14.6,0.5,5,10.0,3,23.48999999999978,,19
2026,4,Miami Gardens,1,Lando Norris,McLaren,4,22,0.142857142857142857142857,1,7,-3,13,88.18299999999999,100.95,108.99900000000001,22.69843034220649,0.3849999999999909,221.0,193.0,274.0,321.0,6,1,5.666666666666667,4.2,0.48820000000000335,27.125595238095247,37.01190476190477,70.44821428571433,1015.6476190476195,1.1517857142857149,4.8,25.7,28.1,1,0.01786,5,10.0,0,92.0,10.0,7.4,7.092249290598858,9.4,47.0,0.2,-3.2,20.0,134,12.0,8.3,20.2,0.3,2,18.0,3,22.55200000000059,1,29
2026,5,Montréal,1,Lando Norris,McLaren,3,22,0.095238095238095238095238,1,4,-1,22,72.729,88.577,86.33031818181819,11.103794608306803,0.15099999999999625,252.0,291.0,274.0,318.0,6,1,5.0,4.6,0.5436000000000007,12.848750000000004,17.82749999999999,71.69499999999992,1024.2043749999991,3.0156249999999987,6.2,12.1,13.7,0,0.00000,2,18.0,0,92.0,9.0,7.0,7.3824115301167,10.6,53.0,0.2,-2.4,38.0,135,8.5,8.2,20.8,0.3,18,0.0,7,23.492999999999938,,45
2026,6,Monte Carlo,1,Lando Norris,McLaren,8,22,0.333333333333333333333333,1,7,1,24,72.765,83.988,83.29733333333331,8.367341984409267,0.7139999999999986,219.0,206.0,264.0,281.0,5,1,4.0,4.8,0.5335999999999984,23.677403846153872,37.976923076923086,62.198557692307695,1021.4403846153845,0.8418269230769228,3.5,22.6,24.5,0,0.00000,18,0.0,1,92.0,8.333333333333334,10.0,8.336666000266533,7.6,38.0,0.4,-5.2,38.0,136,6.833333333333333,10.6,14.2,0.5,19,0.0,2,,,27
2026,7,Barcelona,1,Lando Norris,McLaren,4,22,0.142857142857142857142857,1,7,-3,7,75.001,76.287,86.221,13.44421457976131,0.32200000000000273,279.0,290.0,294.0,336.0,4,1,5.0,5.2,0.48499999999999943,30.529333333333362,50.28666666666666,28.866000000000017,1000.5366666666639,2.5713333333333326,5.2,29.8,31.1,0,0.00000,19,0.0,1,92.0,13.0,12.8,8.5848704125339,5.6,28.0,0.6,-7.6,38.0,137,9.666666666666666,10.4,14.2,0.5,3,15.0,7,21.81999999999971,,27
2020,1,Spielberg,44,Lewis Hamilton,Mercedes,2,20,0.052631578947368421052632,1,1,1,14,62.951,65.071,74.47285714285715,11.824329682462363,0.012000000000000455,323.0,252.0,291.0,322.0,6,1,3.0,3.4,0.2460000000000008,28.68416666666667,52.02499999999999,33.8325,938.7708333333335,1.8874999999999997,3.6,26.9,30.0,0,0.00000,,,,94.0,,,,,,,,,0,,,,,4,12.0,18,16.296000000000276,,43
2020,2,Spielberg,44,Lewis Hamilton,Mercedes,1,20,0E-24,1,4,-3,30,77.825,81.48,85.10993333333333,8.831473782320595,0.0,295.0,218.0,269.0,295.0,3,1,2.0,3.0,0.20080000000000098,20.822499999999994,39.92,34.005,945.9099999999996,2.228333333333333,4.5,19.4,22.1,1,0.01667,4,12.0,0,94.0,4.0,4.0,,12.0,12.0,0.0,1.0,12.0,1,2.5,2.5,37.0,0.0,1,25.0,1,21.626000000000204,,36
2020,3,Budapest,44,Lewis Hamilton,Mercedes,1,20,0E-24,1,2,-1,16,73.447,76.782,85.95825,12.497503566712831,0.0,285.0,262.0,265.0,308.0,6,2,1.3333333333333333,2.4,0.1,20.74179104477611,27.12985074626864,77.19253731343284,986.3149253731342,1.5597014925373138,2.8,19.9,21.8,1,0.01493,1,25.0,0,94.0,2.5,2.5,2.1213203435596424,18.5,37.0,0.0,0.5,37.0,2,2.0,2.0,40.0,0.0,1,26.0,1,22.22100000000046,1,41
2020,4,Silverstone,44,Lewis Hamilton,Mercedes,1,20,0E-24,1,2,-1,13,84.303,94.032,96.3950769230769,12.25925415391395,0.0,318.0,272.0,259.0,319.0,7,2,1.3333333333333333,1.6,0.04159999999999968,21.291406249999998,40.63281250000001,44.16796875,998.40859375,3.114062500000001,4.7,20.8,22.1,0,0.00000,1,26.0,0,94.0,2.0,2.0,1.7320508075688772,21.0,63.0,0.0,0.3333333333333333,63.0,3,2.0,2.0,40.333333333333336,0.0,1,25.0,0,28.82400000000007,,35
2020,5,Silverstone,44,Lewis Hamilton,Mercedes,2,20,0.052631578947368421052632,1,1,1,13,85.217,88.64,98.27146153846154,17.04187462602724,0.06300000000000239,317.0,278.0,256.0,333.0,6,2,1.0,1.2,0.002400000000000091,25.28706896551725,43.22758620689654,58.55603448275865,1000.9508620689652,2.236206896551725,4.3,23.5,26.8,0,0.00000,1,25.0,0,94.0,1.0,1.75,1.5,22.0,88.0,0.0,0.25,88.0,4,3.1666666666666665,3.0,36.5,0.0,2,19.0,6,28.3779999999997,1,38
2020,6,Barcelona,44,Lewis Hamilton,Mercedes,1,20,0E-24,1,2,-1,9,75.584,77.037,85.93777777777778,13.062283699431903,0.0,292.0,310.0,288.0,317.0,5,1,1.3333333333333333,1.4,0.015000000000000568,29.796899224806182,47.55581395348835,56.38449612403102,997.7038759689932,1.5449612403100779,2.9,28.6,30.7,0,0.00000,2,19.0,0,94.0,1.3333333333333333,1.8,1.3038404810405297,21.4,107.0,0.0,0.2,107.0,5,3.5,2.9,36.0,0.0,1,25.0,0,21.822000000000116,,35
2020,7,Spa-Francorchamps,44,Lewis Hamilton,Mercedes,1,20,0E-24,1,2,-1,9,101.25200000000001,104.033,114.75466666666668,15.611930542056609,0.0,328.0,220.0,229.0,307.0,5,2,1.3333333333333333,1.2,0.012600000000000477,18.568595041322304,29.82396694214875,54.85289256198344,962.4297520661155,1.4652892561983484,3.3,17.4,20.1,0,0.00000,1,25.0,0,94.0,1.3333333333333333,1.2,0.4472135954999579,24.0,120.0,0.0,0.0,132.0,6,3.5,2.8,36.8,0.0,1,25.0,0,23.242999999999938,,35
2020,8,Monza,44,Lewis Hamilton,Mercedes,1,20,0E-24,1,2,-1,12,78.887,79.539,93.23625,15.339175248215094,0.0,326.0,334.0,317.0,341.0,6,2,1.3333333333333333,1.2,0.012600000000000477,28.090909090909104,41.20139860139859,40.12447552447552,990.7804195804187,1.5209790209790213,3.1,27.3,28.9,0,0.00000,1,25.0,0,94.0,1.3333333333333333,1.2,0.4472135954999579,24.0,120.0,0.0,0.0,157.0,7,2.0,2.8,36.8,0.0,7,7.0,10,24.653999999999996,1,43
2020,9,Mugello,44,Lewis Hamilton,Mercedes,1,20,0E-24,1,2,-1,8,75.144,75.778,102.21074999999999,28.938355036426753,0.0,282.0,260.0,304.0,322.0,4,1,1.0,1.2,0.012600000000000477,30.169886363636337,43.10227272727272,39.94431818181818,993.6153409090938,2.36477272727273,4.4,29.6,30.7,0,0.00000,7,7.0,0,94.0,3.0,2.4,2.6076809620810595,20.2,101.0,0.0,-1.2,164.0,8,3.1666666666666665,3.6,32.0,0.0,1,26.0,2,17.539000000000215,1,42
2020,10,Sochi,44,Lewis Hamilton,Mercedes,1,20,0E-24,1,3,-2,10,91.304,92.983,102.58630000000001,13.884253143199475,0.0,281.0,330.0,167.0,338.0,5,2,1.0,1.2,0.012600000000000477,28.80606060606062,40.342424242424265,51.36287878787878,1012.878787878789,1.428787878787879,3.2,27.6,30.5,0,0.00000,1,26.0,0,94.0,3.0,2.4,2.6076809620810595,20.4,102.0,0.0,-1.2,190.0,9,3.0,2.7,35.8,0.0,3,15.0,5,41.32400000000007,,34
2020,11,Nürburgring,44,Lewis Hamilton,Mercedes,2,20,0.052631578947368421052632,1,1,1,13,85.39,101.902,101.61815384615385,16.161233775334907,0.12099999999999511,272.0,243.0,261.0,317.0,5,2,1.0,1.0,0.0,9.499999999999998,16.36020408163265,59.40408163265304,947.35918367347,1.6173469387755104,3.1,8.9,9.9,1,0.02041,3,15.0,0,94.0,3.6666666666666665,2.6,2.6076809620810595,19.6,98.0,0.0,-1.6,205.0,10,3.1666666666666665,2.6,37.2,0.0,1,25.0,1,23.07299999999941,,33
2020,12,Portimão,44,Lewis Hamilton,Mercedes,1,20,0E-24,1,2,-1,15,76.652,83.987,85.6612,8.975205920439137,0.18599999999999284,280.0,201.0,305.0,327.0,5,2,1.3333333333333333,1.2,0.02419999999999902,20.505468749999977,25.71562499999998,67.52812500000002,1007.3406250000008,4.0406249999999995,7.0,20.0,21.0,0,0.00000,1,25.0,0,94.0,1.6666666666666667,2.6,2.6076809620810595,19.6,98.0,0.0,-1.4,230.0,11,4.5,4.2,34.0,0.1,1,26.0,3,27.168000000000575,1,43
2020,13,Imola,44,Lewis Hamilton,Mercedes,2,20,0.052631578947368421052632,1,1,1,15,73.706,75.855,84.54573333333335,11.598876149171069,0.09700000000000841,236.0,264.0,285.0,297.0,6,2,1.3333333333333333,1.2,0.06139999999999759,18.030400000000004,23.26079999999999,71.13680000000001,1017.8919999999997,1.3415999999999992,3.1,16.9,18.5,0,0.00000,1,26.0,0,94.0,1.6666666666666667,2.6,2.6076809620810595,19.8,99.0,0.0,-1.4,256.0,12,4.5,4.2,34.2,0.1,1,26.0,2,30.371000000000095,1,39
2020,14,Istanbul,44,Lewis Hamilton,Mercedes,6,20,0.263157894736842105263158,1,9,-3,16,112.56,118.59100000000001,121.97456249999999,7.524894116364683,4.795000000000002,243.0,272.0,216.0,246.0,5,2,1.6666666666666667,1.4,0.08079999999999928,13.095683453237404,15.20575539568346,80.16115107913672,1008.4964028776968,1.066187050359712,2.7,12.1,13.8,1,0.04317,1,26.0,0,94.0,1.0,1.4,0.894427190999916,23.6,118.0,0.0,0.0,282.0,13,4.333333333333333,3.3,39.6,0.1,1,25.0,6,23.871000000000095,,26
2020,15,Sakhir,44,Lewis Hamilton,Mercedes,1,20,0E-24,1,2,-1,9,87.264,100.22800000000001,101.23577777777778,15.005115809098058,0.0,248.0,272.0,292.0,319.0,5,2,3.0,2.4,1.0397999999999996,25.09907407407409,27.54814814814815,67.8472222222222,1015.8972222222209,0.8430555555555546,1.8,24.4,26.6,0,0.00000,1,25.0,0,94.0,1.0,1.4,0.894427190999916,23.4,117.0,0.0,1.0,307.0,14,3.5,4.5,35.8,0.1,1,25.0,1,24.058999999999287,,36
2020,17,Yas Island,44,Lewis Hamilton,Mercedes,3,20,0.105263157894736842105263,1,2,1,14,95.332,98.499,109.77085714285714,16.94793904355854,0.08599999999998431,290.0,320.0,227.0,324.0,6,2,3.0,2.4,1.0397999999999996,23.121481481481517,27.980000000000008,55.44666666666665,1015.8474074074076,2.5044444444444425,4.0,22.1,23.7,0,0.00000,1,25.0,0,94.0,1.0,1.0,0.0,25.4,127.0,0.0,1.4,332.0,15,6.833333333333333,4.7,29.8,0.0,3,15.0,0,22.404999999999745,,23
2021,1,Sakhir,44,Lewis Hamilton,Mercedes,2,20,0.052631578947368421052632,1,3,-1,12,89.385,91.988,100.15683333333334,11.594018589799056,0.38800000000000523,245.0,269.0,291.0,314.0,6,2,3.3333333333333335,2.6,1.0327999999999975,20.538345864661654,27.627819548872182,54.51729323308271,1014.9105263157908,0.8872180451127818,1.4,20.4,20.9,0,0.00000,3,15.0,0,94.0,1.6666666666666667,1.4,0.8944271909999159,23.4,117.0,0.0,1.2,,16,5.166666666666667,4.9,27.6,0.0,1,25.0,5,24.13500000000022,,37
2021,2,Imola,44,Lewis Hamilton,Mercedes,1,20,0E-24,1,8,-7,14,74.411,76.923,84.28292857142857,10.967206919261173,0.0,235.0,261.0,289.0,291.0,6,2,2.0,2.8,1.0732,10.621118012422354,16.827329192546586,69.48881987577641,1011.2527950310558,0.4788819875776397,1.1,9.2,12.3,1,0.40994,1,25.0,0,94.0,1.6666666666666667,1.4,0.8944271909999159,23.2,116.0,0.0,1.4,25.0,17,4.333333333333333,5.0,27.0,0.0,2,19.0,8,32.10899999999947,1,43
2021,3,Portimão,44,Lewis Hamilton,Mercedes,2,20,0.052631578947368421052632,1,1,1,17,77.968,88.032,86.93176470588234,8.057306238202473,0.0,289.0,197.0,299.0,314.0,6,2,2.0,2.6,1.0537999999999983,19.39253731343283,38.9507462686567,39.40373134328356,1004.8134328358209,0.8373134328358207,1.4,18.1,20.0,0,0.00000,2,19.0,0,94.0,2.0,1.6,0.8944271909999159,21.8,109.0,0.0,1.0,44.0,18,4.833333333333333,5.5,25.8,0.1,1,25.0,3,22.128999999999905,,35
2021,4,Barcelona,44,Lewis Hamilton,Mercedes,1,20,0E-24,1,3,-2,12,76.741,80.505,89.92,13.653050468335241,0.0,289.0,305.0,285.0,317.0,5,2,1.6666666666666667,1.8,0.09479999999999791,22.203076923076917,32.92230769230769,57.55307692307693,993.5746153846156,0.4576923076923076,0.9,21.3,23.5,0,0.00000,1,25.0,0,94.0,1.3333333333333333,1.6,0.8944271909999159,21.8,109.0,0.0,0.2,69.0,19,4.666666666666667,5.0,28.2,0.1,1,25.0,3,22.05699999999979,,38
2021,5,Monte Carlo,44,Lewis Hamilton,Mercedes,7,19,0.333333333333333333333333,1,3,4,25,71.095,80.617,81.2912,7.792258637049122,0.7489999999999952,224.0,208.0,272.0,284.0,5,1,1.3333333333333333,1.8,0.09479999999999791,20.760740740740758,37.59555555555557,61.42444444444447,1015.5711111111107,0.31629629629629613,0.6,20.3,21.5,0,0.00000,1,25.0,0,94.0,1.3333333333333333,1.6,0.8944271909999159,21.8,109.0,0.0,0.2,94.0,20,4.666666666666667,3.7,34.8,0.1,7,7.0,1,23.662999999999556,1,16
2021,6,Baku,44,Lewis Hamilton,Mercedes,2,20,0.052631578947368421052632,1,10,-8,10,101.45,113.61500000000001,113.0614,11.106794088904923,0.23199999999999932,238.0,247.0,334.0,313.0,3,1,3.3333333333333335,2.6,0.2274000000000001,24.170930232558128,38.31453488372088,55.805232558139544,1014.7308139534875,0.2837209302325581,0.8,22.9,25.5,0,0.00000,7,7.0,0,94.0,3.0,2.4,2.6076809620810595,20.2,101.0,0.0,0.2,101.0,21,5.666666666666667,5.8,29.6,0.2,15,0.0,3,15.460000000000036,,38
2021,7,Le Castellet,44,Lewis Hamilton,Mercedes,2,20,0.052631578947368421052632,1,3,-1,12,90.248,91.5,109.02108333333335,22.862983832380607,0.2580000000000098,122.0,283.0,302.0,326.0,5,2,3.3333333333333335,2.6,0.1961999999999989,25.314399999999992,35.22879999999999,58.63039999999999,960.6376,1.1655999999999997,1.8,23.8,27.4,0,0.00000,15,0.0,0,94.0,7.666666666666667,5.2,6.016643582596529,15.2,76.0,0.0,-2.6,101.0,22,9.5,8.1,21.4,0.2,2,18.0,2,30.141000000000076,,29
2021,8,Spielberg,44,Lewis Hamilton,Mercedes,3,20,0.105263157894736842105263,1,2,1,18,64.06700000000001,75.91,78.99866666666667,16.973315562272163,0.2260000000000062,317.0,250.0,288.0,314.0,6,2,3.6666666666666665,2.8,0.24780000000000085,26.692372881355922,52.352542372881345,33.24661016949152,938.4771186440671,0.3677966101694914,1.2,26.0,27.3,0,0.00000,2,18.0,0,94.0,8.0,5.2,6.016643582596529,15.0,75.0,0.0,-2.4,119.0,23,9.833333333333334,6.7,23.6,0.1,2,19.0,0,21.21100000000024,1,29
2021,9,Spielberg,44,Lewis Hamilton,Mercedes,4,20,0.157894736842105263157895,1,5,-1,11,64.014,64.514,75.52827272727274,15.299005706848462,0.29399999999999693,313.0,249.0,286.0,313.0,6,2,2.3333333333333335,3.0,0.2930000000000021,20.966025641025656,33.18397435897434,49.730769230769255,934.7211538461531,0.348076923076923,0.9,19.0,22.6,1,0.03846,2,19.0,0,94.0,6.333333333333333,5.4,5.856620185738529,13.8,69.0,0.0,-2.6,138.0,24,6.333333333333333,6.8,22.2,0.1,4,12.0,2,20.662999999999556,,21
2021,10,Silverstone,44,Lewis Hamilton,Mercedes,1,20,0E-24,1,3,-2,15,86.023,87.349,98.25486666666666,16.85052854137844,0.0,315.0,273.0,256.0,330.0,6,1,3.0,3.6,0.3518000000000015,29.4,50.931521739130446,37.20217391304347,1007.2461956521738,0.317934782608696,0.8,28.4,30.1,0,0.00000,4,12.0,0,94.0,2.6666666666666665,6.0,5.431390245600108,11.2,56.0,0.0,-2.6,150.0,25,2.8333333333333335,7.0,20.2,0.1,1,25.0,4,40.26900000000023,,39
2021,11,Budapest,44,Lewis Hamilton,Mercedes,1,20,0E-24,1,2,-1,12,75.419,80.604,89.15875000000001,14.084865275923267,0.0,284.0,256.0,260.0,305.0,6,2,2.6666666666666665,2.4,0.20200000000000246,27.22670157068063,37.82251308900524,68.61570680628276,977.6308900523562,0.5675392670157061,1.2,25.7,29.1,1,0.30366,1,25.0,0,94.0,2.3333333333333335,4.8,5.805170109479997,14.8,74.0,0.0,-2.4,175.0,26,2.5,4.8,26.8,0.0,2,18.0,12,21.22200000000157,,42
2021,12,Spa-Francorchamps,44,Lewis Hamilton,Mercedes,3,20,0.105263157894736842105263,1,8,-5,14,116.229,128.935,128.53171428571426,9.82989945506582,0.20399999999999352,313.0,188.0,221.0,307.0,5,2,2.0,2.2,0.15560000000000257,13.012413793103491,15.258620689655164,96.4358620689655,970.2217241379296,0.5113793103448276,1.0,12.4,13.4,1,0.84138,2,18.0,0,94.0,2.3333333333333335,2.2,1.0954451150103321,18.4,92.0,0.0,0.0,193.0,27,4.666666666666667,3.9,30.4,0.1,3,7.5,0,15371.245,,23
2021,13,Zandvoort,44,Lewis Hamilton,Mercedes,2,20,0.052631578947368421052632,1,3,-1,10,68.923,70.18299999999999,82.29220000000001,15.682679078099723,0.0379999999999967,278.0,288.0,304.0,314.0,4,2,1.6666666666666667,2.4,0.14479999999999932,21.50443037974685,36.10569620253166,54.10822784810126,1021.5056962025316,0.442405063291139,0.9,20.4,22.4,0,0.00000,3,7.5,0,94.0,2.0,2.4,1.140175425099138,16.3,81.5,0.0,0.0,200.5,28,6.166666666666667,4.8,25.9,0.1,2,19.0,1,18.636999999999716,1,33
2021,14,Monza,44,Lewis Hamilton,Mercedes,2,20,0.052631578947368421052632,1,1,1,11,79.651,83.013,92.18572727272728,14.127903596011043,0.09599999999998943,323.0,329.0,315.0,338.0,6,1,2.0,2.2,0.10719999999999744,28.885234899328868,43.52751677852349,33.2758389261745,994.4879194630865,0.3429530201342281,0.7,27.8,29.6,0,0.00000,2,19.0,0,94.0,2.3333333333333335,2.4,1.140175425099138,16.3,81.5,0.0,0.0,219.5,29,6.333333333333333,4.8,25.9,0.1,17,0.0,2,,,41
2021,15,Sochi,44,Lewis Hamilton,Mercedes,4,20,0.157894736842105263157895,1,7,-3,19,104.05,112.843,114.2288947368421,9.110786518643936,2.057000000000002,263.0,303.0,153.0,307.0,3,1,2.3333333333333335,1.8,0.06759999999999593,19.13860759493674,21.75696202531647,61.94746835443034,1023.1310126582275,0.29050632911392416,0.9,17.4,19.5,1,0.10127,17,0.0,1,94.0,7.333333333333333,5.0,6.745368781616021,13.9,69.5,0.2,-2.6,219.5,30,6.666666666666667,6.2,22.9,0.2,1,25.0,12,29.932999999999993,,38
2021,16,Istanbul,44,Lewis Hamilton,Mercedes,1,20,0E-24,1,2,-1,23,82.868,91.382,92.94656521739131,9.593749304180427,0.0,281.0,296.0,255.0,327.0,5,2,2.6666666666666665,2.4,0.4789999999999964,15.825477707006387,18.180891719745237,93.52484076433116,1006.4101910828001,0.4866242038216559,0.8,15.5,16.1,0,0.00000,1,25.0,0,94.0,6.666666666666667,5.0,6.74536878161602,13.9,69.5,0.2,-2.2,244.5,31,5.166666666666667,6.4,21.9,0.2,5,10.0,7,22.65899999999965,,35
2021,17,Austin,44,Lewis Hamilton,Mercedes,2,20,0.052631578947368421052632,1,4,-2,10,93.119,94.797,106.18019999999999,13.871602453293645,0.20900000000000318,238.0,195.0,214.0,323.0,5,2,2.3333333333333335,2.4,0.4789999999999964,28.148447204968935,37.470807453416164,61.19254658385094,992.1298136645961,0.8540372670807448,1.5,26.4,29.5,0,0.00000,5,10.0,0,94.0,7.666666666666667,5.6,6.542170893518451,12.3,61.5,0.2,-0.8,254.5,32,5.333333333333333,5.2,25.5,0.1,2,19.0,1,23.605000000000473,1,33
2021,18,Mexico City,44,Lewis Hamilton,Mercedes,2,20,0.052631578947368421052632,1,1,1,15,76.02,91.562,93.40460000000002,16.830239510221734,0.14499999999999602,319.0,298.0,257.0,351.0,5,2,2.3333333333333335,2.2,0.4799999999999983,21.20670731707316,47.57926829268294,31.2109756097561,784.2134146341465,0.3664634146341462,0.8,19.2,23.2,0,0.00000,2,19.0,0,94.0,2.6666666666666665,5.4,6.6558245169174945,14.6,73.0,0.2,-0.8,273.5,33,3.3333333333333335,4.5,29.4,0.1,2,18.0,2,22.34599999999955,,29
2021,19,São Paulo,44,Lewis Hamilton,Mercedes,1,20,0E-24,1,3,-2,17,67.934,80.26599999999999,83.93694117647058,18.056662906218953,0.0,323.0,267.0,323.0,327.0,6,1,1.6666666666666667,2.2,0.5013999999999982,23.137341772151892,51.56139240506331,60.10126582278483,926.9303797468358,0.39177215189873377,0.8,22.5,24.0,0,0.00000,2,18.0,0,94.0,3.0,5.4,6.6558245169174945,14.4,72.0,0.2,-0.8,291.5,34,5.166666666666667,5.7,26.2,0.1,1,25.0,8,18.988000000000284,,43
2021,20,Lusail,44,Lewis Hamilton,Mercedes,1,20,0E-24,1,3,-2,11,80.827,84.117,102.31036363636363,24.263763196473572,0.0,253.0,280.0,317.0,323.0,6,2,1.6666666666666667,2.0,0.4822000000000003,26.41513157894735,30.603289473684203,75.54013157894735,1012.3072368421057,0.4230263157894732,0.8,26.0,27.4,1,0.01974,1,25.0,0,94.0,1.6666666666666667,2.2,1.6431676725154984,19.4,97.0,0.0,3.6,316.5,35,4.833333333333333,4.1,31.2,0.0,1,25.0,0,25.22899999999936,,35
2021,21,Jeddah,44,Lewis Hamilton,Mercedes,1,20,0E-24,1,2,-1,18,87.511,107.319,109.39461111111112,19.283272269718765,0.0,299.0,323.0,310.0,326.0,5,2,1.3333333333333333,1.4,0.07079999999999984,28.816062176165733,31.684974093264252,76.20310880829015,1013.7974093264247,0.2715025906735748,0.6,28.5,29.2,0,0.00000,1,25.0,0,94.0,1.3333333333333333,2.2,1.6431676725154984,19.4,97.0,0.0,3.0,341.5,36,7.0,5.6,29.2,0.1,1,26.0,3,20.576000000000022,1,43
2021,22,Yas Island,44,Lewis Hamilton,Mercedes,2,20,0.052631578947368421052632,1,6,-4,12,82.48,83.26599999999999,95.77733333333333,14.123605735423832,0.3709999999999951,295.0,318.0,226.0,322.0,6,2,1.0,1.4,0.07079999999999984,24.51910828025481,28.46560509554141,59.05477707006371,1017.7108280254776,0.41464968152866166,0.7,23.5,25.7,0,0.00000,1,26.0,0,94.0,1.0,1.4,0.5477225575051661,22.6,113.0,0.0,1.8,367.5,37,4.833333333333333,5.4,30.2,0.1,2,18.0,1,21.615999999999985,,28
2022,1,Sakhir,44,Lewis Hamilton,Mercedes,5,20,0.210526315789473684210526,1,9,-4,11,91.048,92.49600000000001,103.24827272727272,15.625164249318525,0.4900000000000091,240.0,268.0,286.0,315.0,5,1,1.3333333333333333,1.4,0.10319999999999822,23.617791411042962,28.610429447852766,29.49079754601227,1010.3858895705521,0.3049079754601232,0.8,22.3,25.7,0,0.00000,2,18.0,0,94.0,1.3333333333333333,1.4,0.5477225575051661,22.4,112.0,0.0,1.8,,38,5.5,5.4,30.0,0.1,3,15.0,11,25.20799999999963,,28
2022,2,Jeddah,44,Lewis Hamilton,Mercedes,16,20,0.789473684210526315789474,0,6,10,8,90.343,92.708,107.5475,17.998246684449175,16.673000000000002,285.0,318.0,299.0,324.0,2,2,2.6666666666666665,2.0,0.17220000000000085,25.42039473684213,28.4092105263158,59.66447368421053,1012.7776315789473,2.3592105263157874,4.0,25.3,25.6,0,0.00000,3,15.0,0,94.0,2.0,1.6,0.8944271909999159,21.8,109.0,0.0,2.2,15.0,39,3.1666666666666665,4.4,31.8,0.1,10,1.0,9,21.797999999999774,,-2
2022,3,Melbourne,44,Lewis Hamilton,Mercedes,5,20,0.210526315789473684210526,1,6,-1,22,78.825,90.461,92.75004545454546,13.671073586146608,0.9570000000000078,280.0,295.0,299.0,315.0,6,1,7.666666666666667,5.0,3.506800000000001,26.697435897435888,37.40833333333329,43.65384615384615,1014.2461538461532,1.8128205128205122,4.4,25.8,27.4,0,0.00000,10,1.0,0,94.0,5.0,3.4,3.7815340802378072,17.0,85.0,0.0,1.4,16.0,40,5.0,5.5,26.0,0.1,4,12.0,4,17.93000000000029,,20
2022,4,Imola,44,Lewis Hamilton,Mercedes,13,20,0.631578947368421052631579,0,11,2,11,80.47,87.214,90.87663636363635,11.821339215780311,1.7920000000000016,214.0,258.0,274.0,291.0,4,2,8.666666666666666,5.8,3.6982000000000026,12.899367088607601,17.418987341772137,83.17088607594937,1001.0386075949358,1.4822784810126568,2.5,11.1,14.2,0,0.00000,4,12.0,0,94.0,5.666666666666667,4.0,3.5355339059327378,14.4,72.0,0.0,1.6,28.0,41,4.833333333333333,4.1,26.4,0.0,13,0.0,2,32.725000000000364,,2
2022,5,Miami,44,Lewis Hamilton,Mercedes,6,20,0.263157894736842105263158,1,12,-6,15,89.625,99.396,107.9318,21.96986047553069,0.8290000000000077,223.0,192.0,287.0,327.0,6,1,11.333333333333334,8.2,4.056600000000003,30.61728395061729,42.81975308641976,58.858024691358025,1009.3049382716049,2.26728395061728,5.0,29.4,32.3,1,0.05556,13,0.0,0,94.0,9.0,6.4,4.827007354458868,9.2,46.0,0.0,1.8,28.0,42,6.5,5.4,20.6,0.0,6,8.0,4,18.782999999999447,,17
2022,6,Barcelona,44,Lewis Hamilton,Mercedes,6,20,0.263157894736842105263158,1,4,2,9,79.512,82.639,91.25755555555556,15.748016947469221,0.7620000000000005,289.0,310.0,283.0,337.0,5,1,8.0,9.0,4.148200000000005,36.56585365853659,48.95731707317072,7.109756097560975,996.0158536585362,3.4884146341463396,5.5,35.9,37.2,0,0.00000,6,8.0,0,94.0,7.666666666666667,7.2,4.207136793592526,7.2,36.0,0.0,1.8,36.0,43,5.833333333333333,5.7,19.0,0.0,5,10.0,18,22.05199999999968,,31
2022,7,Monaco,44,Lewis Hamilton,Mercedes,8,20,0.368421052631578947368421,1,6,2,22,72.56,85.987,88.26727272727273,11.071613940858454,1.1839999999999975,217.0,202.0,271.0,281.0,7,1,8.333333333333334,9.2,4.202600000000004,22.274693877550995,31.038367346938788,75.66530612244898,1002.9922448979627,0.9902040816326523,3.2,20.9,24.3,1,0.43673,5,10.0,0,94.0,8.0,7.6,3.7815340802378077,6.2,31.0,0.0,1.6,46.0,44,6.0,5.8,18.6,0.0,8,4.0,1,24.396999999999025,,8
2022,8,Baku,44,Lewis Hamilton,Mercedes,7,20,0.315789473684210526315789,1,5,2,13,102.924,104.517,114.0026923076923,12.873145066277935,1.5649999999999977,232.0,240.0,334.0,311.0,7,1,6.666666666666667,7.6,1.1048000000000031,25.435403726708074,47.149689440993804,59.49068322981366,1009.9012422360254,1.5291925465838494,2.9,24.9,26.1,0,0.00000,8,4.0,0,94.0,6.333333333333333,7.2,3.5637059362410923,6.8,34.0,0.0,0.6,50.0,45,5.333333333333333,5.6,19.2,0.0,4,12.0,9,20.793000000000575,,19
2022,9,Montréal,44,Lewis Hamilton,Mercedes,4,20,0.157894736842105263157895,1,8,-4,26,82.89099999999999,95.164,97.63707692307692,11.720532257275948,1.5919999999999845,247.0,276.0,277.0,306.0,5,2,7.0,8.0,1.226400000000001,20.762962962962966,41.261111111111084,28.925925925925927,1012.4012345679009,3.5524691358024683,5.6,18.8,22.3,0,0.00000,4,12.0,0,94.0,5.666666666666667,7.2,3.5637059362410923,6.8,34.0,0.0,1.0,62.0,46,4.666666666666667,5.6,19.2,0.0,3,15.0,4,23.847999999999956,,24
2022,10,Silverstone,44,Lewis Hamilton,Mercedes,5,20,0.210526315789473684210526,1,8,-3,20,100.428,105.59,107.93664999999999,7.820851045863163,1.2990000000000066,294.0,245.0,232.0,298.0,3,1,6.333333333333333,6.2,1.1863999999999977,18.253201970443335,30.026108374384233,59.748768472906406,1002.3581280788169,1.4561576354679806,3.9,17.5,19.2,1,0.04433,3,15.0,0,94.0,5.0,5.2,1.9235384061671343,9.8,49.0,0.0,1.0,77.0,47,4.5,4.6,22.2,0.0,3,16.0,6,28.990999999999985,1,28
2022,11,Spielberg,44,Lewis Hamilton,Mercedes,9,20,0.421052631578947368421053,1,4,5,14,65.475,73.151,76.65342857142856,11.119293383154314,0.49099999999999966,312.0,248.0,283.0,319.0,5,1,5.333333333333333,6.0,1.2803999999999973,20.255921052631592,30.74671052631582,35.13815789473684,939.7124999999984,1.2552631578947366,3.9,19.7,21.1,0,0.00000,3,16.0,0,94.0,3.3333333333333335,4.6,2.073644135332772,11.4,57.0,0.0,1.4,93.0,48,5.833333333333333,5.6,21.8,0.1,3,15.0,6,22.26299999999992,,11
2022,12,Le Castellet,44,Lewis Hamilton,Mercedes,4,20,0.157894736842105263157895,1,6,-2,10,91.765,93.245,112.9269,26.274410104172127,0.8930000000000007,123.0,280.0,302.0,329.0,5,1,6.0,6.6,1.2261999999999973,30.164843750000003,54.46171874999998,47.734375,967.9078124999985,1.9460937500000002,4.0,29.1,30.8,0,0.00000,3,15.0,0,94.0,3.0,4.2,2.16794833886788,12.4,62.0,0.0,2.2,108.0,49,5.833333333333333,5.5,22.2,0.1,2,18.0,2,37.199000000000524,,23
2022,13,Budapest,44,Lewis Hamilton,Mercedes,7,20,0.315789473684210526315789,1,1,6,14,78.035,86.749,93.12357142857142,16.69495000436814,0.6580000000000013,280.0,250.0,256.0,303.0,5,1,6.0,5.8,1.167999999999998,18.55988023952095,26.72095808383233,69.31736526946108,985.5814371257485,4.034131736526945,5.8,17.8,19.4,1,0.27545,2,18.0,0,94.0,2.6666666666666665,3.0,0.7071067811865476,15.2,76.0,0.0,2.6,126.0,50,5.5,4.7,26.0,0.1,2,19.0,11,21.679000000000087,1,28
2022,14,Spa-Francorchamps,44,Lewis Hamilton,Mercedes,7,20,0.315789473684210526315789,1,8,-1,13,105.42,106.703,114.66292307692308,11.243261422303421,1.7550000000000097,332.0,207.0,224.0,306.0,6,1,6.666666666666667,5.8,0.9865999999999986,21.78717948717949,36.083974358974366,40.51923076923077,971.0519230769214,1.5192307692307678,3.5,20.7,22.5,0,0.00000,2,19.0,0,94.0,2.3333333333333335,2.6,0.5477225575051661,16.6,83.0,0.0,3.0,145.0,51,2.8333333333333335,4.5,27.4,0.1,20,0.0,0,,,30
2022,15,Zandvoort,44,Lewis Hamilton,Mercedes,4,20,0.157894736842105263157895,1,6,-2,11,70.648,72.439,81.92609090909092,12.62795018563619,0.3059999999999974,279.0,283.0,314.0,319.0,6,1,6.0,6.4,1.0192000000000037,22.730061349693237,33.44601226993866,75.38036809815951,1017.1098159509202,1.0619631901840485,2.0,22.3,23.3,0,0.00000,20,0.0,1,94.0,8.0,6.0,7.842193570679061,13.6,68.0,0.2,-0.4,145.0,52,5.666666666666667,6.2,24.4,0.2,4,12.0,7,14.14600000000064,,26
2022,16,Monza,44,Lewis Hamilton,Mercedes,5,20,0.210526315789473684210526,1,6,-1,10,81.524,82.595,92.4016,12.764066568996647,1.3629999999999995,320.0,333.0,311.0,340.0,6,1,6.0,6.2,0.8206000000000018,27.734693877551035,43.138775510204084,33.14965986394558,993.340136054421,1.3612244897959178,2.7,26.4,28.5,0,0.00000,4,12.0,0,94.0,8.666666666666666,6.2,7.758865896508329,12.8,64.0,0.2,-0.8,157.0,53,5.833333333333333,4.7,27.2,0.1,5,10.0,16,24.28400000000056,,32
2022,17,Marina Bay,44,Lewis Hamilton,Mercedes,3,20,0.105263157894736842105263,1,11,-8,19,109.46600000000001,124.163,124.51678947368423,11.874280074452919,0.054000000000002046,293.0,266.0,251.0,284.0,5,2,5.333333333333333,5.4,0.9950000000000017,26.232549019607895,28.973333333333354,87.44705882352942,1008.1439215686289,0.929803921568626,2.7,24.3,27.7,1,0.18039,5,10.0,0,94.0,9.666666666666666,6.6,7.602631123499285,11.8,59.0,0.2,1.0,167.0,54,6.333333333333333,4.8,26.8,0.1,9,2.0,1,41.01400000000103,,23
2022,18,Suzuka,44,Lewis Hamilton,Mercedes,6,20,0.263157894736842105263158,1,8,-2,14,90.261,91.89099999999999,104.5452142857143,16.185658120592542,0.9569999999999936,276.0,296.0,263.0,294.0,6,2,4.0,5.2,0.8272000000000019,16.717647058823538,19.930588235294138,86.21176470588236,1015.7062745098052,2.040784313725487,4.0,15.8,19.0,1,0.98039,9,2.0,0,94.0,6.0,8.0,7.176350047203662,8.6,43.0,0.2,-0.6,169.0,55,6.166666666666667,6.6,20.6,0.1,5,10.0,2,25.13799999999901,,15
2022,19,Austin,44,Lewis Hamilton,Mercedes,5,20,0.210526315789473684210526,1,6,-1,12,94.947,96.148,104.94633333333333,11.554284316244177,0.5910000000000082,236.0,191.0,210.0,318.0,6,1,4.666666666666667,5.0,0.8870000000000005,29.28529411764708,35.52352941176471,49.62352941176471,991.1994117647055,5.487058823529408,10.1,28.3,30.7,0,0.00000,5,10.0,0,94.0,6.333333333333333,8.6,6.6558245169174945,6.8,34.0,0.2,-1.4,179.0,56,7.333333333333333,7.4,16.6,0.1,2,18.0,8,24.16700000000037,,26
2022,20,Mexico City,44,Lewis Hamilton,Mercedes,3,20,0.105263157894736842105263,1,2,1,13,78.084,91.215,89.18953846153848,10.850177998658092,0.3089999999999975,313.0,294.0,251.0,348.0,6,1,4.666666666666667,4.6,0.6542000000000001,24.312727272727287,41.68909090909089,34.442424242424245,780.4072727272716,1.3369696969696967,4.0,22.8,25.5,0,0.00000,2,18.0,0,94.0,5.333333333333333,5.0,2.5495097567963922,10.4,52.0,0.0,2.0,197.0,57,7.166666666666667,5.7,20.0,0.0,2,18.0,2,23.3100000000004,,26
2022,21,São Paulo,44,Lewis Hamilton,Mercedes,8,20,0.368421052631578947368421,1,3,5,19,71.539,79.164,86.70089473684212,18.625329237641044,0.6580000000000013,321.0,261.0,325.0,325.0,5,2,4.666666666666667,4.4,0.6548000000000002,23.01077844311378,46.04910179640717,76.07784431137725,922.1604790419151,1.4443113772455085,2.9,20.9,25.1,0,0.00000,2,18.0,0,94.0,3.0,4.6,2.8809720581775866,11.6,58.0,0.0,2.2,215.0,58,4.333333333333333,5.7,20.2,0.0,2,18.0,9,23.60200000000077,,18
2022,22,Yas Island,44,Lewis Hamilton,Mercedes,5,20,0.210526315789473684210526,1,6,-1,15,84.508,99.426,100.35900000000001,17.25168822380664,0.6839999999999975,287.0,319.0,224.0,321.0,6,1,5.333333333333333,5.0,0.5138000000000005,28.57548387096773,34.31032258064516,61.68387096774194,1013.5206451612893,2.608387096774191,4.1,27.8,29.7,0,0.00000,2,18.0,0,94.0,2.0,4.0,3.082207001484488,13.2,66.0,0.0,-0.6,233.0,59,2.6666666666666665,5.2,24.0,0.0,18,0.0,8,21.22699999999986,,40
2023,1,Sakhir,44,Lewis Hamilton,Mercedes,7,20,0.315789473684210526315789,1,6,1,10,90.384,91.654,102.77080000000001,12.61365923469034,0.6760000000000019,244.0,271.0,289.0,324.0,5,1,5.333333333333333,5.4,0.6397999999999996,27.43167701863353,31.01180124223602,21.496894409937887,1016.863975155279,0.6832298136645952,2.2,26.2,29.8,0,0.00000,18,0.0,1,92.0,7.333333333333333,5.8,6.942621983083912,12.8,64.0,0.2,-2.0,,60,5.333333333333333,5.2,25.6,0.1,5,10.0,6,24.655000000000655,,16
2023,2,Jeddah,44,Lewis Hamilton,Mercedes,8,20,0.368421052631578947368421,1,4,4,15,89.223,102.35499999999999,105.40733333333334,18.423371739127866,0.9579999999999984,290.0,325.0,307.0,329.0,6,1,6.666666666666667,5.6,0.5836000000000012,26.09189189189191,31.792567567567573,57.79054054054054,1010.9297297297305,1.7722972972972975,3.7,25.8,26.4,0,0.00000,5,10.0,0,92.0,8.333333333333334,5.8,6.942621983083913,12.8,64.0,0.2,-1.8,10.0,61,6.333333333333333,5.1,26.0,0.1,5,10.0,4,21.061999999999898,,11
2023,3,Melbourne,44,Lewis Hamilton,Mercedes,3,20,0.105263157894736842105263,1,2,1,23,77.104,92.11099999999999,91.50365217391304,13.865399045526951,0.3719999999999999,286.0,321.0,307.0,324.0,5,1,6.666666666666667,6.2,0.6569999999999994,17.449549549549555,30.139639639639615,54.15765765765766,1018.3666666666695,1.1270270270270264,5.0,16.8,18.1,0,0.00000,5,10.0,0,92.0,9.333333333333334,6.4,6.6558245169174945,11.2,56.0,0.2,-1.6,20.0,62,7.333333333333333,5.3,24.6,0.1,2,18.0,1,871.6620000000003,,25
2025,1,Melbourne,44,Lewis Hamilton,Ferrari,8,20,0.368421052631578947368421,1,7,1,17,75.919,104.638,102.19258823529411,24.78652458761319,0.8229999999999933,290.0,326.0,312.0,330.0,7,1,6.0,6.2,0.6695999999999998,15.707865168539323,18.942134831460663,78.42134831460675,1009.9016853932579,3.475280898876404,6.9,15.1,16.6,1,0.32584,4,12.0,0,91.0,6.0,6.4,4.33589667773576,8.6,43.0,0.0,4.0,,106,3.3333333333333335,4.5,27.4,0.1,10,1.0,4,14.731999999999971,,12
2025,2,Shanghai,44,Lewis Hamilton,Ferrari,5,20,0.210526315789473684210526,1,6,-1,14,90.92699999999999,96.706,106.40028571428572,16.166917219235906,0.28600000000000136,287.0,281.0,271.0,333.0,6,1,6.333333333333333,6.2,0.7025999999999982,27.215584415584427,35.81688311688313,18.233766233766232,1010.4227272727292,2.18831168831169,4.3,26.4,28.1,0,0.00000,10,1.0,0,91.0,8.666666666666666,7.6,4.33589667773576,6.4,32.0,0.0,3.2,1.0,107,5.166666666666667,5.9,20.2,0.1,19,0.0,5,22.355000000000473,1,44
2025,3,Suzuka,44,Lewis Hamilton,Ferrari,8,20,0.368421052631578947368421,1,4,4,15,87.61,102.604,103.23946666666664,16.820987515034673,0.6269999999999953,289.0,301.0,272.0,298.0,7,2,5.333333333333333,6.2,0.622999999999999,14.42999999999999,20.514285714285716,76.37142857142857,1009.3171428571422,1.2021428571428572,2.4,14.2,14.7,0,0.00000,19,0.0,1,91.0,11.0,9.4,6.767569726275452,6.2,31.0,0.2,-0.4,1.0,108,10.0,7.5,18.2,0.2,7,6.0,4,23.01599999999962,,11
2025,4,Sakhir,44,Lewis Hamilton,Ferrari,9,20,0.421052631578947368421053,1,3,6,10,90.77199999999999,91.962,102.7711,14.935674477572146,0.9309999999999832,243.0,271.0,289.0,322.0,6,1,7.0,6.4,0.6131999999999976,27.05253164556961,31.87025316455695,45.32911392405063,1008.1253164556957,2.105696202531645,3.6,26.6,27.9,0,0.00000,7,6.0,0,91.0,12.0,10.4,5.683308895353129,3.8,19.0,0.2,-1.8,7.0,109,11.0,7.9,16.4,0.2,5,10.0,11,24.360000000000582,,15
2025,5,Jeddah,44,Lewis Hamilton,Ferrari,7,20,0.315789473684210526315789,1,4,3,11,88.102,88.901,103.68618181818182,18.249910338509515,0.8080000000000069,297.0,330.0,310.0,336.0,6,1,7.333333333333333,6.6,0.6077999999999946,29.483802816901413,37.81971830985914,62.725352112676056,1006.7661971830992,1.026056338028169,2.2,28.3,31.7,0,0.00000,5,10.0,0,91.0,10.333333333333334,9.0,6.041522986797286,5.8,29.0,0.2,0.2,17.0,110,9.5,8.0,15.6,0.2,7,6.0,5,20.28099999999995,,15
2025,6,Miami Gardens,44,Lewis Hamilton,Ferrari,12,20,0.578947368421052631578947,0,8,4,9,87.006,88.064,102.12055555555555,17.947835476117387,0.8019999999999925,223.0,194.0,287.0,341.0,5,1,8.0,7.4,0.6949999999999961,26.573154362416098,38.69060402684562,63.02013422818792,1012.2959731543626,1.0469798657718126,2.4,25.9,28.0,1,0.03356,7,6.0,0,91.0,6.333333333333333,9.6,5.549774770204643,4.6,23.0,0.2,-2.2,23.0,111,5.0,8.5,13.2,0.2,8,4.0,8,23.150000000000546,,4
2025,7,Imola,44,Lewis Hamilton,Ferrari,12,20,0.578947368421052631578947,0,11,1,8,75.765,76.258,92.70612499999999,24.06854848990097,1.0949999999999989,231.0,262.0,283.0,301.0,5,1,9.333333333333334,8.2,0.6907999999999959,23.964666666666666,42.66399999999999,38.306666666666665,1009.7999999999994,3.2479999999999993,5.0,23.4,24.3,0,0.00000,8,4.0,0,91.0,6.666666666666667,9.2,5.585696017507576,5.2,26.0,0.2,-1.0,27.0,112,5.666666666666667,8.2,14.2,0.2,4,12.0,10,29.967999999999847,,6
2025,8,Monaco,44,Lewis Hamilton,Ferrari,4,20,0.157894736842105263157895,1,2,2,23,70.382,91.17699999999999,86.64382608695652,14.106215066906996,0.42799999999999727,224.0,209.0,274.0,282.0,6,2,10.333333333333334,9.6,0.8525999999999954,22.20937500000001,43.31749999999996,52.51875,1016.7837499999993,0.9793749999999999,2.2,21.3,22.9,0,0.00000,4,12.0,0,91.0,6.333333333333333,6.2,1.6431676725154984,7.6,38.0,0.0,3.4,39.0,113,5.833333333333333,5.5,18.2,0.0,5,10.0,2,23.51599999999962,,21
2025,9,Barcelona,44,Lewis Hamilton,Ferrari,5,20,0.210526315789473684210526,1,7,-2,9,72.045,73.231,89.4932222222222,21.959005736700476,0.49900000000000944,293.0,313.0,293.0,326.0,5,1,9.333333333333334,8.8,0.8127999999999957,29.11999999999999,48.54322580645158,54.6258064516129,1002.7716129032251,1.6329032258064524,3.5,28.1,30.0,0,0.00000,5,10.0,0,91.0,5.666666666666667,5.8,1.6431676725154984,8.4,42.0,0.0,3.6,49.0,114,5.333333333333333,5.1,20.2,0.0,6,8.0,7,22.001000000000204,,23
2025,10,Montréal,44,Lewis Hamilton,Ferrari,5,20,0.210526315789473684210526,1,8,-3,20,71.526,90.001,88.14075,12.919877316816088,0.6269999999999953,264.0,286.0,298.0,333.0,6,1,7.0,8.0,0.726400000000001,24.036526946107763,49.25329341317365,27.976047904191617,1018.9281437125736,1.0377245508982031,2.9,22.8,25.6,1,0.00599,6,8.0,0,91.0,5.0,6.0,1.5811388300841895,8.0,40.0,0.0,2.6,57.0,115,4.333333333333333,5.1,20.4,0.0,6,8.0,6,18.17200000000048,,22
2025,11,Spielberg,44,Lewis Hamilton,Ferrari,4,20,0.157894736842105263157895,1,2,2,12,64.582,65.39,75.59083333333332,13.364332264605961,0.61099999999999,319.0,250.0,286.0,321.0,7,1,4.666666666666667,7.6,0.6901999999999987,30.347826086956506,49.16645962732919,31.981366459627328,943.3447204968951,1.6180124223602488,3.7,29.1,31.3,0,0.00000,6,8.0,0,91.0,5.666666666666667,5.8,1.4832396974191326,8.4,42.0,0.0,2.4,65.0,116,4.5,5.2,19.8,0.0,4,12.0,4,21.271999999999935,,23
2025,12,Silverstone,44,Lewis Hamilton,Ferrari,5,20,0.210526315789473684210526,1,6,-1,11,85.084,86.374,98.11809090909092,14.96851764507458,0.19200000000000728,321.0,273.0,255.0,324.0,6,1,4.666666666666667,6.0,0.6519999999999981,17.917419354838703,23.578709677419354,78.3741935483871,988.7767741935467,1.4832258064516135,5.8,16.0,19.6,1,0.18065,4,12.0,0,91.0,5.333333333333333,5.0,1.0,10.0,50.0,0.0,1.6,77.0,117,4.5,4.4,23.2,0.0,4,12.0,7,28.88499999999931,,23
2025,13,Spa-Francorchamps,44,Lewis Hamilton,Ferrari,16,20,0.789473684210526315789474,0,3,13,5,101.664,110.459,125.57939999999999,31.702413950675737,1.1020000000000039,343.0,217.0,228.0,315.0,3,1,4.666666666666667,4.6,0.4713999999999999,17.03004484304933,24.090134529147992,84.4439461883408,965.0475336322884,1.446188340807175,3.2,14.5,19.0,1,0.45740,4,12.0,0,91.0,4.666666666666667,5.0,1.0,10.0,50.0,0.0,0.2,89.0,118,6.0,5.2,21.6,0.0,7,6.0,6,23.23400000000038,,-6
2025,14,Budapest,44,Lewis Hamilton,Ferrari,12,20,0.578947368421052631578947,0,1,11,8,75.702,76.201,93.685125,21.299208257837062,0.8119999999999976,285.0,255.0,259.0,311.0,4,1,8.333333333333334,7.0,0.6062000000000012,22.08216560509553,32.7299363057325,57.24203821656051,987.1401273885358,2.1509554140127394,3.7,21.6,22.5,0,0.00000,7,6.0,0,91.0,5.0,5.4,1.3416407864998738,9.2,46.0,0.0,2.0,95.0,119,5.833333333333333,5.5,20.2,0.0,12,0.0,11,21.13000000000011,,11
2025,15,Zandvoort,44,Lewis Hamilton,Ferrari,7,20,0.315789473684210526315789,1,6,1,12,69.261,70.224,83.53358333333333,15.467560526107144,0.5989999999999895,291.0,280.0,319.0,331.0,7,1,11.0,8.4,0.6687999999999988,20.077358490566034,27.963522012578633,71.17610062893081,1006.205660377358,2.170440251572328,3.9,19.4,20.7,0,0.00000,12,0.0,1,91.0,7.666666666666667,6.6,3.286335345030997,7.6,38.0,0.2,2.2,95.0,120,7.333333333333333,6.2,18.0,0.1,20,0.0,0,,,30
2025,16,Monza,44,Lewis Hamilton,Ferrari,5,20,0.210526315789473684210526,1,4,1,13,79.124,97.44800000000001,97.78130769230769,20.427784499649064,0.33199999999999363,328.0,343.0,319.0,352.0,7,1,11.666666666666666,8.8,0.6631999999999977,26.761111111111102,43.28819444444442,42.604166666666664,996.7527777777791,1.960416666666666,4.0,25.9,27.4,0,0.00000,20,0.0,1,91.0,13.0,9.4,6.767569726275452,6.0,30.0,0.4,-0.2,95.0,121,10.833333333333334,9.0,14.4,0.3,6,8.0,6,24.0,,22
2025,17,Baku,44,Lewis Hamilton,Ferrari,12,20,0.578947368421052631578947,0,10,2,8,101.821,102.824,118.07175000000001,17.440432823511824,0.7040000000000077,233.0,232.0,340.0,320.0,4,1,8.0,9.0,0.6073999999999984,20.551923076923092,26.107051282051287,59.833333333333336,1021.1160256410266,1.5070512820512825,2.9,20.3,21.1,0,0.00000,6,8.0,0,91.0,12.666666666666666,9.8,6.418722614352485,5.2,26.0,0.4,0.6,103.0,122,10.833333333333334,9.3,13.0,0.3,8,4.0,6,20.055999999999585,,2
2025,18,Marina Bay,44,Lewis Hamilton,Ferrari,6,20,0.263157894736842105263158,1,7,-1,13,89.688,110.97800000000001,106.59153846153848,16.945203616438604,0.5300000000000011,315.0,279.0,260.0,304.0,5,1,8.0,10.4,0.7097999999999984,29.072049689440938,33.852173913043515,74.36024844720497,1010.7776397515512,1.1111801242236026,2.2,28.5,29.5,1,0.03727,8,4.0,0,91.0,11.333333333333334,10.6,5.727128425310541,3.6,18.0,0.4,1.2,107.0,123,11.0,9.2,11.8,0.3,8,4.0,4,23.384000000000015,1,22
2025,19,Austin,44,Lewis Hamilton,Ferrari,5,20,0.210526315789473684210526,1,3,2,11,92.912,101.529,105.84254545454543,14.303585336296882,0.40200000000001523,244.0,194.0,212.0,325.0,6,1,7.666666666666667,8.4,0.5953999999999979,28.267532467532465,45.04480519480521,22.532467532467532,1001.1077922077926,2.082467532467532,4.9,26.4,29.3,0,0.00000,8,4.0,0,91.0,7.333333333333333,10.8,5.585696017507576,3.2,16.0,0.4,-1.4,111.0,124,6.833333333333333,9.6,10.0,0.3,4,12.0,2,23.951999999999316,,18
2025,20,Mexico City,44,Lewis Hamilton,Ferrari,3,20,0.105263157894736842105263,1,2,1,15,75.938,97.288,91.5742,15.000101048231071,0.35200000000000387,320.0,298.0,254.0,350.0,6,1,7.666666666666667,7.0,0.5134000000000014,26.405555555555555,50.58827160493828,23.234567901234566,780.8888888888889,1.8475308641975292,3.9,25.4,27.1,0,0.00000,4,12.0,0,91.0,6.666666666666667,9.2,6.260990336999411,5.6,28.0,0.2,-1.2,123.0,125,6.333333333333333,8.7,13.0,0.2,8,4.0,7,23.39799999999923,,29
2025,21,São Paulo,44,Lewis Hamilton,Ferrari,13,19,0.666666666666666666666667,0,3,10,11,70.016,89.38,88.79218181818182,16.643199985688938,0.5050000000000097,326.0,269.0,332.0,338.0,5,1,4.666666666666667,6.2,0.4640000000000043,17.34802631578948,30.69276315789474,70.57236842105263,929.708552631579,1.5098684210526314,2.9,16.6,18.0,0,0.00000,8,4.0,0,91.0,6.666666666666667,6.8,1.7888543819998317,6.4,32.0,0.0,0.4,127.0,126,5.166666666666667,5.8,17.4,0.0,18,0.0,7,23.34100000000035,,17
2025,22,Las Vegas,44,Lewis Hamilton,Ferrari,20,20,1.000000000000000000000000,0,9,11,7,117.11500000000001,121.707,130.58114285714285,18.058223569227142,9.181000000000012,141.0,180.0,274.0,225.0,2,2,7.0,7.8,0.49860000000000754,16.73404255319152,19.529787234042566,37.765957446808514,941.8964539007092,1.436879432624114,2.8,16.3,17.2,0,0.00000,18,0.0,1,91.0,10.0,9.2,5.215361924162119,4.8,24.0,0.2,-1.4,127.0,127,9.0,8.5,13.4,0.2,8,4.0,8,21.62199999999939,,-12
2025,23,Lusail,44,Lewis Hamilton,Ferrari,18,20,0.894736842105263157894737,0,10,8,7,80.907,100.792,102.83542857142858,23.81401317751898,1.519999999999996,256.0,290.0,283.0,323.0,3,1,12.0,9.4,2.1940000000000084,22.59932885906039,28.160402684563756,69.04697986577182,1016.0953020134215,1.2510067114093952,2.7,21.6,23.7,0,0.00000,8,4.0,0,91.0,11.333333333333334,9.2,5.215361924162119,4.8,24.0,0.2,0.0,131.0,128,9.833333333333334,8.0,15.4,0.2,12,0.0,5,28.452000000000226,,-7
2025,24,Yas Island,44,Lewis Hamilton,Ferrari,16,20,0.789473684210526315789474,0,5,11,7,83.394,115.791,104.76257142857142,20.46891516305593,1.1870000000000118,290.0,323.0,223.0,327.0,3,2,17.0,11.8,2.3920000000000075,26.67402597402595,31.0616883116883,60.44155844155844,1016.7279220779227,1.5733766233766233,3.2,25.9,27.5,0,0.00000,12,0.0,0,91.0,12.666666666666666,10.0,5.291502622129181,4.0,20.0,0.2,1.4,131.0,129,11.5,8.6,13.8,0.2,8,4.0,18,21.45600000000013,,6
2026,1,Melbourne,44,Lewis Hamilton,Ferrari,7,19,0.333333333333333333333333,1,4,3,18,79.47800000000001,96.101,101.15227777777778,19.603374777905117,0.960000000000008,277.0,303.0,305.0,303.0,7,2,18.0,14.0,2.5490000000000066,24.23445945945945,36.13445945945945,53.97297297297296,1012.5608108108116,2.5614864864864857,4.6,23.1,25.3,0,0.00000,8,4.0,0,92.0,9.333333333333334,10.8,4.381780460041329,2.4,12.0,0.2,2.8,,130,7.333333333333333,9.1,11.6,0.2,4,12.0,2,17.972999999999956,,12
2026,2,Shanghai,44,Lewis Hamilton,Ferrari,3,22,0.095238095238095238095238,1,4,-1,13,92.41499999999999,106.805,108.27630769230768,15.773596210041513,0.3509999999999991,276.0,275.0,276.0,312.0,6,2,13.666666666666666,14.8,2.6706000000000074,15.572368421052628,22.616447368421053,54.99802631578948,1024.481578947368,2.1934210526315794,4.5,14.9,16.4,0,0.00000,4,12.0,0,92.0,8.0,10.0,5.291502622129181,4.0,20.0,0.2,4.4,12.0,131,6.5,8.8,12.6,0.2,3,15.0,5,22.3149999999996,,28
2026,3,Suzuka,44,Lewis Hamilton,Ferrari,6,22,0.238095238095238095238095,1,4,2,15,89.56700000000001,107.554,104.63666666666668,15.691210304164683,0.7890000000000157,282.0,330.0,266.0,284.0,5,1,8.666666666666666,12.8,2.6398000000000055,18.556410256410274,34.1429487179487,52.49551282051283,1011.7987179487181,1.9506410256410254,3.7,17.3,19.5,0,0.00000,3,15.0,0,92.0,5.0,7.0,3.605551275463989,7.0,35.0,0.0,5.4,27.0,132,4.333333333333333,5.8,18.0,0.0,6,8.0,6,22.909999999999854,,19
2026,4,Miami Gardens,44,Lewis Hamilton,Ferrari,6,22,0.238095238095238095238095,1,3,3,14,88.319,90.6,108.48414285714284,21.54283671720546,0.5210000000000008,222.0,194.0,265.0,326.0,6,1,5.333333333333333,10.0,0.9614000000000061,27.125595238095247,37.01190476190477,70.44821428571433,1015.6476190476195,1.1517857142857149,4.8,25.7,28.1,1,0.01786,6,8.0,0,92.0,4.333333333333333,6.6,3.5777087639996634,7.8,39.0,0.0,3.2,35.0,133,3.8333333333333335,5.5,19.4,0.0,6,8.0,3,23.766999999999825,,16
2026,5,Montréal,44,Lewis Hamilton,Ferrari,5,22,0.190476190476190476190476,1,8,-3,22,72.868,88.831,88.20768181818181,11.564986691719698,0.28999999999999204,251.0,285.0,281.0,328.0,5,1,5.0,7.6,0.761600000000007,12.848750000000004,17.82749999999999,71.69499999999992,1024.2043749999991,3.0156249999999987,6.2,12.1,13.7,0,0.00000,6,8.0,0,92.0,5.0,5.4,1.9493588689617927,9.4,47.0,0.0,2.2,43.0,134,5.0,4.9,21.0,0.0,2,18.0,3,25.936999999999898,,21
2026,6,Monte Carlo,44,Lewis Hamilton,Ferrari,3,22,0.095238095238095238095238,1,4,-1,24,72.279,86.83,89.92141666666667,17.170748500857794,0.22799999999999443,220.0,205.0,264.0,281.0,6,1,5.666666666666667,5.4,0.5822000000000032,23.677403846153872,37.976923076923086,62.198557692307695,1021.4403846153845,0.8418269230769228,3.5,22.6,24.5,0,0.00000,2,18.0,0,92.0,4.666666666666667,4.2,1.7888543819998317,12.2,61.0,0.0,1.2,61.0,135,4.833333333333333,4.3,23.8,0.0,2,18.0,1,22.57799999999952,,25
2026,7,Barcelona,44,Lewis Hamilton,Ferrari,2,22,0.047619047619047619047619,1,10,-8,8,74.743,75.71000000000001,89.04875,16.299861767599662,0.06399999999999295,269.0,297.0,279.0,333.0,4,1,4.666666666666667,4.6,0.4358000000000004,30.529333333333362,50.28666666666666,28.866000000000017,1000.5366666666639,2.5713333333333326,5.2,29.8,31.1,0,0.00000,2,18.0,0,92.0,3.3333333333333335,3.8,2.04939015319192,13.4,67.0,0.0,0.8,79.0,136,6.5,5.5,22.0,0.1,1,25.0,10,22.399999999999636,1,47
2025,1,Melbourne,30,Liam Lawson,Red Bull Racing,18,20,0.894736842105263157894737,0,3,15,4,77.094,108.82900000000001,108.01525,21.707698148736704,1.9979999999999905,291.0,329.0,313.0,327.0,3,1,,,,15.707865168539323,18.942134831460663,78.42134831460675,1009.9016853932579,3.475280898876404,6.9,15.1,16.6,1,0.32584,17,0.0,1,77.0,15.666666666666666,14.4,3.2093613071762426,0.4,2.0,0.4,-2.4,,11,9.833333333333334,9.4,15.6,0.3,15,0.0,3,14.769000000000233,,-3
2025,2,Shanghai,30,Liam Lawson,Red Bull Racing,20,20,1.000000000000000000000000,0,4,16,5,92.174,101.345,104.5154,13.83701200765541,1.5330000000000155,285.0,277.0,270.0,334.0,3,1,18.0,18.0,1.9979999999999905,27.215584415584427,35.81688311688313,18.233766233766232,1010.4227272727292,2.18831168831169,4.3,26.4,28.1,0,0.00000,15,0.0,1,77.0,15.333333333333334,14.2,3.1144823004794873,0.4,2.0,0.4,-1.0,0.0,12,10.166666666666666,8.8,17.6,0.3,12,0.0,10,22.315999999999804,,-6
2025,3,Suzuka,30,Liam Lawson,Racing Bulls,14,20,0.684210526315789473684211,0,7,7,8,87.906,89.007,101.091,14.071410042047264,0.9230000000000018,287.0,302.0,271.0,298.0,4,1,19.0,19.0,1.765500000000003,14.42999999999999,20.514285714285716,76.37142857142857,1009.3171428571422,1.2021428571428572,2.4,14.2,14.7,0,0.00000,12,0.0,0,77.0,14.666666666666666,14.8,1.9235384061671343,0.0,0.0,0.4,1.4,0.0,13,14.75,14.75,0.0,0.5,17,0.0,3,23.46900000000005,,9
2025,4,Sakhir,30,Liam Lawson,Racing Bulls,17,20,0.842105263157894736842105,0,12,5,4,92.16499999999999,92.388,108.02974999999999,18.192390412385794,2.323999999999984,241.0,275.0,287.0,317.0,2,1,17.333333333333332,17.333333333333332,1.4846666666666692,27.05253164556961,31.87025316455695,45.32911392405063,1008.1253164556957,2.105696202531645,3.6,26.6,27.9,0,0.00000,17,0.0,0,77.0,14.666666666666666,15.0,2.121320343559643,0.0,0.0,0.4,1.0,0.0,14,14.0,14.0,1.3333333333333333,0.3333333333333333,16,0.0,14,23.942000000000007,,12
2025,5,Jeddah,30,Liam Lawson,Racing Bulls,12,20,0.578947368421052631578947,0,14,-2,7,88.191,98.928,103.0442857142857,15.816423338988344,0.8970000000000056,296.0,325.0,310.0,331.0,4,1,17.0,17.25,1.694499999999998,29.483802816901413,37.81971830985914,62.725352112676056,1006.7661971830992,1.026056338028169,2.2,28.3,31.7,0,0.00000,16,0.0,0,77.0,15.0,15.4,2.0736441353327724,0.0,0.0,0.4,0.6,0.0,15,13.5,14.125,1.0,0.25,12,0.0,6,20.548000000000684,,6
2025,6,Miami Gardens,30,Liam Lawson,Racing Bulls,15,20,0.736842105263157894736842,0,11,4,9,87.363,108.201,104.24000000000001,16.88474093671561,1.1589999999999918,224.0,192.0,284.0,338.0,5,1,14.333333333333334,16.2,1.5349999999999995,26.573154362416098,38.69060402684562,63.02013422818792,1012.2959731543626,1.0469798657718126,2.4,25.9,28.0,1,0.03356,12,0.0,0,77.0,15.0,14.4,2.3021728866442674,0.0,0.0,0.2,1.6,0.0,16,12.666666666666666,13.5,1.0,0.2,17,0.0,2,22.376000000000204,,6
2025,7,Imola,30,Liam Lawson,Racing Bulls,16,20,0.789473684210526315789474,0,9,7,3,76.379,100.922,96.15833333333335,17.879943968965154,1.7090000000000032,230.0,261.0,280.0,298.0,2,1,14.666666666666666,15.6,1.3671999999999997,23.964666666666666,42.66399999999999,38.306666666666665,1009.7999999999994,3.2479999999999993,5.0,23.4,24.3,0,0.00000,17,0.0,1,77.0,15.0,14.8,2.588435821108957,0.0,0.0,0.2,0.6,0.0,17,13.166666666666666,13.1,1.0,0.2,14,0.0,8,29.652000000000044,,4
2025,8,Monaco,30,Liam Lawson,Racing Bulls,9,20,0.421052631578947368421053,1,6,3,20,71.129,77.498,85.48344999999998,14.311625397685765,1.1749999999999972,223.0,208.0,270.0,281.0,6,1,14.333333333333334,14.8,1.4023999999999972,22.20937500000001,43.31749999999996,52.51875,1016.7837499999993,0.9793749999999999,2.2,21.3,22.9,0,0.00000,14,0.0,0,77.0,14.333333333333334,15.2,2.16794833886788,0.0,0.0,0.2,-0.8,0.0,18,12.166666666666666,12.7,1.4,0.1,8,4.0,3,23.90599999999995,,7
2025,9,Barcelona,30,Liam Lawson,Racing Bulls,13,20,0.631578947368421052631579,0,9,4,8,72.763,73.482,88.1055,16.269332860147824,1.217000000000013,291.0,310.0,294.0,325.0,4,1,13.333333333333334,13.8,1.4527999999999963,29.11999999999999,48.54322580645158,54.6258064516129,1002.7716129032251,1.6329032258064524,3.5,28.1,30.0,0,0.00000,8,4.0,1,77.0,13.0,13.4,3.5777087639996634,0.8,4.0,0.4,0.2,4.0,19,10.833333333333334,11.6,3.0,0.3,11,0.0,13,21.945999999999913,,9
2025,10,Montréal,30,Liam Lawson,Racing Bulls,19,20,0.947368421052631578947368,0,9,10,8,72.525,94.28399999999999,92.49775,17.696274569605237,1.6260000000000048,260.0,284.0,297.0,329.0,2,1,12.666666666666666,13.0,1.231400000000002,24.036526946107763,49.25329341317365,27.976047904191617,1018.9281437125736,1.0377245508982031,2.9,22.8,25.6,1,0.00599,11,0.0,0,77.0,11.0,12.4,3.361547262794322,0.8,4.0,0.4,0.4,4.0,20,9.166666666666666,10.5,4.2,0.3,19,0.0,9,23.283000000000357,,9
2025,11,Spielberg,30,Liam Lawson,Racing Bulls,6,20,0.263157894736842105263158,1,13,-7,10,64.926,65.4,78.2519,15.620170310993554,0.9549999999999983,317.0,251.0,287.0,317.0,6,1,13.666666666666666,14.4,1.377200000000002,30.347826086956506,49.16645962732919,31.981366459627328,943.3447204968951,1.6180124223602488,3.7,29.1,31.3,0,0.00000,19,0.0,1,77.0,12.666666666666666,13.8,4.43846820423443,0.8,4.0,0.6,0.4,4.0,21,11.166666666666666,11.8,4.0,0.5,6,8.0,12,21.376999999999498,,25
2025,12,Silverstone,30,Liam Lawson,Racing Bulls,16,20,0.789473684210526315789474,0,13,3,4,86.44,86.606,98.912,14.70420409270764,1.5480000000000018,318.0,268.0,255.0,317.0,2,1,12.666666666666666,12.6,1.3364000000000034,17.917419354838703,23.578709677419354,78.3741935483871,988.7767741935467,1.4832258064516135,5.8,16.0,19.6,1,0.18065,6,8.0,0,77.0,12.0,11.6,5.128352561983234,2.4,12.0,0.4,0.8,12.0,22,11.833333333333334,10.8,5.6,0.5,19,0.0,0,,,6
2025,13,Spa-Francorchamps,30,Liam Lawson,Racing Bulls,9,20,0.421052631578947368421053,1,8,1,12,101.297,102.102,116.45358333333333,17.699208351368476,0.7349999999999994,340.0,217.0,228.0,315.0,7,1,13.666666666666666,12.6,1.304200000000003,17.03004484304933,24.090134529147992,84.4439461883408,965.0475336322884,1.446188340807175,3.2,14.5,19.0,1,0.45740,19,0.0,1,77.0,14.666666666666666,12.6,6.107372593840988,2.4,12.0,0.6,-0.2,12.0,23,14.833333333333334,12.1,5.2,0.7,8,4.0,1,23.234999999998763,,5
2025,14,Budapest,30,Liam Lawson,Racing Bulls,9,20,0.421052631578947368421053,1,10,-1,11,75.63,76.649,89.56345454545455,16.45423449671018,0.7399999999999949,281.0,256.0,260.0,308.0,6,1,10.333333333333334,12.6,1.2162000000000035,22.08216560509553,32.7299363057325,57.24203821656051,987.1401273885358,2.1509554140127394,3.7,21.6,22.5,0,0.00000,8,4.0,0,77.0,11.0,12.6,6.107372593840988,2.4,12.0,0.4,-0.2,16.0,24,13.666666666666666,13.5,3.6,0.6,8,4.0,5,22.186999999999898,,9
2025,15,Zandvoort,30,Liam Lawson,Racing Bulls,8,20,0.368421052631578947368421,1,4,4,11,69.383,70.331,81.49781818181818,13.482143804441353,0.7209999999999894,290.0,281.0,322.0,329.0,6,1,11.333333333333334,11.8,1.1207999999999998,20.077358490566034,27.963522012578633,71.17610062893081,1006.205660377358,2.170440251572328,3.9,19.4,20.7,0,0.00000,8,4.0,0,77.0,11.666666666666666,12.0,6.442049363362563,3.2,16.0,0.4,-0.4,20.0,25,13.833333333333334,13.6,3.2,0.7,12,0.0,8,17.55699999999979,,19
2025,16,Monza,30,Liam Lawson,Racing Bulls,20,20,1.000000000000000000000000,0,16,4,3,80.279,102.818,96.194,13.84715281204046,1.4869999999999948,326.0,336.0,315.0,344.0,2,1,8.666666666666666,9.6,0.9397999999999967,26.761111111111102,43.28819444444442,42.604166666666664,996.7527777777791,1.960416666666666,4.0,25.9,27.4,0,0.00000,12,0.0,0,77.0,9.333333333333334,10.6,5.176871642217914,3.2,16.0,0.2,-1.2,20.0,26,10.333333333333334,11.6,6.2,0.5,14,0.0,7,24.109999999999673,,-5
2025,17,Baku,30,Liam Lawson,Racing Bulls,3,20,0.105263157894736842105263,1,8,-5,11,101.537,102.56,114.84345454545452,16.609593705829386,0.4200000000000159,220.0,232.0,341.0,321.0,6,2,12.333333333333334,12.4,1.046199999999996,20.551923076923092,26.107051282051287,59.833333333333336,1021.1160256410266,1.5070512820512825,2.9,20.3,21.1,0,0.00000,14,0.0,0,77.0,11.333333333333334,12.2,4.604345773288535,1.6,8.0,0.2,-0.4,20.0,27,9.666666666666666,12.2,4.8,0.4,5,10.0,5,20.13799999999992,,27
2025,18,Marina Bay,30,Liam Lawson,Racing Bulls,12,20,0.578947368421052631578947,0,8,4,9,90.32,106.947,108.2732222222222,18.72108108375274,1.161999999999992,309.0,278.0,258.0,301.0,5,1,10.333333333333334,9.8,0.8205999999999989,29.072049689440938,33.852173913043515,74.36024844720497,1010.7776397515512,1.1111801242236026,2.2,28.5,29.5,1,0.03727,5,10.0,0,77.0,10.333333333333334,9.4,3.5777087639996634,3.6,18.0,0.0,0.0,30.0,28,9.0,10.1,7.0,0.2,15,0.0,8,24.182999999999993,,14
2025,19,Austin,30,Liam Lawson,Racing Bulls,12,20,0.578947368421052631578947,0,20,-8,8,93.36,94.212,107.82362499999999,15.805545979067876,0.8500000000000085,241.0,193.0,213.0,326.0,4,1,11.666666666666666,10.4,0.9059999999999974,28.267532467532465,45.04480519480521,22.532467532467532,1001.1077922077926,2.082467532467532,4.9,26.4,29.3,0,0.00000,15,0.0,1,77.0,11.333333333333334,10.8,4.207136793592526,2.8,14.0,0.2,-0.8,30.0,29,10.833333333333334,9.9,6.2,0.3,11,0.0,5,23.423999999999978,,3
2025,20,Mexico City,30,Liam Lawson,Racing Bulls,15,20,0.736842105263157894736842,0,9,6,8,76.961,82.555,89.09262500000001,12.969799281820602,1.375,313.0,295.0,252.0,343.0,5,1,9.0,11.0,0.9280000000000002,26.405555555555555,50.58827160493828,23.234567901234566,780.8888888888889,1.8475308641975292,3.9,25.4,27.1,0,0.00000,11,0.0,0,77.0,10.333333333333334,11.4,3.9115214431215892,2.0,10.0,0.2,-0.8,30.0,30,11.333333333333334,10.7,5.4,0.2,20,0.0,0,34.17099999999982,,10
2025,21,São Paulo,30,Liam Lawson,Racing Bulls,7,19,0.333333333333333333333333,1,5,2,14,69.95,70.543,83.67014285714286,14.661100666295576,0.43900000000000716,326.0,268.0,332.0,335.0,7,1,13.0,12.4,1.0588000000000022,17.34802631578948,30.69276315789474,70.57236842105263,929.708552631579,1.5098684210526314,2.9,16.6,18.0,0,0.00000,20,0.0,1,77.0,15.333333333333334,13.0,5.522680508593631,2.0,10.0,0.4,-1.0,30.0,31,14.333333333333334,12.5,2.4,0.4,7,6.0,13,22.822000000000116,,23
2025,22,Las Vegas,30,Liam Lawson,Racing Bulls,6,20,0.263157894736842105263158,1,8,-2,20,109.062,115.747,118.71119999999999,8.038327697252774,1.1280000000000001,150.0,192.0,318.0,267.0,3,2,11.333333333333334,9.8,0.8492000000000047,16.73404255319152,19.529787234042566,37.765957446808514,941.8964539007092,1.436879432624114,2.8,16.3,17.2,0,0.00000,7,6.0,0,77.0,12.666666666666666,11.6,6.06630035524124,3.2,16.0,0.4,-1.8,36.0,32,12.5,11.6,4.2,0.4,14,0.0,5,21.275000000000546,,26
2025,23,Lusail,30,Liam Lawson,Racing Bulls,12,20,0.578947368421052631578947,0,6,6,11,80.43299999999999,104.483,98.10672727272727,17.210661893668757,1.0459999999999923,257.0,287.0,284.0,323.0,5,1,9.333333333333334,10.4,0.9908000000000016,22.59932885906039,28.160402684563756,69.04697986577182,1016.0953020134215,1.2510067114093952,2.7,21.6,23.7,0,0.00000,14,0.0,1,77.0,13.666666666666666,13.4,4.8270073544588685,1.2,6.0,0.6,-3.0,36.0,33,11.333333333333334,12.1,3.6,0.5,9,2.0,5,27.984999999999673,,1
2025,24,Yas Island,30,Liam Lawson,Racing Bulls,13,20,0.631578947368421052631579,0,9,4,9,83.077,88.639,97.9401111111111,16.173169892173618,0.8700000000000045,292.0,324.0,222.0,329.0,5,1,8.333333333333334,10.4,0.9676000000000016,26.67402597402595,31.0616883116883,60.44155844155844,1016.7279220779227,1.5733766233766233,3.2,25.9,27.5,0,0.00000,9,2.0,0,77.0,10.0,12.2,5.06951674225463,1.6,8.0,0.4,-1.8,38.0,34,10.333333333333334,12.2,4.0,0.4,18,0.0,7,28.363000000000284,,17
2026,1,Melbourne,30,Liam Lawson,Racing Bulls,8,19,0.388888888888888888888889,1,9,-1,16,79.994,93.699,98.79418749999999,18.09854004505612,1.475999999999999,261.0,301.0,318.0,306.0,5,1,10.333333333333334,10.6,0.9716000000000008,24.23445945945945,36.13445945945945,53.97297297297296,1012.5608108108116,2.5614864864864857,4.6,23.1,25.3,0,0.00000,18,0.0,1,80.0,13.666666666666666,13.6,5.594640292279746,1.6,8.0,0.6,-3.0,,35,13.666666666666666,13.0,4.0,0.6,13,0.0,7,18.105999999999767,,20
2026,2,Shanghai,30,Liam Lawson,Racing Bulls,14,22,0.619047619047619047619048,0,15,-1,11,93.765,111.381,106.89145454545455,12.640261408401615,1.7010000000000076,292.0,290.0,278.0,319.0,4,1,11.0,9.2,0.9918000000000007,15.572368421052628,22.616447368421053,54.99802631578948,1024.481578947368,2.1934210526315794,4.5,14.9,16.4,0,0.00000,13,0.0,1,80.0,13.333333333333334,12.2,4.324349662087931,1.6,8.0,0.6,-3.0,0.0,36,13.833333333333334,11.8,4.8,0.6,7,6.0,7,22.95300000000043,,-1
2026,3,Suzuka,30,Liam Lawson,Racing Bulls,14,22,0.619047619047619047619048,0,10,4,11,90.495,107.939,104.86954545454546,13.78601164487856,1.717000000000013,275.0,336.0,263.0,291.0,4,1,11.666666666666666,10.6,1.2442000000000006,18.556410256410274,34.1429487179487,52.49551282051283,1011.7987179487181,1.9506410256410254,3.7,17.3,19.5,0,0.00000,7,6.0,0,80.0,12.666666666666666,12.2,4.324349662087931,1.6,8.0,0.6,-1.6,6.0,37,12.5,12.2,4.0,0.7,9,2.0,3,24.266999999999825,,-5
2026,4,Miami Gardens,30,Liam Lawson,Racing Bulls,11,22,0.476190476190476190476190,0,16,-5,8,89.499,89.90899999999999,101.7165,15.536818556485201,1.7009999999999934,225.0,193.0,277.0,321.0,5,1,12.0,12.2,1.3620000000000032,27.125595238095247,37.01190476190477,70.44821428571433,1015.6476190476195,1.1517857142857149,4.8,25.7,28.1,1,0.01786,9,2.0,0,80.0,9.666666666666666,11.2,4.381780460041329,2.0,10.0,0.4,1.0,8.0,38,10.5,12.5,2.8,0.6,20,0.0,0,,,18
2026,5,Montréal,30,Liam Lawson,Racing Bulls,12,22,0.523809523809523809523810,0,9,3,17,73.897,88.98400000000001,86.26694117647058,10.741768758394658,1.3190000000000026,253.0,286.0,284.0,321.0,4,1,13.0,12.0,1.4930000000000034,12.848750000000004,17.82749999999999,71.69499999999992,1024.2043749999991,3.0156249999999987,6.2,12.1,13.7,0,0.00000,20,0.0,1,80.0,12.0,13.4,5.594640292279745,1.6,8.0,0.6,-1.4,8.0,39,12.666666666666666,13.2,2.4,0.7,7,6.0,2,24.152999999999338,,-2
2026,6,Monte Carlo,30,Liam Lawson,Racing Bulls,10,22,0.428571428571428571428571,1,15,-5,25,73.412,86.586,86.96119999999999,11.88969730831417,1.3610000000000042,216.0,201.0,266.0,283.0,6,1,12.333333333333334,11.8,1.582800000000003,23.677403846153872,37.976923076923086,62.198557692307695,1021.4403846153845,0.8418269230769228,3.5,22.6,24.5,0,0.00000,7,6.0,1,80.0,12.0,11.2,5.495452665613635,2.8,14.0,0.6,0.6,14.0,40,14.333333333333334,12.6,3.6,0.7,6,8.0,3,19.890000000000327,,4
2026,7,Barcelona,30,Liam Lawson,Racing Bulls,8,22,0.333333333333333333333333,1,11,-3,7,75.58500000000001,76.673,85.986,12.166962590008511,0.9060000000000059,283.0,293.0,284.0,332.0,4,1,11.0,12.2,1.559800000000004,30.529333333333362,50.28666666666666,28.866000000000017,1000.5366666666639,2.5713333333333326,5.2,29.8,31.1,0,0.00000,6,8.0,0,80.0,11.0,9.8,5.805170109479997,4.4,22.0,0.4,2.4,22.0,41,12.666666666666666,11.8,5.6,0.5,8,4.0,9,23.15400000000045,,16
2023,1,Sakhir,2,Logan Sargeant,Williams,16,20,0.789473684210526315789474,0,15,1,4,91.652,92.673,104.16775,15.786415286040508,1.9440000000000026,241.0,271.0,285.0,322.0,2,1,,,,27.43167701863353,31.01180124223602,21.496894409937887,1016.863975155279,0.6832298136645952,2.2,26.2,29.8,0,0.00000,,,,71.0,,,,,,,,,0,15.5,15.2,0.4,0.2,12,0.0,10,25.02899999999954,,2
2023,2,Jeddah,2,Logan Sargeant,Williams,20,20,1.000000000000000000000000,0,17,3,4,89.721,96.075,111.78,22.027017970362365,1.456000000000003,293.0,326.0,310.0,332.0,2,1,16.0,16.0,1.9440000000000026,26.09189189189191,31.792567567567573,57.79054054054054,1010.9297297297305,1.7722972972972975,3.7,25.8,26.4,0,0.00000,12,0.0,1,71.0,12.0,12.0,,0.0,0.0,1.0,4.0,0.0,1,14.166666666666666,14.5,0.2,0.2,16,0.0,8,21.063000000000102,,0
2023,3,Melbourne,2,Logan Sargeant,Williams,18,20,0.894736842105263157894737,0,8,10,9,78.557,96.42699999999999,95.803,17.218231790750178,1.8250000000000028,286.0,324.0,307.0,325.0,2,1,18.0,18.0,1.7000000000000028,17.449549549549555,30.139639639639615,54.15765765765766,1018.3666666666695,1.1270270270270264,5.0,16.8,18.1,0,0.00000,16,0.0,0,71.0,14.0,14.0,2.8284271247461903,0.0,0.0,0.5,4.0,0.0,2,14.833333333333334,15.0,0.2,0.3,16,0.0,6,18.42099999999982,,2
2020,1,Spielberg,33,Max Verstappen,Red Bull Racing,3,20,0.105263157894736842105263,1,5,-2,16,63.477,75.781,75.00743750000001,11.537820631694995,0.5379999999999967,318.0,252.0,290.0,316.0,6,2,2.3333333333333335,2.6,0.2428000000000054,28.68416666666667,52.02499999999999,33.8325,938.7708333333335,1.8874999999999997,3.6,26.9,30.0,0,0.00000,,,,90.0,,,,,,,,,0,,,,,20,0.0,0,,,42
2020,2,Spielberg,33,Max Verstappen,Red Bull Racing,2,20,0.052631578947368421052632,1,7,-5,30,77.938,82.199,84.09433333333335,5.966661339495471,0.11299999999999955,295.0,218.0,266.0,295.0,3,1,2.3333333333333335,2.2,0.19300000000000353,20.822499999999994,39.92,34.005,945.9099999999996,2.228333333333333,4.5,19.4,22.1,1,0.01667,20,0.0,1,90.0,20.0,20.0,,0.0,0.0,1.0,-18.0,0.0,1,16.5,16.5,0.0,1.0,3,15.0,1,20.947999999999865,,27
2020,3,Budapest,33,Max Verstappen,Red Bull Racing,7,20,0.315789473684210526315789,1,13,-6,14,74.849,76.336,85.44364285714286,10.911497906105518,1.402000000000001,282.0,258.0,262.0,310.0,6,1,2.6666666666666665,2.4,0.21560000000000343,20.74179104477611,27.12985074626864,77.19253731343284,986.3149253731342,1.5597014925373138,2.8,19.9,21.8,1,0.01493,3,15.0,0,90.0,11.5,11.5,12.020815280171307,7.5,15.0,0.5,-9.5,15.0,2,10.0,10.0,13.5,0.5,2,18.0,2,20.740999999999985,,14
2020,4,Silverstone,33,Max Verstappen,Red Bull Racing,3,20,0.105263157894736842105263,1,12,-9,9,85.325,88.393,96.67333333333335,13.94333310223922,1.0220000000000056,312.0,270.0,258.0,316.0,5,2,4.0,3.2,0.4826000000000022,21.291406249999998,40.63281250000001,44.16796875,998.40859375,3.114062500000001,4.7,20.8,22.1,0,0.00000,2,18.0,0,90.0,8.333333333333334,8.333333333333334,10.115993936995679,11.0,33.0,0.3333333333333333,-4.666666666666667,33.0,3,7.833333333333333,7.833333333333333,18.333333333333332,0.3333333333333333,2,19.0,1,28.255999999999403,1,30
2020,5,Silverstone,33,Max Verstappen,Red Bull Racing,4,20,0.157894736842105263157895,1,9,-5,7,86.176,87.154,95.14742857142858,11.195322801020415,1.0220000000000056,309.0,275.0,252.0,329.0,4,3,4.0,3.6,0.6870000000000033,25.28706896551725,43.22758620689654,58.55603448275865,1000.9508620689652,2.236206896551725,4.3,23.5,26.8,0,0.00000,2,19.0,0,90.0,2.3333333333333335,6.75,8.845903006477068,13.0,52.0,0.25,-3.25,52.0,4,4.0,7.125,19.5,0.25,1,25.0,3,29.00799999999981,,29
2020,6,Barcelona,33,Max Verstappen,Red Bull Racing,3,20,0.105263157894736842105263,1,6,-3,9,76.292,77.41499999999999,90.16277777777776,18.226358288052072,0.7079999999999984,289.0,299.0,284.0,316.0,5,1,4.666666666666667,3.8,0.8194000000000017,29.796899224806182,47.55581395348835,56.38449612403102,997.7038759689932,1.5449612403100779,2.9,28.6,30.7,0,0.00000,1,25.0,0,90.0,1.6666666666666667,5.6,8.08084154033477,15.4,77.0,0.2,-2.0,77.0,5,3.8333333333333335,6.3,22.6,0.2,2,18.0,2,21.59600000000046,,26
2020,7,Spa-Francorchamps,33,Max Verstappen,Red Bull Racing,3,20,0.105263157894736842105263,1,5,-2,10,101.77799999999999,103.408,112.43430000000001,12.889946832490981,0.525999999999982,325.0,219.0,227.0,307.0,5,2,3.3333333333333335,3.8,0.853400000000002,18.568595041322304,29.82396694214875,54.85289256198344,962.4297520661155,1.4652892561983484,3.3,17.4,20.1,0,0.00000,2,18.0,0,90.0,1.6666666666666667,2.0,0.7071067811865476,19.0,95.0,0.0,1.8,95.0,6,4.333333333333333,4.0,27.0,0.0,3,15.0,0,23.17300000000023,,23
2020,8,Monza,33,Max Verstappen,Red Bull Racing,5,20,0.210526315789473684210526,1,9,-4,11,79.78,80.52,90.20263636363636,12.204399037008967,0.8930000000000007,326.0,334.0,317.0,338.0,5,1,3.3333333333333335,4.0,0.9359999999999985,28.090909090909104,41.20139860139859,40.12447552447552,990.7804195804187,1.5209790209790213,3.1,27.3,28.9,0,0.00000,3,15.0,0,90.0,2.0,2.0,0.7071067811865476,19.0,95.0,0.0,2.0,110.0,7,4.166666666666667,4.2,26.2,0.0,17,0.0,2,26.16300000000001,,32
2020,9,Mugello,33,Max Verstappen,Red Bull Racing,3,20,0.105263157894736842105263,1,4,-1,8,75.471,76.33500000000001,98.91975,24.858281763112384,0.3269999999999982,280.0,261.0,307.0,313.0,4,1,3.6666666666666665,3.6,0.8341999999999985,30.169886363636337,43.10227272727272,39.94431818181818,993.6153409090938,2.36477272727273,4.4,29.6,30.7,0,0.00000,17,0.0,1,90.0,7.333333333333333,5.0,6.745368781616021,15.4,77.0,0.2,-1.4,110.0,8,8.5,6.7,20.6,0.1,19,0.0,0,,,40
2020,10,Sochi,33,Max Verstappen,Red Bull Racing,2,20,0.052631578947368421052632,1,10,-8,12,91.867,94.616,102.39774999999999,11.271653497521195,0.5630000000000024,277.0,317.0,171.0,325.0,6,2,3.6666666666666665,3.6,0.6951999999999969,28.80606060606062,40.342424242424265,51.36287878787878,1012.878787878789,1.428787878787879,3.2,27.6,30.5,0,0.00000,19,0.0,1,90.0,13.0,8.4,8.820430828479978,11.6,58.0,0.4,-4.8,110.0,9,10.5,7.9,19.0,0.2,2,18.0,3,28.751000000000204,,30
2020,11,Nürburgring,33,Max Verstappen,Red Bull Racing,3,20,0.105263157894736842105263,1,5,-2,10,85.467,86.319,99.0519,15.045361569821667,0.1979999999999933,270.0,243.0,260.0,312.0,5,1,3.3333333333333335,3.2,0.6033999999999964,9.499999999999998,16.36020408163265,59.40408163265304,947.35918367347,1.6173469387755104,3.1,8.9,9.9,1,0.02041,2,18.0,0,90.0,12.666666666666666,8.6,8.61974477580398,10.2,51.0,0.4,-5.4,128.0,10,11.0,8.5,15.8,0.2,2,19.0,1,22.1099999999999,1,30
2020,12,Portimão,33,Max Verstappen,Red Bull Racing,3,20,0.105263157894736842105263,1,6,-3,17,76.879,87.376,86.77647058823528,9.986272447200001,0.4129999999999967,278.0,199.0,309.0,317.0,5,1,2.6666666666666665,3.2,0.5013999999999953,20.505468749999977,25.71562499999998,67.52812500000002,1007.3406250000008,4.0406249999999995,7.0,20.0,21.0,0,0.00000,2,19.0,0,90.0,7.666666666666667,8.6,8.61974477580398,10.4,52.0,0.4,-5.4,147.0,11,8.833333333333334,9.4,15.2,0.3,3,15.0,5,26.386000000000422,,28
2020,13,Imola,33,Max Verstappen,Red Bull Racing,3,20,0.105263157894736842105263,1,6,-3,10,74.176,75.473,87.80910000000002,15.450382788857441,0.5670000000000073,238.0,264.0,283.0,293.0,5,2,2.6666666666666665,3.2,0.4787999999999982,18.030400000000004,23.26079999999999,71.13680000000001,1017.8919999999997,1.3415999999999992,3.1,16.9,18.5,0,0.00000,3,15.0,0,90.0,2.3333333333333335,8.6,8.61974477580398,10.4,52.0,0.4,-5.4,162.0,12,7.666666666666667,10.0,13.6,0.3,17,0.0,1,29.43000000000029,,37
2020,14,Istanbul,33,Max Verstappen,Red Bull Racing,2,20,0.052631578947368421052632,1,4,-2,19,108.055,116.375,119.35768421052633,10.44815025124135,0.29000000000000625,259.0,273.0,217.0,260.0,6,2,3.0,2.8,0.4135999999999996,13.095683453237404,15.20575539568346,80.16115107913672,1008.4964028776968,1.066187050359712,2.7,12.1,13.8,1,0.04317,17,0.0,1,90.0,7.333333333333333,8.6,8.61974477580398,10.4,52.0,0.4,-5.8,162.0,13,11.0,10.0,13.6,0.3,6,8.0,9,21.873999999999796,,34
2020,15,Sakhir,33,Max Verstappen,Red Bull Racing,3,20,0.105263157894736842105263,1,4,-1,8,87.678,88.885,99.24225000000001,14.748187130724139,0.4140000000000015,247.0,272.0,293.0,317.0,5,2,2.6666666666666665,2.6,0.40620000000000117,25.09907407407409,27.54814814814815,67.8472222222222,1015.8972222222209,0.8430555555555546,1.8,24.4,26.6,0,0.00000,6,8.0,0,90.0,8.666666666666666,6.0,6.363961030678928,12.0,60.0,0.2,-3.4,170.0,14,10.0,9.1,13.4,0.2,2,19.0,2,23.95299999999952,1,31
2020,16,Sakhir,33,Max Verstappen,Red Bull Racing,3,20,0.105263157894736842105263,1,12,-9,12,53.433,54.149,66.07483333333333,14.288750030154576,0.055999999999997385,291.0,272.0,299.0,325.0,5,2,2.6666666666666665,2.8,0.376400000000001,20.947244094488184,23.46929133858268,58.16929133858269,1015.9417322834645,1.9480314960629923,3.4,20.4,22.0,0,0.00000,2,19.0,0,90.0,8.333333333333334,6.0,6.3639610306789285,12.2,61.0,0.2,-3.2,189.0,15,8.333333333333334,8.4,16.4,0.2,19,0.0,0,,,40
2020,17,Yas Island,33,Max Verstappen,Red Bull Racing,1,20,0E-24,1,5,-4,14,95.24600000000001,100.52799999999999,111.90721428571429,18.9942343566858,0.0,288.0,319.0,228.0,319.0,5,2,2.6666666666666665,2.8,0.3480000000000018,23.121481481481517,27.980000000000008,55.44666666666665,1015.8474074074076,2.5044444444444425,4.0,22.1,23.7,0,0.00000,19,0.0,1,90.0,9.0,9.4,8.018728078691781,8.4,42.0,0.4,-6.6,189.0,16,7.166666666666667,9.0,14.2,0.2,1,25.0,0,21.25,,35
2021,1,Sakhir,33,Max Verstappen,Red Bull Racing,1,20,0E-24,1,11,-10,10,88.997,91.82,101.981,13.158627410688904,0.0,246.0,270.0,290.0,313.0,5,2,2.3333333333333335,2.4,0.26540000000000247,20.538345864661654,27.627819548872182,54.51729323308271,1014.9105263157908,0.8872180451127818,1.4,20.4,20.9,0,0.00000,1,25.0,0,93.0,7.333333333333333,9.0,8.455767262643882,10.4,52.0,0.4,-6.6,,17,5.833333333333333,8.0,18.6,0.2,2,18.0,1,23.81800000000021,,31
2021,2,Imola,33,Max Verstappen,Red Bull Racing,3,20,0.105263157894736842105263,1,2,1,13,74.498,76.209,84.04815384615384,10.706110964041006,0.0870000000000033,235.0,262.0,287.0,291.0,5,2,1.6666666666666667,2.0,0.15200000000000102,10.621118012422354,16.827329192546586,69.48881987577641,1011.2527950310558,0.4788819875776397,1.1,9.2,12.3,1,0.40994,2,18.0,0,93.0,7.333333333333333,6.0,7.516648189186454,14.0,70.0,0.2,-4.0,18.0,18,6.166666666666667,5.5,24.2,0.1,1,25.0,1,30.542999999999665,,30
2021,3,Portimão,33,Max Verstappen,Red Bull Racing,3,20,0.105263157894736842105263,1,4,-1,14,78.209,81.569,87.70514285714287,9.584010288433083,0.24099999999999966,290.0,195.0,295.0,314.0,5,2,1.6666666666666667,2.2,0.11140000000000043,19.39253731343283,38.9507462686567,39.40373134328356,1004.8134328358209,0.8373134328358207,1.4,18.1,20.0,0,0.00000,1,25.0,0,93.0,1.3333333333333333,5.0,7.842193570679061,17.4,87.0,0.2,-2.8,43.0,19,4.0,5.4,26.4,0.1,2,18.0,3,22.10699999999997,1,32
2021,4,Barcelona,33,Max Verstappen,Red Bull Racing,2,20,0.052631578947368421052632,1,8,-6,9,76.777,86.495,93.86588888888889,22.43062881109469,0.036000000000001364,288.0,307.0,285.0,313.0,4,1,2.3333333333333335,2.2,0.07680000000000006,22.203076923076917,32.92230769230769,57.55307692307693,993.5746153846156,0.4576923076923076,0.9,21.3,23.5,0,0.00000,2,18.0,0,93.0,1.6666666666666667,5.0,7.842193570679061,17.2,86.0,0.2,-2.8,61.0,20,4.166666666666667,5.5,25.6,0.1,2,19.0,2,21.59099999999944,1,34
2021,5,Monte Carlo,33,Max Verstappen,Red Bull Racing,2,19,0.055555555555555555555556,1,9,-7,18,70.576,81.339,83.11833333333333,11.744607984342531,0.22999999999998977,224.0,207.0,271.0,283.0,5,1,2.6666666666666665,2.0,0.07280000000000086,20.760740740740758,37.59555555555557,61.42444444444447,1015.5711111111107,0.31629629629629613,0.6,20.3,21.5,0,0.00000,2,19.0,0,93.0,1.6666666666666667,1.6,0.5477225575051661,21.0,105.0,0.0,0.4,80.0,21,4.166666666666667,3.7,29.8,0.0,1,25.0,1,23.458999999999833,,33
2021,6,Baku,33,Max Verstappen,Red Bull Racing,3,20,0.105263157894736842105263,1,7,-4,9,101.563,102.119,112.11077777777778,12.417622294322069,0.34499999999999886,232.0,234.0,327.0,313.0,4,1,2.3333333333333335,2.2,0.11879999999999882,24.170930232558128,38.31453488372088,55.805232558139544,1014.7308139534875,0.2837209302325581,0.8,22.9,25.5,0,0.00000,1,25.0,0,93.0,1.6666666666666667,1.6,0.5477225575051661,21.0,105.0,0.0,0.6,105.0,22,3.0,3.7,29.8,0.0,18,0.0,4,19.753000000000156,1,47
2021,7,Le Castellet,33,Max Verstappen,Red Bull Racing,1,20,0E-24,1,4,-3,8,89.99,91.08,105.75662500000001,20.273579618645822,0.0,126.0,285.0,304.0,328.0,5,2,2.3333333333333335,2.6,0.18779999999999858,25.314399999999992,35.22879999999999,58.63039999999999,960.6376,1.1655999999999997,1.8,23.8,27.4,0,0.00000,18,0.0,1,93.0,7.0,4.8,7.395944834840238,17.4,87.0,0.2,-2.2,105.0,23,5.166666666666667,4.9,29.2,0.1,1,26.0,5,29.68600000000015,1,45
2021,8,Spielberg,33,Max Verstappen,Red Bull Racing,1,20,0E-24,1,5,-4,14,63.841,78.914,78.96685714285715,15.39072681773093,0.0,318.0,251.0,288.0,315.0,5,2,2.0,2.2,0.17039999999999794,26.692372881355922,52.352542372881345,33.24661016949152,938.4771186440671,0.3677966101694914,1.2,26.0,27.3,0,0.00000,1,26.0,0,93.0,6.666666666666667,4.8,7.395944834840238,17.6,88.0,0.2,-2.6,131.0,24,4.666666666666667,4.1,32.4,0.1,1,25.0,0,20.903000000000247,,35
2021,9,Spielberg,33,Max Verstappen,Red Bull Racing,1,20,0E-24,1,3,-2,10,63.72,64.249,79.16749999999999,22.504419769606745,0.0,314.0,252.0,290.0,315.0,5,2,1.6666666666666667,1.8,0.122199999999998,20.966025641025656,33.18397435897434,49.730769230769255,934.7211538461531,0.348076923076923,0.9,19.0,22.6,1,0.03846,1,25.0,0,93.0,6.666666666666667,4.6,7.503332592921628,19.0,95.0,0.2,-2.8,156.0,25,4.666666666666667,4.0,33.8,0.1,1,26.0,0,21.154999999999745,1,40
2021,10,Silverstone,33,Max Verstappen,Red Bull Racing,2,20,0.052631578947368421052632,1,5,-3,10,86.209,86.751,95.956,10.453987362618044,0.18600000000000705,314.0,274.0,251.0,320.0,5,1,1.0,1.6,0.11499999999999773,29.4,50.931521739130446,37.20217391304347,1007.2461956521738,0.317934782608696,0.8,28.4,30.1,0,0.00000,1,26.0,0,93.0,1.0,4.4,7.602631123499285,20.4,102.0,0.2,-2.8,182.0,26,2.6666666666666665,4.0,34.8,0.1,20,0.0,0,,,45
2021,11,Budapest,33,Max Verstappen,Red Bull Racing,3,20,0.105263157894736842105263,1,4,-1,10,75.65,76.769,88.74190000000002,17.34775649567786,0.23100000000000875,282.0,256.0,261.0,303.0,5,2,1.3333333333333333,1.6,0.10620000000000118,27.22670157068063,37.82251308900524,68.61570680628276,977.6308900523562,0.5675392670157061,1.2,25.7,29.1,1,0.30366,20,0.0,1,93.0,7.333333333333333,8.2,9.884331034521255,15.4,77.0,0.4,-6.8,182.0,27,8.0,7.1,27.4,0.2,9,2.0,7,20.83300000000054,,29
2021,12,Spa-Francorchamps,33,Max Verstappen,Red Bull Racing,1,20,0E-24,1,7,-6,10,116.559,119.765,124.3367,7.852835709333145,0.5339999999999918,310.0,182.0,215.0,301.0,4,2,2.0,1.6,0.08340000000000317,13.012413793103491,15.258620689655164,96.4358620689655,970.2217241379296,0.5113793103448276,1.0,12.4,13.4,1,0.84138,9,2.0,0,93.0,10.0,6.4,8.35463942968217,15.8,79.0,0.2,-5.0,184.0,28,11.5,7.8,22.8,0.2,1,12.5,0,15365.434,1,40
2021,13,Zandvoort,33,Max Verstappen,Red Bull Racing,1,20,0E-24,1,16,-15,8,68.885,70.036,82.60462500000001,14.985388835581526,0.0,279.0,289.0,306.0,308.0,4,1,2.0,1.6,0.19020000000000153,21.50443037974685,36.10569620253166,54.10822784810126,1021.5056962025316,0.442405063291139,0.9,20.4,22.4,0,0.00000,1,12.5,0,93.0,10.0,6.4,8.35463942968217,13.1,65.5,0.2,-5.0,196.5,29,13.666666666666666,9.4,17.1,0.2,1,25.0,1,18.578999999999724,,36
2021,14,Monza,33,Max Verstappen,Red Bull Racing,3,20,0.105263157894736842105263,1,9,-6,13,79.96600000000001,96.783,98.87861538461539,20.192898708615616,0.41100000000000136,322.0,337.0,315.0,334.0,5,1,1.6666666666666667,1.6,0.19020000000000153,28.885234899328868,43.52751677852349,33.2758389261745,994.4879194630865,0.3429530201342281,0.7,27.8,29.6,0,0.00000,1,25.0,0,93.0,3.6666666666666665,6.4,8.35463942968217,13.1,65.5,0.2,-5.0,221.5,30,9.166666666666666,9.8,15.5,0.2,18,0.0,2,32.475000000000364,,40
2021,15,Sochi,33,Max Verstappen,Red Bull Racing,20,20,1.000000000000000000000000,0,9,11,1,119.52199999999999,119.52199999999999,119.52199999999999,,17.528999999999996,252.0,305.0,,274.0,1,1,1.6666666666666667,2.0,0.2724000000000018,19.13860759493674,21.75696202531647,61.94746835443034,1023.1310126582275,0.29050632911392416,0.9,17.4,19.5,1,0.10127,18,0.0,1,93.0,6.666666666666667,9.8,9.038805230781334,7.9,39.5,0.4,-8.4,221.5,31,8.666666666666666,11.4,10.7,0.3,2,18.0,18,29.472000000000662,,0
2021,16,Istanbul,33,Max Verstappen,Red Bull Racing,3,20,0.105263157894736842105263,1,7,-4,19,83.196,96.384,94.70005263157894,11.519817583787633,0.32800000000000296,281.0,292.0,254.0,322.0,6,2,8.0,5.6,3.7409999999999997,15.825477707006387,18.180891719745237,93.52484076433116,1006.4101910828001,0.4866242038216559,0.8,15.5,16.1,0,0.00000,2,18.0,0,93.0,7.0,6.2,7.395944834840239,11.5,57.5,0.2,-1.0,239.5,32,7.166666666666667,8.9,14.7,0.2,2,18.0,1,22.392000000000735,,25
2021,17,Austin,33,Max Verstappen,Red Bull Racing,1,20,0E-24,1,3,-2,10,92.91,94.521,107.1289,15.684801025550534,0.0,240.0,193.0,217.0,318.0,4,2,8.666666666666666,5.6,3.7603999999999984,28.148447204968935,37.470807453416164,61.19254658385094,992.1298136645961,0.8540372670807448,1.5,26.4,29.5,0,0.00000,2,18.0,0,93.0,7.333333333333333,4.8,7.395944834840239,14.7,73.5,0.2,0.2,257.5,33,6.5,6.8,20.9,0.1,1,25.0,3,23.71599999999944,,38
2021,18,Mexico City,33,Max Verstappen,Red Bull Racing,3,20,0.105263157894736842105263,1,4,-1,10,76.225,78.786,87.991,12.00707436842501,0.3499999999999943,318.0,299.0,256.0,343.0,5,2,8.0,5.6,3.6536,21.20670731707316,47.57926829268294,31.2109756097561,784.2134146341465,0.3664634146341462,0.8,19.2,23.2,0,0.00000,1,25.0,0,93.0,1.6666666666666667,4.8,7.395944834840239,17.2,86.0,0.2,0.2,282.5,34,3.3333333333333335,5.2,26.4,0.1,1,25.0,1,21.920000000000073,,30
2021,19,São Paulo,33,Max Verstappen,Red Bull Racing,2,20,0.052631578947368421052632,1,4,-2,12,68.372,69.538,80.97541666666666,13.501124838379768,0.4380000000000024,320.0,265.0,316.0,318.0,5,1,2.3333333333333335,6.0,3.723599999999999,23.137341772151892,51.56139240506331,60.10126582278483,926.9303797468358,0.39177215189873377,0.8,22.5,24.0,0,0.00000,1,25.0,0,93.0,1.3333333333333333,4.8,7.395944834840239,17.2,86.0,0.2,0.6,307.5,35,2.1666666666666665,4.7,28.6,0.1,2,18.0,5,18.09600000000046,,32
2021,20,Lusail,33,Max Verstappen,Red Bull Racing,2,20,0.052631578947368421052632,1,11,-9,13,81.282,121.49,108.42984615384617,25.94199205228899,0.4549999999999983,251.0,279.0,317.0,320.0,5,2,2.0,5.8,3.728999999999999,26.41513157894735,30.603289473684203,75.54013157894735,1012.3072368421057,0.4230263157894732,0.8,26.0,27.4,1,0.01974,2,18.0,0,93.0,1.3333333333333333,1.6,0.5477225575051661,20.8,104.0,0.0,4.0,325.5,36,2.3333333333333335,3.0,32.8,0.0,2,19.0,2,25.126000000000204,1,34
2021,21,Jeddah,33,Max Verstappen,Red Bull Racing,3,20,0.105263157894736842105263,1,5,-2,11,87.65299999999999,103.07300000000001,108.97172727272728,23.204940021861336,0.1419999999999959,298.0,317.0,311.0,323.0,4,2,2.3333333333333335,2.2,0.3141999999999996,28.816062176165733,31.684974093264252,76.20310880829015,1013.7974093264247,0.2715025906735748,0.6,28.5,29.2,0,0.00000,2,19.0,0,93.0,1.6666666666666667,1.6,0.5477225575051661,21.0,105.0,0.0,1.4,344.5,37,2.6666666666666665,2.5,35.0,0.0,2,18.0,3,996.4799999999996,,27
2021,22,Yas Island,33,Max Verstappen,Red Bull Racing,1,20,0E-24,1,4,-3,13,82.10900000000001,103.156,98.98707692307691,17.716923677007898,0.0,297.0,324.0,228.0,328.0,5,2,2.3333333333333335,2.2,0.2769999999999982,24.51910828025481,28.46560509554141,59.05477707006371,1017.7108280254776,0.41464968152866166,0.7,23.5,25.7,0,0.00000,2,18.0,0,93.0,2.0,1.6,0.5477225575051661,21.0,105.0,0.0,1.6,362.5,38,5.166666666666667,3.9,32.0,0.1,1,26.0,3,21.179000000000087,1,43
2022,1,Sakhir,1,Max Verstappen,Red Bull Racing,2,20,0.052631578947368421052632,1,4,-2,10,90.681,91.90899999999999,102.58489999999999,15.548792853823453,0.12300000000000466,239.0,271.0,289.0,322.0,4,1,2.0,2.2,0.2769999999999982,23.617791411042962,28.610429447852766,29.49079754601227,1010.3858895705521,0.3049079754601232,0.8,22.3,25.7,0,0.00000,1,26.0,0,94.0,1.6666666666666667,1.6,0.5477225575051661,21.2,106.0,0.0,1.6,,39,6.833333333333333,5.1,29.2,0.2,19,0.0,3,24.35199999999986,,46
2022,2,Jeddah,1,Max Verstappen,Red Bull Racing,4,20,0.157894736842105263157895,1,1,3,15,88.461,105.969,105.87126666666667,14.075104447552915,14.790999999999997,290.0,328.0,308.0,334.0,5,1,2.0,2.0,0.23160000000000025,25.42039473684213,28.4092105263158,59.66447368421053,1012.7776315789473,2.3592105263157874,4.0,25.3,25.6,0,0.00000,19,0.0,1,94.0,7.333333333333333,5.2,7.726577508832744,16.2,81.0,0.2,-2.2,0.0,40,12.0,8.4,21.2,0.4,1,25.0,3,20.731000000000677,,29
2022,3,Melbourne,1,Max Verstappen,Red Bull Racing,2,20,0.052631578947368421052632,1,3,-1,16,78.154,79.866,93.30312500000001,17.034278354247945,0.28600000000000136,282.0,306.0,302.0,320.0,5,1,2.3333333333333335,2.4,3.102199999999999,26.697435897435888,37.40833333333329,43.65384615384615,1014.2461538461532,1.8128205128205122,4.4,25.8,27.4,0,0.00000,1,25.0,0,94.0,7.0,5.0,7.84219357067906,17.6,88.0,0.2,-1.6,25.0,41,9.666666666666666,8.3,22.4,0.4,18,0.0,4,18.271999999999935,,45
2022,4,Imola,1,Max Verstappen,Red Bull Racing,1,20,0E-24,1,7,-6,11,78.793,87.64699999999999,88.6270909090909,9.121380876320705,0.1150000000000091,220.0,261.0,277.0,295.0,4,2,2.6666666666666665,2.4,3.0683999999999996,12.899367088607601,17.418987341772137,83.17088607594937,1001.0386075949358,1.4822784810126568,2.5,11.1,14.2,0,0.00000,18,0.0,1,94.0,12.666666666666666,8.2,9.418067742376884,13.8,69.0,0.4,-5.8,25.0,42,10.333333333333334,9.7,19.8,0.5,1,26.0,0,29.933000000000902,1,40
2022,5,Miami,1,Max Verstappen,Red Bull Racing,3,20,0.105263157894736842105263,1,4,-1,12,88.991,108.658,103.98991666666667,11.859570791392942,0.1950000000000074,223.0,192.0,289.0,334.0,5,1,2.3333333333333335,2.0,3.0630000000000024,30.61728395061729,42.81975308641976,58.858024691358025,1009.3049382716049,2.26728395061728,5.0,29.4,32.3,1,0.05556,1,26.0,0,94.0,6.666666666666667,8.0,9.591663046625438,15.4,77.0,0.4,-6.0,51.0,43,4.666666666666667,8.1,25.0,0.4,1,26.0,2,18.819000000000415,1,36
2022,6,Barcelona,1,Max Verstappen,Red Bull Racing,2,20,0.052631578947368421052632,1,5,-3,10,79.07300000000001,93.26599999999999,95.3523,18.44366431445889,0.3230000000000075,290.0,308.0,285.0,322.0,5,1,2.0,2.4,3.102000000000004,36.56585365853659,48.95731707317072,7.109756097560975,996.0158536585362,3.4884146341463396,5.5,35.9,37.2,0,0.00000,1,26.0,0,94.0,6.666666666666667,8.0,9.591663046625438,15.4,77.0,0.4,-5.6,77.0,44,4.666666666666667,7.0,27.4,0.3,1,25.0,8,21.96900000000005,,40
2022,7,Monaco,1,Max Verstappen,Red Bull Racing,4,20,0.157894736842105263157895,1,3,1,20,71.666,85.155,86.93775,14.109215222590107,0.28999999999999204,216.0,203.0,272.0,283.0,6,1,2.0,2.4,3.1420000000000043,22.274693877550995,31.038367346938788,75.66530612244898,1002.9922448979627,0.9902040816326523,3.2,20.9,24.3,1,0.43673,1,25.0,0,94.0,1.0,4.4,7.602631123499285,20.4,102.0,0.2,-2.0,102.0,45,1.8333333333333333,3.6,36.2,0.1,3,15.0,2,26.771999999999025,,22
2022,8,Baku,1,Max Verstappen,Red Bull Racing,3,20,0.105263157894736842105263,1,2,1,13,101.706,121.142,119.95746153846153,18.09811245045269,0.3469999999999942,232.0,236.0,342.0,320.0,5,1,3.0,2.4,0.24180000000000348,25.435403726708074,47.149689440993804,59.49068322981366,1009.9012422360254,1.5291925465838494,2.9,24.9,26.1,0,0.00000,3,15.0,0,94.0,1.6666666666666667,4.8,7.429670248402684,18.4,92.0,0.2,-2.4,117.0,46,2.0,3.5,36.8,0.1,1,25.0,3,20.677999999999884,,32
2022,9,Montréal,1,Max Verstappen,Red Bull Racing,1,20,0E-24,1,13,-12,26,81.299,93.475,95.35023076923075,10.257923884715428,0.0,250.0,277.0,279.0,306.0,4,2,3.0,2.6,0.25400000000000206,20.762962962962966,41.261111111111084,28.925925925925927,1012.4012345679009,3.5524691358024683,5.6,18.8,22.3,0,0.00000,1,25.0,0,94.0,1.6666666666666667,1.4,0.8944271909999159,23.4,117.0,0.0,1.2,142.0,47,1.6666666666666667,1.8,42.0,0.0,1,25.0,3,23.690999999999804,,38
2022,10,Silverstone,1,Max Verstappen,Red Bull Racing,2,20,0.052631578947368421052632,1,4,-2,20,99.12899999999999,104.887,109.47840000000001,12.23539225018101,0.0,295.0,246.0,230.0,300.0,3,1,2.6666666666666665,2.6,0.23100000000000023,18.253201970443335,30.026108374384233,59.748768472906406,1002.3581280788169,1.4561576354679806,3.9,17.5,19.2,1,0.04433,1,25.0,0,94.0,1.6666666666666667,1.4,0.8944271909999159,23.2,116.0,0.0,1.2,167.0,48,4.666666666666667,3.6,38.2,0.1,7,6.0,5,28.695999999999913,,30
2022,11,Spielberg,1,Max Verstappen,Red Bull Racing,1,20,0E-24,1,13,-12,13,64.984,80.055,80.93453846153847,18.421119168929383,0.0,316.0,248.0,285.0,319.0,5,1,2.0,2.4,0.19199999999999875,20.255921052631592,30.74671052631582,35.13815789473684,939.7124999999984,1.2552631578947366,3.9,19.7,21.1,0,0.00000,7,6.0,0,94.0,3.0,2.6,2.6076809620810595,19.2,96.0,0.0,-0.2,173.0,49,5.5,4.0,35.4,0.1,2,19.0,7,21.337000000000444,1,42
2022,12,Le Castellet,1,Max Verstappen,Red Bull Racing,2,20,0.052631578947368421052632,1,3,-1,5,91.176,91.89099999999999,101.80579999999999,22.894352484837828,0.30400000000000205,123.0,284.0,304.0,339.0,4,1,1.3333333333333333,2.2,0.12739999999999724,30.164843750000003,54.46171874999998,47.734375,967.9078124999985,1.9460937500000002,4.0,29.1,30.8,0,0.00000,2,19.0,0,94.0,3.3333333333333335,2.8,2.4899799195977463,18.0,90.0,0.0,-0.6,192.0,50,8.666666666666666,5.9,30.4,0.2,1,25.0,2,35.26599999999962,,34
2022,13,Budapest,1,Max Verstappen,Red Bull Racing,10,20,0.473684210526315789473684,1,11,-1,14,77.703,79.02,93.353,22.110454683422777,0.3260000000000076,281.0,252.0,256.0,304.0,5,1,1.6666666666666667,1.8,0.13019999999999926,18.55988023952095,26.72095808383233,69.31736526946108,985.5814371257485,4.034131736526945,5.8,17.8,19.4,1,0.27545,1,25.0,0,94.0,3.3333333333333335,2.4,2.6076809620810595,20.0,100.0,0.0,-0.6,217.0,51,6.0,6.0,29.8,0.2,1,25.0,10,21.18499999999949,,18
2022,14,Spa-Francorchamps,1,Max Verstappen,Red Bull Racing,1,20,0E-24,1,3,-2,6,103.66499999999999,104.723,116.4735,13.977140218943218,0.0,339.0,205.0,224.0,310.0,3,1,4.333333333333333,3.2,0.12600000000000194,21.78717948717949,36.083974358974366,40.51923076923077,971.0519230769214,1.5192307692307678,3.5,20.7,22.5,0,0.00000,1,25.0,0,94.0,1.3333333333333333,2.4,2.6076809620810595,20.0,100.0,0.0,0.8,242.0,52,5.5,6.3,28.0,0.2,1,26.0,7,22.34899999999925,1,47
2022,15,Zandvoort,1,Max Verstappen,Red Bull Racing,1,20,0E-24,1,5,-4,8,70.342,71.31700000000001,83.263,14.839459972846528,0.0,287.0,286.0,321.0,327.0,4,1,4.333333333333333,3.2,0.12600000000000194,22.730061349693237,33.44601226993866,75.38036809815951,1017.1098159509202,1.0619631901840485,2.0,22.3,23.3,0,0.00000,1,26.0,0,94.0,1.0,2.4,2.6076809620810595,20.2,101.0,0.0,3.4,268.0,53,2.3333333333333335,4.5,31.8,0.1,1,26.0,4,14.111000000000786,1,44
2022,16,Monza,1,Max Verstappen,Red Bull Racing,2,20,0.052631578947368421052632,1,4,-2,10,80.306,82.023,92.3894,13.18801798940572,0.14499999999999602,317.0,338.0,311.0,342.0,4,1,4.0,3.0,0.12600000000000194,27.734693877551035,43.138775510204084,33.14965986394558,993.340136054421,1.3612244897959178,2.7,26.4,28.5,0,0.00000,1,26.0,0,94.0,1.0,1.2,0.4472135954999579,24.2,121.0,0.0,4.4,294.0,54,2.5,4.2,34.2,0.1,1,25.0,4,23.792999999999665,,36
2022,17,Marina Bay,1,Max Verstappen,Red Bull Racing,8,20,0.368421052631578947368421,1,2,6,13,111.39500000000001,116.94,120.92853846153845,11.138643945108287,1.983000000000004,293.0,266.0,252.0,286.0,4,2,1.3333333333333333,3.2,0.15500000000000114,26.232549019607895,28.973333333333354,87.44705882352942,1008.1439215686289,0.929803921568626,2.7,24.3,27.7,1,0.18039,1,25.0,0,94.0,1.0,1.0,0.0,25.4,127.0,0.0,5.8,319.0,55,2.6666666666666665,2.7,37.2,0.0,7,6.0,12,29.413000000000466,,19
2022,18,Suzuka,1,Max Verstappen,Red Bull Racing,1,20,0E-24,1,4,-3,8,89.304,90.346,103.38175,15.091333963096641,0.0,283.0,305.0,267.0,303.0,4,1,3.6666666666666665,4.4,0.49080000000000157,16.717647058823538,19.930588235294138,86.21176470588236,1015.7062745098052,2.040784313725487,4.0,15.8,19.0,1,0.98039,7,6.0,0,94.0,3.0,2.2,2.6832815729997477,21.6,108.0,0.0,5.8,325.0,56,3.5,3.0,36.0,0.0,1,25.0,1,24.655000000000655,,36
2022,19,Austin,1,Max Verstappen,Red Bull Racing,3,20,0.105263157894736842105263,1,4,-1,9,94.44800000000001,110.434,112.98188888888888,19.66579469818372,0.09200000000001296,232.0,189.0,212.0,326.0,4,1,3.6666666666666665,2.6,0.42560000000000003,29.28529411764708,35.52352941176471,49.62352941176471,991.1994117647055,5.487058823529408,10.1,28.3,30.7,0,0.00000,1,25.0,0,94.0,3.0,2.2,2.6832815729997477,21.6,108.0,0.0,4.0,350.0,57,3.0,2.7,37.6,0.0,1,25.0,6,23.855999999999767,,35
2022,20,Mexico City,1,Max Verstappen,Red Bull Racing,1,20,0E-24,1,4,-3,11,77.775,90.206,89.68690909090908,12.355289348732754,0.0,315.0,295.0,252.0,350.0,5,1,4.0,3.0,0.4440000000000026,24.312727272727287,41.68909090909089,34.442424242424245,780.4072727272716,1.3369696969696967,4.0,22.8,25.5,0,0.00000,1,25.0,0,94.0,3.0,2.2,2.6832815729997477,21.4,107.0,0.0,1.6,375.0,58,2.6666666666666665,2.9,36.2,0.0,1,25.0,2,22.48400000000038,,37
2022,21,São Paulo,1,Max Verstappen,Red Bull Racing,2,20,0.052631578947368421052632,1,9,-7,18,70.881,78.495,89.88127777777778,20.701328405245636,0.0,325.0,263.0,329.0,331.0,5,2,1.6666666666666667,3.0,0.4440000000000026,23.01077844311378,46.04910179640717,76.07784431137725,922.1604790419151,1.4443113772455085,2.9,20.9,25.1,0,0.00000,1,25.0,0,94.0,1.0,2.2,2.6832815729997477,21.2,106.0,0.0,1.6,400.0,59,2.0,2.7,37.0,0.0,6,8.0,16,24.277000000000044,,41
2022,22,Yas Island,1,Max Verstappen,Red Bull Racing,1,20,0E-24,1,2,-1,11,83.824,107.84899999999999,98.057,13.110842444328279,0.0,291.0,324.0,220.0,329.0,6,1,2.0,3.0,0.4150000000000034,28.57548387096773,34.31032258064516,61.68387096774194,1013.5206451612893,2.608387096774191,4.1,27.8,29.7,0,0.00000,6,8.0,0,94.0,2.6666666666666665,3.2,3.03315017762062,17.8,89.0,0.0,-0.2,408.0,60,3.6666666666666665,3.3,33.0,0.0,1,25.0,1,22.712999999999738,,36
2023,1,Sakhir,1,Max Verstappen,Red Bull Racing,1,20,0E-24,1,2,-1,9,89.708,109.812,107.98244444444443,17.76627550382403,0.0,242.0,271.0,288.0,323.0,5,1,1.3333333333333333,1.6,0.01840000000000259,27.43167701863353,31.01180124223602,21.496894409937887,1016.863975155279,0.6832298136645952,2.2,26.2,29.8,0,0.00000,1,25.0,0,96.0,2.6666666666666665,2.0,2.23606797749979,21.6,108.0,0.0,-0.4,,61,3.5,2.9,34.8,0.0,1,25.0,1,24.29700000000048,,36
2023,2,Jeddah,1,Max Verstappen,Red Bull Racing,15,20,0.736842105263157894736842,0,1,14,4,88.761,109.953,122.25500000000001,30.637656405149535,0.4959999999999951,293.0,331.0,311.0,337.0,2,1,1.3333333333333333,1.6,0.01840000000000259,26.09189189189191,31.792567567567573,57.79054054054054,1010.9297297297305,1.7722972972972975,3.7,25.8,26.4,0,0.00000,1,25.0,0,96.0,2.6666666666666665,2.0,2.23606797749979,21.6,108.0,0.0,-0.4,25.0,62,3.3333333333333335,2.9,34.8,0.0,2,19.0,9,20.85900000000038,1,6
2023,3,Melbourne,1,Max Verstappen,Red Bull Racing,1,20,0E-24,1,20,-19,18,76.732,89.362,94.18855555555557,21.065580360115806,0.0,284.0,324.0,311.0,328.0,6,1,5.666666666666667,4.0,0.09919999999999903,17.449549549549555,30.139639639639615,54.15765765765766,1018.3666666666695,1.1270270270270264,5.0,16.8,18.1,0,0.00000,2,19.0,0,96.0,1.3333333333333333,2.2,2.16794833886788,20.4,102.0,0.0,2.0,44.0,63,1.6666666666666667,2.7,36.2,0.0,1,25.0,2,867.7240000000002,,37
2025,1,Melbourne,1,Max Verstappen,Red Bull Racing,3,20,0.105263157894736842105263,1,18,-15,11,75.481,98.807,96.81327272727275,22.88013571677803,0.3849999999999909,291.0,330.0,314.0,331.0,6,1,5.666666666666667,4.0,0.09919999999999903,15.707865168539323,18.942134831460663,78.42134831460675,1009.9016853932579,3.475280898876404,6.9,15.1,16.6,1,0.32584,6,8.0,0,95.0,4.0,3.8,2.588435821108957,15.4,77.0,0.0,2.2,,107,9.833333333333334,9.4,15.6,0.3,2,18.0,2,12.990999999999985,,26
2025,2,Shanghai,1,Max Verstappen,Red Bull Racing,4,20,0.157894736842105263157895,1,20,-16,10,90.81700000000001,91.424,102.62069999999999,13.438129896761012,0.17600000000001614,286.0,279.0,274.0,339.0,5,1,6.333333333333333,4.2,0.1761999999999972,27.215584415584427,35.81688311688313,18.233766233766232,1010.4227272727292,2.18831168831169,4.3,26.4,28.1,0,0.00000,2,18.0,0,95.0,3.0,3.0,2.345207879911715,17.4,87.0,0.0,3.2,18.0,108,10.166666666666666,8.8,17.6,0.3,4,12.0,6,22.47400000000016,,25
2025,3,Suzuka,1,Max Verstappen,Red Bull Racing,1,20,0E-24,1,15,-14,11,86.983,97.87299999999999,101.87654545454546,15.95848073823844,0.0,288.0,300.0,271.0,299.0,6,1,2.6666666666666665,4.8,0.21140000000000042,14.42999999999999,20.514285714285716,76.37142857142857,1009.3171428571422,1.2021428571428572,2.4,14.2,14.7,0,0.00000,4,12.0,0,95.0,4.0,3.6,2.073644135332772,14.6,73.0,0.0,0.0,30.0,109,9.833333333333334,9.2,14.8,0.3,1,25.0,4,24.57800000000043,,39
2025,4,Sakhir,1,Max Verstappen,Red Bull Racing,7,20,0.315789473684210526315789,1,10,-3,9,90.423,96.207,101.2481111111111,12.987987925814801,0.5819999999999936,243.0,275.0,288.0,320.0,6,1,2.6666666666666665,4.8,0.21140000000000042,27.05253164556961,31.87025316455695,45.32911392405063,1008.1253164556957,2.105696202531645,3.6,26.6,27.9,0,0.00000,1,25.0,0,95.0,2.3333333333333335,2.8,2.16794833886788,17.6,88.0,0.0,0.0,55.0,110,7.666666666666667,9.0,17.6,0.3,6,8.0,14,26.52599999999984,,24
2025,5,Jeddah,1,Max Verstappen,Red Bull Racing,1,20,0E-24,1,8,-7,13,87.294,98.462,104.86223076923078,18.45829459057114,0.0,298.0,330.0,315.0,338.0,6,1,4.0,3.2,0.22860000000000014,29.483802816901413,37.81971830985914,62.725352112676056,1006.7661971830992,1.026056338028169,2.2,28.3,31.7,0,0.00000,6,8.0,0,95.0,3.6666666666666665,3.8,2.280350850198276,14.2,71.0,0.0,0.0,63.0,111,7.333333333333333,8.7,14.6,0.2,2,18.0,3,26.050000000000182,,33
2025,6,Miami Gardens,1,Max Verstappen,Red Bull Racing,1,20,0E-24,1,10,-9,12,86.20400000000001,87.57300000000001,100.89733333333332,16.60306762090194,0.0,223.0,192.0,286.0,341.0,6,1,3.0,3.2,0.22860000000000014,26.573154362416098,38.69060402684562,63.02013422818792,1012.2959731543626,1.0469798657718126,2.4,25.9,28.0,1,0.03356,2,18.0,0,95.0,3.0,3.0,2.0,16.2,81.0,0.0,0.2,81.0,112,8.166666666666666,8.2,16.6,0.2,4,12.0,1,22.4399999999996,,29
2025,7,Imola,1,Max Verstappen,Red Bull Racing,2,20,0.052631578947368421052632,1,20,-18,10,74.70400000000001,75.4,88.9701,15.286951163583195,0.034000000000006025,235.0,263.0,283.0,301.0,5,1,3.0,2.8,0.15160000000000196,23.964666666666666,42.66399999999999,38.306666666666665,1009.7999999999994,3.2479999999999993,5.0,23.4,24.3,0,0.00000,4,12.0,0,95.0,4.0,3.4,1.9493588689617927,15.0,75.0,0.0,-0.6,93.0,113,8.333333333333334,7.9,15.6,0.1,1,25.0,0,29.78400000000056,1,37
2025,8,Monaco,1,Max Verstappen,Red Bull Racing,5,20,0.210526315789473684210526,1,12,-7,15,70.669,84.537,82.12186666666669,11.54219414562232,0.7149999999999892,225.0,209.0,270.0,280.0,6,1,1.3333333333333333,2.4,0.12319999999999993,22.20937500000001,43.31749999999996,52.51875,1016.7837499999993,0.9793749999999999,2.2,21.3,22.9,0,0.00000,1,25.0,0,95.0,2.3333333333333335,2.8,2.16794833886788,17.6,88.0,0.0,-0.4,118.0,114,7.666666666666667,7.4,18.4,0.1,4,12.0,6,23.590000000000146,,22
2025,9,Barcelona,1,Max Verstappen,Red Bull Racing,3,20,0.105263157894736842105263,1,20,-17,7,71.848,72.798,89.21328571428572,22.50116444182601,0.3020000000000067,292.0,314.0,297.0,326.0,4,1,2.6666666666666665,3.2,0.26619999999999777,29.11999999999999,48.54322580645158,54.6258064516129,1002.7716129032251,1.6329032258064524,3.5,28.1,30.0,0,0.00000,4,12.0,0,95.0,3.0,3.4,1.9493588689617927,15.0,75.0,0.0,-0.4,130.0,115,7.666666666666667,8.2,15.8,0.2,10,1.0,7,21.801000000000386,,30
2025,10,Montréal,1,Max Verstappen,Red Bull Racing,2,20,0.052631578947368421052632,1,11,-9,14,71.059,75.945,80.55778571428571,9.990603478950927,0.1599999999999966,263.0,286.0,300.0,336.0,6,2,3.3333333333333335,2.4,0.2102000000000004,24.036526946107763,49.25329341317365,27.976047904191617,1018.9281437125736,1.0377245508982031,2.9,22.8,25.6,1,0.00599,10,1.0,0,95.0,5.0,4.2,3.492849839314596,13.6,68.0,0.0,-2.0,131.0,116,9.166666666666666,9.0,14.0,0.2,2,18.0,9,18.187999999998283,,36
2025,11,Spielberg,1,Max Verstappen,Red Bull Racing,7,20,0.315789473684210526315789,1,18,-11,11,64.836,67.674,76.85945454545454,14.658522663376667,0.8649999999999949,320.0,249.0,287.0,321.0,6,2,3.3333333333333335,2.6,0.2421999999999997,30.347826086956506,49.16645962732919,31.981366459627328,943.3447204968951,1.6180124223602488,3.7,29.1,31.3,0,0.00000,2,18.0,0,95.0,5.333333333333333,4.2,3.492849839314596,13.6,68.0,0.0,-1.8,149.0,117,9.666666666666666,8.3,14.0,0.2,18,0.0,0,,,26
2025,12,Silverstone,1,Max Verstappen,Red Bull Racing,1,20,0E-24,1,12,-11,11,84.892,86.041,97.75990909090909,14.739576489536908,0.0,324.0,273.0,257.0,328.0,6,1,4.0,3.8,0.4151999999999987,17.917419354838703,23.578709677419354,78.3741935483871,988.7767741935467,1.4832258064516135,5.8,16.0,19.6,1,0.18065,18,0.0,1,95.0,10.0,7.0,7.0710678118654755,11.2,56.0,0.2,-3.4,149.0,118,11.833333333333334,10.3,11.4,0.4,5,10.0,7,28.139999999999418,,35
2025,13,Spa-Francorchamps,1,Max Verstappen,Red Bull Racing,4,20,0.157894736842105263157895,1,7,-3,9,100.90299999999999,102.066,120.81655555555555,25.455417145035707,0.340999999999994,336.0,220.0,228.0,312.0,5,1,3.3333333333333335,3.6,0.4083999999999975,17.03004484304933,24.090134529147992,84.4439461883408,965.0475336322884,1.446188340807175,3.2,14.5,19.0,1,0.45740,5,10.0,0,95.0,8.333333333333334,7.8,6.418722614352485,8.2,41.0,0.2,-4.4,159.0,119,11.333333333333334,11.2,8.2,0.5,4,12.0,1,26.050999999999476,,20
2025,14,Budapest,1,Max Verstappen,Red Bull Racing,8,20,0.368421052631578947368421,1,16,-8,11,75.547,76.346,87.44472727272726,16.111169660151365,0.6569999999999965,281.0,260.0,261.0,310.0,6,1,4.0,3.4,0.33359999999999845,22.08216560509553,32.7299363057325,57.24203821656051,987.1401273885358,2.1509554140127394,3.7,21.6,22.5,0,0.00000,4,12.0,0,95.0,9.0,7.8,6.418722614352485,8.2,41.0,0.2,-4.4,171.0,120,11.833333333333334,10.8,8.2,0.4,9,2.0,10,21.21900000000005,,17
2025,15,Zandvoort,1,Max Verstappen,Red Bull Racing,3,20,0.105263157894736842105263,1,12,-9,12,68.925,69.754,83.52233333333334,16.300509380402996,0.262999999999991,292.0,281.0,322.0,331.0,6,1,4.333333333333333,4.4,0.4045999999999964,20.077358490566034,27.963522012578633,71.17610062893081,1006.205660377358,2.170440251572328,3.9,19.4,20.7,0,0.00000,9,2.0,0,95.0,6.0,7.6,6.348228099241551,8.4,42.0,0.2,-3.2,173.0,121,10.5,11.1,8.4,0.5,2,18.0,1,18.26800000000003,,25
2025,16,Monza,1,Max Verstappen,Red Bull Racing,1,20,0E-24,1,10,-9,12,78.792,79.812,94.35558333333334,16.23053747756389,0.0,327.0,345.0,317.0,348.0,6,1,5.0,4.6,0.42519999999999525,26.761111111111102,43.28819444444442,42.604166666666664,996.7527777777791,1.960416666666666,4.0,25.9,27.4,0,0.00000,2,18.0,0,95.0,5.0,7.6,6.348228099241551,8.4,42.0,0.2,-3.0,191.0,122,9.0,10.8,8.8,0.4,1,25.0,3,24.36999999999989,,38
2025,17,Baku,1,Max Verstappen,Red Bull Racing,1,20,0E-24,1,6,-5,8,101.11699999999999,101.446,114.49825,18.48718368994353,0.0,228.0,242.0,341.0,322.0,4,2,4.0,3.4,0.2521999999999963,20.551923076923092,26.107051282051287,59.833333333333336,1021.1160256410266,1.5070512820512825,2.9,20.3,21.1,0,0.00000,1,25.0,0,95.0,4.0,4.2,3.1144823004794873,13.4,67.0,0.0,-0.8,216.0,123,8.5,8.8,13.8,0.2,1,25.0,0,20.280000000000655,1,40
2025,18,Marina Bay,1,Max Verstappen,Red Bull Racing,2,20,0.052631578947368421052632,1,13,-11,11,89.34,92.988,104.48409090909091,17.496962796180053,0.18200000000000216,311.0,278.0,262.0,304.0,6,1,1.6666666666666667,3.4,0.2521999999999963,29.072049689440938,33.852173913043515,74.36024844720497,1010.7776397515512,1.1111801242236026,2.2,28.5,29.5,1,0.03727,1,25.0,0,95.0,1.3333333333333333,3.4,3.361547262794322,16.4,82.0,0.0,0.0,241.0,124,5.333333333333333,7.5,18.4,0.1,2,18.0,5,24.06999999999971,,32
2025,19,Austin,1,Max Verstappen,Red Bull Racing,1,20,0E-24,1,13,-12,9,92.50999999999999,104.12899999999999,106.19944444444444,15.026747045777332,0.0,241.0,193.0,212.0,326.0,5,1,1.3333333333333333,3.0,0.22039999999999793,28.267532467532465,45.04480519480521,22.532467532467532,1001.1077922077926,2.082467532467532,4.9,26.4,29.3,0,0.00000,2,18.0,0,95.0,1.3333333333333333,3.0,3.391164991562634,17.6,88.0,0.0,0.0,259.0,125,5.833333333333333,7.2,19.6,0.2,1,25.0,0,23.72100000000046,,35
2025,20,Mexico City,1,Max Verstappen,Red Bull Racing,5,20,0.210526315789473684210526,1,11,-6,11,76.07,77.306,88.77609090909091,14.311073512874888,0.48399999999999466,318.0,298.0,253.0,350.0,6,1,1.3333333333333333,1.6,0.08899999999999864,26.405555555555555,50.58827160493828,23.234567901234566,780.8888888888889,1.8475308641975292,3.9,25.4,27.1,0,0.00000,1,25.0,0,95.0,1.3333333333333333,1.4,0.5477225575051661,22.2,111.0,0.0,0.2,284.0,126,4.833333333333333,5.4,25.4,0.1,3,15.0,4,22.729999999999563,,21
2025,21,São Paulo,1,Max Verstappen,Red Bull Racing,16,19,0.833333333333333333333333,0,19,-3,7,70.403,84.374,92.43100000000001,27.6288009210196,0.8920000000000101,325.0,266.0,332.0,338.0,2,1,2.6666666666666665,2.0,0.13319999999999937,17.34802631578948,30.69276315789474,70.57236842105263,929.708552631579,1.5098684210526314,2.9,16.6,18.0,0,0.00000,3,15.0,0,95.0,2.0,1.6,0.8944271909999159,21.6,108.0,0.0,0.4,299.0,127,6.0,5.7,24.4,0.1,3,15.0,19,23.029999999999745,,8
2025,22,Las Vegas,1,Max Verstappen,Red Bull Racing,2,20,0.052631578947368421052632,1,19,-17,20,108.257,114.464,119.46419999999998,9.734419327422938,0.3230000000000075,152.0,196.0,311.0,258.0,3,2,7.333333333333333,5.0,0.3116000000000014,16.73404255319152,19.529787234042566,37.765957446808514,941.8964539007092,1.436879432624114,2.8,16.3,17.2,0,0.00000,3,15.0,0,95.0,2.3333333333333335,2.0,1.0,19.6,98.0,0.0,3.6,314.0,128,7.0,6.3,22.4,0.1,1,25.0,0,21.71900000000005,1,37
2025,23,Lusail,1,Max Verstappen,Red Bull Racing,3,20,0.105263157894736842105263,1,16,-13,18,79.651,99.31700000000001,99.83883333333334,19.26876983847789,0.2639999999999958,258.0,289.0,287.0,327.0,5,1,7.666666666666667,5.2,0.37620000000000287,22.59932885906039,28.160402684563756,69.04697986577182,1016.0953020134215,1.2510067114093952,2.7,21.6,23.7,0,0.00000,1,25.0,0,95.0,2.3333333333333335,2.0,1.0,19.6,98.0,0.0,3.8,339.0,129,7.833333333333333,6.9,20.8,0.1,1,25.0,3,28.202000000000226,,32
2025,24,Yas Island,1,Max Verstappen,Red Bull Racing,1,20,0E-24,1,10,-9,13,82.207,93.00399999999999,98.42530769230767,18.26649107603234,0.0,295.0,326.0,229.0,330.0,6,1,7.0,5.4,0.3926000000000016,26.67402597402595,31.0616883116883,60.44155844155844,1016.7279220779227,1.5733766233766233,3.2,25.9,27.5,0,0.00000,1,25.0,0,95.0,1.6666666666666667,1.8,1.0954451150103321,21.0,105.0,0.0,4.2,364.0,130,7.333333333333333,6.6,22.4,0.0,1,25.0,1,21.684000000000196,,36
2026,2,Shanghai,3,Max Verstappen,Red Bull Racing,8,22,0.333333333333333333333333,1,9,-1,14,93.00200000000001,94.49000000000001,106.68235714285716,14.889508384750664,0.9380000000000166,285.0,279.0,276.0,317.0,6,2,2.0,5.4,0.3926000000000016,15.572368421052628,22.616447368421053,54.99802631578948,1024.481578947368,2.1934210526315794,4.5,14.9,16.4,0,0.00000,6,8.0,0,95.0,2.6666666666666665,2.4,2.1908902300206643,19.6,98.0,0.0,6.6,8.0,132,8.666666666666666,8.5,19.8,0.1,16,0.0,9,23.71599999999944,,28
2026,3,Suzuka,3,Max Verstappen,Red Bull Racing,11,22,0.476190476190476190476190,0,8,3,8,90.262,90.726,100.82775000000001,11.202858637100494,1.4840000000000089,276.0,336.0,263.0,286.0,4,1,4.0,6.0,0.483400000000006,18.556410256410274,34.1429487179487,52.49551282051283,1011.7987179487181,1.9506410256410254,3.7,17.3,19.5,0,0.00000,16,0.0,1,95.0,7.666666666666667,5.0,6.519202405202649,16.6,83.0,0.2,1.8,8.0,133,10.833333333333334,8.9,17.6,0.2,8,4.0,6,24.40899999999965,,4
2026,4,Miami Gardens,3,Max Verstappen,Red Bull Racing,2,22,0.047619047619047619047619,1,22,-20,9,87.964,89.099,97.68788888888889,11.040312727052216,0.16599999999999682,224.0,194.0,274.0,324.0,5,1,6.666666666666667,5.0,0.6018000000000058,27.125595238095247,37.01190476190477,70.44821428571433,1015.6476190476195,1.1517857142857149,4.8,25.7,28.1,1,0.01786,8,4.0,0,95.0,10.0,6.4,6.18869937870632,12.4,62.0,0.2,2.2,12.0,134,11.666666666666666,9.6,13.4,0.2,5,10.0,12,22.651000000000295,,37
2026,5,Montréal,3,Max Verstappen,Red Bull Racing,6,22,0.238095238095238095238095,1,7,-1,17,72.907,85.87,85.33876470588235,11.889258989364164,0.3289999999999935,252.0,285.0,283.0,319.0,5,1,7.0,5.0,0.5704000000000036,12.848750000000004,17.82749999999999,71.69499999999992,1024.2043749999991,3.0156249999999987,6.2,12.1,13.7,0,0.00000,5,10.0,0,95.0,9.666666666666666,7.2,5.540758070878027,9.4,47.0,0.2,1.2,22.0,135,11.833333333333334,11.2,10.2,0.3,3,15.0,3,25.285000000000764,,17
2026,6,Monte Carlo,3,Max Verstappen,Red Bull Racing,2,22,0.047619047619047619047619,1,5,-3,21,72.094,81.878,80.77633333333334,7.360343737444149,0.042999999999992156,219.0,207.0,266.0,282.0,5,1,6.333333333333333,5.6,0.5834000000000031,23.677403846153872,37.976923076923086,62.198557692307695,1021.4403846153845,0.8418269230769228,3.5,22.6,24.5,0,0.00000,3,15.0,0,95.0,5.333333333333333,7.6,5.029910535983717,7.4,37.0,0.2,1.8,37.0,136,9.166666666666666,10.5,10.2,0.4,22,0.0,0,,,49
2026,7,Barcelona,3,Max Verstappen,Red Bull Racing,5,22,0.190476190476190476190476,1,6,-1,6,75.021,75.484,87.40999999999998,18.392367493066246,0.34199999999999875,280.0,292.0,283.0,336.0,4,1,3.3333333333333335,5.8,0.5920000000000016,30.529333333333362,50.28666666666666,28.866000000000017,1000.5366666666639,2.5713333333333326,5.2,29.8,31.1,0,0.00000,22,0.0,1,95.0,10.0,10.8,7.981227975693965,5.8,29.0,0.4,-5.0,37.0,137,10.166666666666666,10.5,11.0,0.4,4,12.0,7,22.13000000000011,,23
2021,1,Sakhir,47,Mick Schumacher,Haas F1 Team,19,20,0.947368421052631578947368,0,20,-1,4,92.449,93.86099999999999,102.7465,11.852912708134937,3.451999999999998,242.0,267.0,287.0,311.0,2,1,,,,20.538345864661654,27.627819548872182,54.51729323308271,1014.9105263157908,0.8872180451127818,1.4,20.4,20.9,0,0.00000,,,,80.0,,,,,,,,,0,17.666666666666668,17.3,0.0,0.4,16,0.0,6,25.382000000000517,,0
2021,2,Imola,47,Mick Schumacher,Haas F1 Team,18,20,0.894736842105263157894737,0,19,-1,8,76.279,76.806,88.324,13.268626756375356,1.867999999999995,231.0,259.0,284.0,291.0,3,1,19.0,19.0,3.451999999999998,10.621118012422354,16.827329192546586,69.48881987577641,1011.2527950310558,0.4788819875776397,1.1,9.2,12.3,1,0.40994,16,0.0,0,80.0,16.0,16.0,,0.0,0.0,0.0,2.0,0.0,1,17.5,17.7,0.0,0.4,16,0.0,4,32.52400000000034,,0
2021,3,Portimão,47,Mick Schumacher,Haas F1 Team,19,20,0.947368421052631578947368,0,20,-1,9,80.452,90.85,90.47800000000001,8.086576917954844,2.4839999999999947,286.0,192.0,292.0,315.0,2,1,18.5,18.5,2.6599999999999966,19.39253731343283,38.9507462686567,39.40373134328356,1004.8134328358209,0.8373134328358207,1.4,18.1,20.0,0,0.00000,16,0.0,0,80.0,16.0,16.0,0.0,0.0,0.0,0.0,2.0,0.0,2,17.666666666666668,17.5,0.0,0.2,17,0.0,7,18.653000000000247,,3
2021,4,Barcelona,47,Mick Schumacher,Haas F1 Team,18,20,0.894736842105263157894737,0,20,-2,6,79.117,80.309,87.318,8.93271761559717,2.3760000000000048,289.0,304.0,284.0,324.0,3,1,18.666666666666668,18.666666666666668,2.6013333333333293,22.203076923076917,32.92230769230769,57.55307692307693,993.5746153846156,0.4576923076923076,0.9,21.3,23.5,0,0.00000,17,0.0,0,80.0,16.333333333333332,16.333333333333332,0.5773502691896258,0.0,0.0,0.0,2.0,0.0,3,17.5,17.4,0.0,0.1,18,0.0,6,22.326999999999316,,6
2021,6,Baku,47,Mick Schumacher,Haas F1 Team,17,20,0.842105263157894736842105,0,18,-1,5,104.158,104.434,117.4718,18.061816110236535,2.9399999999999977,221.0,217.0,328.0,309.0,2,1,18.333333333333332,18.5,2.544999999999998,24.170930232558128,38.31453488372088,55.805232558139544,1014.7308139534875,0.2837209302325581,0.8,22.9,25.5,0,0.00000,18,0.0,0,80.0,17.666666666666668,17.0,1.0000000000000002,0.0,0.0,0.0,1.6,0.0,5,18.0,17.7,0.0,0.1,13,0.0,7,15.041000000000167,,-1
2021,7,Le Castellet,47,Mick Schumacher,Haas F1 Team,15,20,0.736842105263157894736842,0,18,-3,2,92.94200000000001,92.94200000000001,119.71300000000001,37.85991127829013,2.9520000000000124,121.0,280.0,300.0,326.0,2,1,18.0,18.2,2.623999999999998,25.314399999999992,35.22879999999999,58.63039999999999,960.6376,1.1655999999999997,1.8,23.8,27.4,0,0.00000,13,0.0,0,80.0,16.333333333333332,16.4,2.073644135332772,0.0,0.0,0.0,2.0,0.0,6,16.5,16.8,0.0,0.0,19,0.0,1,29.92599999999993,,9
2021,8,Spielberg,47,Mick Schumacher,Haas F1 Team,19,20,0.947368421052631578947368,0,20,-1,5,66.041,79.881,82.71579999999999,19.75928670777364,2.1999999999999957,313.0,243.0,284.0,311.0,3,1,16.666666666666668,17.4,2.524000000000001,26.692372881355922,52.352542372881345,33.24661016949152,938.4771186440671,0.3677966101694914,1.2,26.0,27.3,0,0.00000,19,0.0,0,80.0,16.666666666666668,17.0,2.3452078799117153,0.0,0.0,0.0,0.8,0.0,7,16.833333333333332,17.4,0.0,0.0,16,0.0,5,22.417999999999665,,-1
2021,9,Spielberg,47,Mick Schumacher,Haas F1 Team,19,20,0.947368421052631578947368,0,20,-1,6,65.42699999999999,66.127,73.30033333333333,8.59800673799845,1.7069999999999936,316.0,245.0,287.0,314.0,3,1,17.0,17.6,2.590400000000001,20.966025641025656,33.18397435897434,49.730769230769255,934.7211538461531,0.348076923076923,0.9,19.0,22.6,1,0.03846,16,0.0,0,80.0,16.0,16.8,2.387467277262665,0.0,0.0,0.0,1.0,0.0,8,16.666666666666668,17.2,0.0,0.0,18,0.0,6,21.814000000000306,,4
2021,10,Silverstone,47,Mick Schumacher,Haas F1 Team,19,20,0.947368421052631578947368,0,20,-1,8,88.738,89.846,106.44762500000002,23.44189120806413,2.7150000000000034,317.0,268.0,252.0,329.0,2,1,17.666666666666668,17.6,2.435000000000001,29.4,50.931521739130446,37.20217391304347,1007.2461956521738,0.317934782608696,0.8,28.4,30.1,0,0.00000,18,0.0,0,80.0,17.666666666666668,16.8,2.3874672772626644,0.0,0.0,0.0,1.2,0.0,9,18.333333333333332,17.2,0.0,0.0,18,0.0,3,29.34400000000096,,1
2021,11,Budapest,47,Mick Schumacher,Haas F1 Team,20,20,1.000000000000000000000000,0,19,1,,,,,,,,,,,,,19.0,17.8,2.5028000000000006,27.22670157068063,37.82251308900524,68.61570680628276,977.6308900523562,0.5675392670157061,1.2,25.7,29.1,1,0.30366,18,0.0,0,80.0,17.333333333333332,16.8,2.3874672772626644,0.0,0.0,0.0,0.8,0.0,10,17.666666666666668,17.2,0.0,0.0,12,0.0,6,22.09599999999955,,-10
2021,12,Spa-Francorchamps,47,Mick Schumacher,Haas F1 Team,18,20,0.894736842105263157894737,0,20,-2,6,123.973,124.929,129.28966666666668,7.419608120828666,7.947999999999993,302.0,177.0,211.0,284.0,2,2,19.333333333333332,18.4,2.3935000000000013,13.012413793103491,15.258620689655164,96.4358620689655,970.2217241379296,0.5113793103448276,1.0,12.4,13.4,1,0.84138,12,0.0,0,80.0,16.0,16.6,2.792848008753788,0.0,0.0,0.0,1.6,0.0,11,16.333333333333332,17.1,0.0,0.1,16,0.0,0,15421.7,,-4
2021,13,Zandvoort,47,Mick Schumacher,Haas F1 Team,19,20,0.947368421052631578947368,0,20,-1,8,71.387,72.741,81.496125,11.45761563873566,2.5019999999999953,280.0,290.0,309.0,320.0,3,1,19.0,19.0,3.6424999999999965,21.50443037974685,36.10569620253166,54.10822784810126,1021.5056962025316,0.442405063291139,0.9,20.4,22.4,0,0.00000,16,0.0,0,80.0,15.333333333333334,16.0,2.449489742783178,0.0,0.0,0.0,2.6,0.0,12,15.666666666666666,16.5,0.0,0.1,18,0.0,2,24.47400000000016,,0
2021,14,Monza,47,Mick Schumacher,Haas F1 Team,18,20,0.894736842105263157894737,0,20,-2,5,82.248,89.872,89.9668,7.811884644565617,2.692999999999998,321.0,335.0,308.0,337.0,3,1,19.0,19.0,3.7179999999999964,28.885234899328868,43.52751677852349,33.2758389261745,994.4879194630865,0.3429530201342281,0.7,27.8,29.6,0,0.00000,18,0.0,0,80.0,15.333333333333334,16.4,2.6076809620810595,0.0,0.0,0.0,1.8,0.0,13,16.166666666666668,16.9,0.0,0.2,15,0.0,3,24.679000000000087,,-3
2021,15,Sochi,47,Mick Schumacher,Haas F1 Team,17,20,0.842105263157894736842105,0,19,-2,8,109.83,115.04599999999999,117.62937500000001,6.449537833663519,7.837000000000003,239.0,296.0,138.0,289.0,2,1,18.333333333333332,18.8,3.9644999999999975,19.13860759493674,21.75696202531647,61.94746835443034,1023.1310126582275,0.29050632911392416,0.9,17.4,19.5,1,0.10127,15,0.0,0,80.0,16.333333333333332,15.8,2.4899799195977463,0.0,0.0,0.0,2.2,0.0,14,17.0,16.3,0.0,0.3,20,0.0,3,30.08299999999963,,9
2021,16,Istanbul,47,Mick Schumacher,Haas F1 Team,14,20,0.684210526315789473684211,0,20,-6,14,85.2,94.49600000000001,96.94235714285716,11.998137519613636,2.332000000000008,282.0,294.0,251.0,325.0,5,1,18.0,18.4,5.244999999999997,15.825477707006387,18.180891719745237,93.52484076433116,1006.4101910828001,0.4866242038216559,0.8,15.5,16.1,0,0.00000,20,0.0,1,80.0,17.666666666666668,16.2,3.03315017762062,0.0,0.0,0.2,1.0,0.0,15,17.833333333333332,16.6,0.0,0.4,19,0.0,2,23.944000000000415,,12
2021,17,Austin,47,Mick Schumacher,Haas F1 Team,19,20,0.947368421052631578947368,0,20,-1,6,96.499,97.241,103.97700000000002,10.614751791728338,3.5889999999999986,225.0,189.0,211.0,318.0,3,1,16.333333333333332,17.2,4.6624,28.148447204968935,37.470807453416164,61.19254658385094,992.1298136645961,0.8540372670807448,1.5,26.4,29.5,0,0.00000,19,0.0,0,80.0,18.0,17.6,2.0736441353327724,0.0,0.0,0.2,-1.6,0.0,16,18.0,17.9,0.0,0.3,16,0.0,8,24.224999999999454,,2
2021,18,Mexico City,47,Mick Schumacher,Haas F1 Team,18,20,0.894736842105263157894737,0,19,-1,6,78.858,81.524,87.92933333333333,9.468885524002635,2.983000000000004,318.0,293.0,253.0,345.0,3,1,16.666666666666668,17.4,3.7906000000000004,21.20670731707316,47.57926829268294,31.2109756097561,784.2134146341465,0.3664634146341462,0.8,19.2,23.2,0,0.00000,16,0.0,0,80.0,18.333333333333332,17.6,2.073644135332772,0.0,0.0,0.2,-1.8,0.0,17,18.333333333333332,17.9,0.0,0.3,19,0.0,0,,,2
2021,19,São Paulo,47,Mick Schumacher,Haas F1 Team,19,20,0.947368421052631578947368,0,20,-1,8,69.958,71.009,81.503,14.510791147083808,2.024000000000001,321.0,265.0,319.0,319.0,3,1,17.0,17.2,3.8868000000000023,23.137341772151892,51.56139240506331,60.10126582278483,926.9303797468358,0.39177215189873377,0.8,22.5,24.0,0,0.00000,19,0.0,1,80.0,18.0,17.8,2.16794833886788,0.0,0.0,0.4,-2.6,0.0,18,18.166666666666668,17.8,0.0,0.3,18,0.0,3,17.867999999999483,,1
2021,20,Lusail,47,Mick Schumacher,Haas F1 Team,19,20,0.947368421052631578947368,0,20,-1,6,83.407,84.57300000000001,105.46283333333334,24.62775841538703,2.5799999999999983,245.0,280.0,314.0,323.0,3,1,18.666666666666668,17.4,3.753000000000003,26.41513157894735,30.603289473684203,75.54013157894735,1012.3072368421057,0.4230263157894732,0.8,26.0,27.4,1,0.01974,18,0.0,0,80.0,17.666666666666668,18.4,1.51657508881031,0.0,0.0,0.4,-3.2,0.0,19,17.5,18.2,0.0,0.2,16,0.0,10,25.923999999999978,,4
2021,21,Jeddah,47,Mick Schumacher,Haas F1 Team,19,20,0.947368421052631578947368,0,20,-1,6,89.464,90.521,99.21133333333334,11.487279045390459,1.953000000000003,292.0,318.0,306.0,323.0,3,1,18.666666666666668,17.8,2.7016000000000018,28.816062176165733,31.684974093264252,76.20310880829015,1013.7974093264247,0.2715025906735748,0.6,28.5,29.2,0,0.00000,16,0.0,0,80.0,17.666666666666668,17.6,1.51657508881031,0.0,0.0,0.2,-1.4,0.0,20,17.666666666666668,17.8,0.0,0.1,20,0.0,0,,,2
2021,22,Yas Island,47,Mick Schumacher,Haas F1 Team,19,20,0.947368421052631578947368,0,20,-1,5,84.906,85.637,92.822,10.580881036095242,2.796999999999997,289.0,319.0,219.0,324.0,3,1,19.0,18.8,2.625800000000001,24.51910828025481,28.46560509554141,59.05477707006371,1017.7108280254776,0.41464968152866166,0.7,23.5,25.7,0,0.00000,20,0.0,1,80.0,18.0,17.8,1.7888543819998322,0.0,0.0,0.4,-0.6,0.0,21,17.833333333333332,17.7,0.0,0.3,14,0.0,5,22.063000000000102,,-5
2022,1,Sakhir,47,Mick Schumacher,Haas F1 Team,12,20,0.578947368421052631578947,0,7,5,7,91.998,102.773,101.48385714285715,9.053381015373416,1.440000000000012,241.0,271.0,289.0,318.0,4,1,19.0,18.8,2.4674000000000005,23.617791411042962,28.610429447852766,29.49079754601227,1010.3858895705521,0.3049079754601232,0.8,22.3,25.7,0,0.00000,14,0.0,0,77.0,16.666666666666668,17.4,2.408318915758459,0.0,0.0,0.4,0.4,,22,16.666666666666668,17.2,0.0,0.3,11,0.0,13,25.187999999999192,,11
2022,3,Melbourne,47,Mick Schumacher,Haas F1 Team,15,20,0.736842105263157894736842,0,17,-2,13,80.104,96.062,92.96253846153846,12.376310365744338,2.236000000000004,280.0,299.0,301.0,314.0,5,1,15.0,16.6,5.004000000000002,26.697435897435888,37.40833333333329,43.65384615384615,1014.2461538461532,1.8128205128205122,4.4,25.8,27.4,0,0.00000,11,0.0,0,77.0,15.0,15.8,3.492849839314596,0.0,0.0,0.2,1.6,0.0,23,10.333333333333334,13.4,2.4,0.2,13,0.0,7,19.076000000000022,,3
2022,4,Imola,47,Mick Schumacher,Haas F1 Team,12,20,0.578947368421052631578947,0,4,8,11,80.422,92.381,93.56663636363636,14.753877031294035,1.7439999999999998,223.0,256.0,271.0,290.0,4,2,13.666666666666666,15.8,4.935200000000004,12.899367088607601,17.418987341772137,83.17088607594937,1001.0386075949358,1.4822784810126568,2.5,11.1,14.2,0,0.00000,13,0.0,0,77.0,12.666666666666666,14.8,3.4205262752974144,0.0,0.0,0.2,2.0,0.0,24,10.166666666666666,12.7,2.4,0.2,17,0.0,5,31.032999999999447,,15
2022,5,Miami,47,Mick Schumacher,Haas F1 Team,15,20,0.736842105263157894736842,0,16,-1,15,90.423,107.982,105.85646666666665,14.340646019850938,1.6270000000000095,222.0,191.0,288.0,326.0,4,1,13.666666666666666,14.4,4.893400000000002,30.61728395061729,42.81975308641976,58.858024691358025,1009.3049382716049,2.26728395061728,5.0,29.4,32.3,1,0.05556,17,0.0,0,77.0,13.666666666666666,15.0,3.5355339059327378,0.0,0.0,0.2,0.0,0.0,25,11.833333333333334,11.5,2.8,0.0,15,0.0,9,20.410000000000764,,9
2022,6,Barcelona,47,Mick Schumacher,Haas F1 Team,10,20,0.473684210526315789473684,1,8,2,11,80.368,82.337,88.96918181818182,9.906767624388714,1.617999999999995,288.0,310.0,288.0,324.0,6,1,14.0,13.6,4.659400000000005,36.56585365853659,48.95731707317072,7.109756097560975,996.0158536585362,3.4884146341463396,5.5,35.9,37.2,0,0.00000,15,0.0,0,77.0,15.0,14.0,2.23606797749979,0.0,0.0,0.0,0.2,0.0,26,14.0,11.8,2.8,0.1,14,0.0,9,23.09899999999925,,18
2022,7,Monaco,47,Mick Schumacher,Haas F1 Team,15,20,0.736842105263157894736842,0,13,2,12,73.081,90.938,87.33633333333331,8.762723251813833,1.7049999999999983,217.0,199.0,273.0,284.0,4,1,12.333333333333334,13.2,4.695000000000002,22.274693877550995,31.038367346938788,75.66530612244898,1002.9922448979627,0.9902040816326523,3.2,20.9,24.3,1,0.43673,14,0.0,0,77.0,15.333333333333334,14.0,2.23606797749979,0.0,0.0,0.0,-1.6,0.0,27,14.666666666666666,13.3,0.8,0.1,19,0.0,4,27.421000000000276,,12
2022,8,Baku,47,Mick Schumacher,Haas F1 Team,20,20,1.000000000000000000000000,0,16,4,5,105.775,112.5,116.0056,9.678567678122624,4.415999999999997,224.0,219.0,332.0,316.0,3,1,13.333333333333334,13.4,1.7860000000000014,25.435403726708074,47.149689440993804,59.49068322981366,1009.9012422360254,1.5291925465838494,2.9,24.9,26.1,0,0.00000,19,0.0,1,77.0,16.0,15.6,2.4083189157584592,0.0,0.0,0.2,-2.6,0.0,28,16.833333333333332,15.4,0.4,0.3,14,0.0,6,22.30699999999979,,-6
2022,9,Montréal,47,Mick Schumacher,Haas F1 Team,6,20,0.263157894736842105263158,1,5,1,27,83.356,96.256,98.51114814814817,13.469166894183239,2.056999999999988,241.0,274.0,275.0,302.0,5,2,15.0,14.4,2.222,20.762962962962966,41.261111111111084,28.925925925925927,1012.4012345679009,3.5524691358024683,5.6,18.8,22.3,0,0.00000,14,0.0,0,77.0,15.666666666666666,15.8,2.16794833886788,0.0,0.0,0.2,-1.8,0.0,29,16.833333333333332,15.8,0.4,0.4,19,0.0,1,,,32
2022,10,Silverstone,47,Mick Schumacher,Haas F1 Team,19,20,0.947368421052631578947368,0,17,2,10,102.708,107.36099999999999,112.1049,11.049499510535908,3.5790000000000077,290.0,240.0,226.0,289.0,2,1,13.666666666666666,13.2,2.2845999999999975,18.253201970443335,30.026108374384233,59.748768472906406,1002.3581280788169,1.4561576354679806,3.9,17.5,19.2,1,0.04433,19,0.0,1,77.0,17.333333333333332,16.2,2.588435821108957,0.0,0.0,0.4,-3.0,0.0,30,17.666666666666668,16.8,0.0,0.5,8,4.0,13,29.152000000000044,,-5
2022,11,Spielberg,47,Mick Schumacher,Haas F1 Team,7,20,0.315789473684210526315789,1,6,1,14,66.011,66.662,77.99107142857143,14.749458177606627,1.027000000000001,316.0,246.0,285.0,319.0,6,1,15.0,14.0,2.674999999999997,20.255921052631592,30.74671052631582,35.13815789473684,939.7124999999984,1.2552631578947366,3.9,19.7,21.1,0,0.00000,8,4.0,0,77.0,13.666666666666666,14.8,4.54972526643093,0.8,4.0,0.4,-0.8,4.0,31,14.166666666666666,15.5,1.0,0.4,6,8.0,15,22.150000000000546,,25
2022,12,Le Castellet,47,Mick Schumacher,Haas F1 Team,19,20,0.947368421052631578947368,0,10,9,3,93.114,93.701,93.55766666666666,0.3921636563137024,2.2420000000000044,121.0,278.0,300.0,335.0,2,1,10.666666666666666,13.4,2.556799999999998,30.164843750000003,54.46171874999998,47.734375,967.9078124999985,1.9460937500000002,4.0,29.1,30.8,0,0.00000,6,8.0,0,77.0,11.0,13.2,6.058052492344383,2.4,12.0,0.4,0.6,12.0,32,11.333333333333334,13.8,3.4,0.4,15,0.0,7,36.791999999999916,,-1
2022,13,Budapest,47,Mick Schumacher,Haas F1 Team,15,20,0.736842105263157894736842,0,13,2,12,79.164,86.701,97.03858333333335,21.948766154836516,1.7870000000000061,282.0,245.0,256.0,304.0,4,1,15.0,14.2,2.6641999999999997,18.55988023952095,26.72095808383233,69.31736526946108,985.5814371257485,4.034131736526945,5.8,17.8,19.4,1,0.27545,15,0.0,0,77.0,9.666666666666666,12.4,5.319774431308154,2.4,12.0,0.2,1.8,12.0,33,10.833333333333334,13.2,3.4,0.3,14,0.0,8,22.578999999999724,,6
2022,14,Spa-Francorchamps,47,Mick Schumacher,Haas F1 Team,15,20,0.736842105263157894736842,0,18,-3,8,106.342,107.929,118.29237499999999,12.895448210650583,2.6770000000000067,335.0,206.0,218.0,307.0,4,1,13.666666666666666,13.2,2.1384000000000016,21.78717948717949,36.083974358974366,40.51923076923077,971.0519230769214,1.5192307692307678,3.5,20.7,22.5,0,0.00000,14,0.0,0,77.0,11.666666666666666,12.4,5.319774431308154,2.4,12.0,0.2,0.8,12.0,34,12.833333333333334,13.1,3.4,0.2,17,0.0,10,24.174999999999272,,14
2022,15,Zandvoort,47,Mick Schumacher,Haas F1 Team,8,20,0.368421052631578947368421,1,18,-10,14,71.42,72.825,84.95864285714286,16.265698696748522,1.078000000000003,283.0,283.0,317.0,324.0,6,1,16.333333333333332,15.0,2.2624000000000053,22.730061349693237,33.44601226993866,75.38036809815951,1017.1098159509202,1.0619631901840485,2.0,22.3,23.3,0,0.00000,17,0.0,0,77.0,15.333333333333334,12.0,4.743416490252569,2.4,12.0,0.0,3.8,12.0,35,16.0,12.8,3.4,0.1,13,0.0,9,14.213999999999942,,22
2022,16,Monza,47,Mick Schumacher,Haas F1 Team,20,20,1.000000000000000000000000,0,19,1,7,83.005,102.282,99.37942857142858,16.403325037495122,2.843999999999994,313.0,328.0,303.0,340.0,2,1,12.666666666666666,12.8,1.7622000000000042,27.734693877551035,43.138775510204084,33.14965986394558,993.340136054421,1.3612244897959178,2.7,26.4,28.5,0,0.00000,13,0.0,0,77.0,14.666666666666666,13.0,4.183300132670378,1.6,8.0,0.0,0.6,12.0,36,15.166666666666666,13.8,2.4,0.1,12,0.0,12,24.795999999999367,,-4
2022,17,Marina Bay,47,Mick Schumacher,Haas F1 Team,13,20,0.631578947368421052631579,0,9,4,10,114.37,126.924,128.48970000000003,13.043449637866342,4.957999999999998,290.0,265.0,243.0,281.0,4,1,14.333333333333334,15.4,2.125600000000003,26.232549019607895,28.973333333333354,87.44705882352942,1008.1439215686289,0.929803921568626,2.7,24.3,27.7,1,0.18039,12,0.0,0,77.0,14.0,14.2,1.9235384061671346,0.0,0.0,0.0,1.0,12.0,37,14.833333333333334,15.2,0.0,0.1,13,0.0,5,31.217000000000553,,5
2022,18,Suzuka,47,Mick Schumacher,Haas F1 Team,15,20,0.736842105263157894736842,0,18,-3,8,91.152,92.247,103.55299999999998,13.42074724340745,1.847999999999999,277.0,297.0,263.0,295.0,4,1,13.666666666666666,14.2,2.668800000000002,16.717647058823538,19.930588235294138,86.21176470588236,1015.7062745098052,2.040784313725487,4.0,15.8,19.0,1,0.98039,13,0.0,0,77.0,12.666666666666666,13.8,1.9235384061671343,0.0,0.0,0.0,0.4,12.0,38,13.5,14.4,0.0,0.0,17,0.0,5,24.94000000000051,,9
2022,19,Austin,47,Mick Schumacher,Haas F1 Team,19,20,0.947368421052631578947368,0,16,3,5,97.11099999999999,123.325,116.73979999999999,18.892657295891443,2.7549999999999955,221.0,188.0,206.0,318.0,2,1,16.0,14.2,2.681,29.28529411764708,35.52352941176471,49.62352941176471,991.1994117647055,5.487058823529408,10.1,28.3,30.7,0,0.00000,17,0.0,0,77.0,14.0,14.4,2.4083189157584592,0.0,0.0,0.0,-0.2,12.0,39,14.0,14.5,0.0,0.0,15,0.0,12,24.661000000000058,,4
2022,20,Mexico City,47,Mick Schumacher,Haas F1 Team,16,20,0.789473684210526315789474,0,15,1,9,79.695,92.819,95.19,17.137484638942784,1.9199999999999875,314.0,291.0,250.0,351.0,2,1,15.666666666666666,15.0,2.696599999999998,24.312727272727287,41.68909090909089,34.442424242424245,780.4072727272716,1.3369696969696967,4.0,22.8,25.5,0,0.00000,15,0.0,0,77.0,15.0,14.0,2.0,0.0,0.0,0.0,-0.4,12.0,40,13.333333333333334,13.6,0.4,0.0,16,0.0,4,23.697000000000116,,4
2022,21,São Paulo,47,Mick Schumacher,Haas F1 Team,20,20,1.000000000000000000000000,0,1,19,9,76.361,80.622,85.07411111111111,7.966412326832643,5.480000000000004,303.0,242.0,301.0,301.0,3,2,16.666666666666668,16.6,2.864999999999995,23.01077844311378,46.04910179640717,76.07784431137725,922.1604790419151,1.4443113772455085,2.9,20.9,25.1,0,0.00000,16,0.0,0,77.0,16.0,14.6,2.073644135332772,0.0,0.0,0.0,0.4,12.0,41,14.666666666666666,14.1,0.4,0.0,13,0.0,12,24.563000000000102,,-2
2022,22,Yas Island,47,Mick Schumacher,Haas F1 Team,13,20,0.631578947368421052631579,0,16,-3,11,85.225,98.807,102.37100000000001,20.17162333080806,1.4009999999999962,287.0,320.0,218.0,325.0,4,1,18.333333333333332,16.6,3.3921999999999968,28.57548387096773,34.31032258064516,61.68387096774194,1013.5206451612893,2.608387096774191,4.1,27.8,29.7,0,0.00000,13,0.0,0,77.0,14.666666666666666,14.8,1.7888543819998317,0.0,0.0,0.0,-0.8,12.0,42,14.833333333333334,14.5,0.4,0.1,16,0.0,10,22.243999999999687,,16
2020,1,Spielberg,6,Nicholas Latifi,Williams,20,20,1.000000000000000000000000,0,17,3,10,65.757,67.208,76.62800000000001,11.133079188716044,2.818000000000005,317.0,243.0,286.0,313.0,2,1,,,,28.68416666666667,52.02499999999999,33.8325,938.7708333333335,1.8874999999999997,3.6,26.9,30.0,0,0.00000,,,,64.0,,,,,,,,,0,,,,,11,0.0,14,19.310999999999694,,-4
2020,2,Spielberg,6,Nicholas Latifi,Williams,18,20,0.894736842105263157894737,0,12,6,10,81.759,83.856,86.85149999999999,7.9115076839584315,3.9339999999999975,289.0,215.0,265.0,293.0,2,1,20.0,20.0,2.818000000000005,20.822499999999994,39.92,34.005,945.9099999999996,2.228333333333333,4.5,19.4,22.1,1,0.01667,11,0.0,0,64.0,11.0,11.0,,0.0,0.0,0.0,9.0,0.0,1,13.0,13.0,0.0,0.5,17,0.0,6,22.76800000000003,,4
2020,3,Budapest,6,Nicholas Latifi,Williams,15,20,0.736842105263157894736842,0,12,3,10,76.105,87.176,91.45,14.901959006191845,2.6580000000000013,283.0,256.0,261.0,308.0,4,1,19.0,19.0,3.3760000000000012,20.74179104477611,27.12985074626864,77.19253731343284,986.3149253731342,1.5597014925373138,2.8,19.9,21.8,1,0.01493,17,0.0,0,64.0,14.0,14.0,4.242640687119285,0.0,0.0,0.0,5.0,0.0,2,14.75,14.75,0.0,0.25,19,0.0,1,21.587000000000444,,9
2020,4,Silverstone,6,Nicholas Latifi,Williams,20,20,1.000000000000000000000000,0,15,5,5,87.705,110.137,111.39580000000001,24.850278000457067,3.402000000000001,312.0,266.0,256.0,313.0,2,1,17.666666666666668,17.666666666666668,3.136666666666668,21.291406249999998,40.63281250000001,44.16796875,998.40859375,3.114062500000001,4.7,20.8,22.1,0,0.00000,19,0.0,0,64.0,15.666666666666666,15.666666666666666,4.163331998932265,0.0,0.0,0.0,2.0,0.0,3,16.0,16.0,0.0,0.16666666666666666,15,0.0,6,27.20699999999988,,-4
2020,5,Silverstone,6,Nicholas Latifi,Williams,18,20,0.894736842105263157894737,0,15,3,4,88.43,90.089,103.81575000000001,16.82686269778178,3.2760000000000105,317.0,266.0,250.0,324.0,2,1,17.666666666666668,18.25,3.203000000000001,25.28706896551725,43.22758620689654,58.55603448275865,1000.9508620689652,2.236206896551725,4.3,23.5,26.8,0,0.00000,15,0.0,0,64.0,17.0,15.5,3.415650255319866,0.0,0.0,0.0,2.25,0.0,4,16.166666666666668,15.375,0.0,0.125,19,0.0,11,28.052999999999884,,13
2020,6,Barcelona,6,Nicholas Latifi,Williams,19,20,0.947368421052631578947368,0,18,1,6,78.532,79.231,95.5865,18.367563199836827,2.9479999999999933,285.0,297.0,285.0,320.0,3,1,17.666666666666668,18.2,3.217600000000003,29.796899224806182,47.55581395348835,56.38449612403102,997.7038759689932,1.5449612403100779,2.9,28.6,30.7,0,0.00000,19,0.0,0,64.0,17.666666666666668,16.2,3.3466401061363023,0.0,0.0,0.0,1.6,0.0,5,16.833333333333332,16.0,0.0,0.1,18,0.0,7,22.403000000000247,,5
2020,7,Spa-Francorchamps,6,Nicholas Latifi,Williams,19,20,0.947368421052631578947368,0,15,4,4,104.138,104.299,120.67025,19.14436126513496,2.8859999999999957,333.0,214.0,224.0,307.0,2,1,19.0,18.0,3.2436000000000007,18.568595041322304,29.82396694214875,54.85289256198344,962.4297520661155,1.4652892561983484,3.3,17.4,20.1,0,0.00000,18,0.0,0,64.0,17.333333333333332,17.6,1.6733200530681511,0.0,0.0,0.0,0.0,0.0,6,16.5,16.9,0.0,0.0,16,0.0,5,23.5029999999997,,-1
2020,8,Monza,6,Nicholas Latifi,Williams,20,20,1.000000000000000000000000,0,19,1,6,81.717,82.277,92.37966666666667,11.766442039404547,2.8299999999999983,320.0,331.0,308.0,339.0,2,1,18.666666666666668,18.2,3.0340000000000003,28.090909090909104,41.20139860139859,40.12447552447552,990.7804195804187,1.5209790209790213,3.1,27.3,28.9,0,0.00000,16,0.0,0,64.0,17.666666666666668,17.4,1.816590212458495,0.0,0.0,0.0,0.4,0.0,7,17.833333333333332,17.1,0.0,0.1,11,0.0,6,26.34999999999991,,-12
2020,9,Mugello,6,Nicholas Latifi,Williams,19,20,0.947368421052631578947368,0,18,1,6,77.32,77.924,98.77433333333333,25.180649226472834,2.1759999999999877,278.0,257.0,309.0,315.0,3,1,19.333333333333332,19.2,3.0683999999999996,30.169886363636337,43.10227272727272,39.94431818181818,993.6153409090938,2.36477272727273,4.4,29.6,30.7,0,0.00000,11,0.0,0,64.0,15.0,15.8,3.1144823004794873,0.0,0.0,0.0,3.0,0.0,8,15.833333333333334,15.9,0.0,0.1,15,0.0,1,,,-7
2020,10,Sochi,6,Nicholas Latifi,Williams,19,20,0.947368421052631578947368,0,14,5,3,95.066,126.624,119.86,22.19881789645565,3.7620000000000005,273.0,314.0,161.0,332.0,2,1,19.333333333333332,19.0,2.8231999999999973,28.80606060606062,40.342424242424265,51.36287878787878,1012.878787878789,1.428787878787879,3.2,27.6,30.5,0,0.00000,15,0.0,1,64.0,14.0,15.8,3.1144823004794877,0.0,0.0,0.2,3.2,0.0,9,14.333333333333334,15.8,0.0,0.2,16,0.0,2,29.81999999999971,,-4
2020,11,Nürburgring,6,Nicholas Latifi,Williams,18,20,0.894736842105263157894737,0,17,1,6,87.812,88.502,100.36116666666668,14.01402568024858,2.542999999999992,265.0,238.0,255.0,312.0,3,1,19.333333333333332,19.2,2.920399999999995,9.499999999999998,16.36020408163265,59.40408163265304,947.35918367347,1.6173469387755104,3.1,8.9,9.9,1,0.02041,16,0.0,0,64.0,14.0,15.2,2.588435821108957,0.0,0.0,0.2,4.2,0.0,10,14.166666666666666,15.5,0.0,0.2,14,0.0,11,23.972999999999956,,3
2020,12,Portimão,6,Nicholas Latifi,Williams,20,20,1.000000000000000000000000,0,14,6,9,78.494,96.217,90.02844444444446,10.958876517589644,2.0279999999999916,279.0,196.0,311.0,323.0,2,1,18.666666666666668,19.0,2.839399999999995,20.505468749999977,25.71562499999998,67.52812500000002,1007.3406250000008,4.0406249999999995,7.0,20.0,21.0,0,0.00000,14,0.0,0,64.0,15.0,14.4,2.073644135332772,0.0,0.0,0.2,4.8,0.0,11,15.666666666666666,15.4,0.0,0.3,18,0.0,7,28.710000000000036,,3
2020,13,Imola,6,Nicholas Latifi,Williams,19,20,0.947368421052631578947368,0,13,6,10,75.987,77.83,89.2849,13.760939571038667,2.378,231.0,264.0,284.0,296.0,2,1,19.0,19.2,2.667799999999994,18.030400000000004,23.26079999999999,71.13680000000001,1017.8919999999997,1.3415999999999992,3.1,16.9,18.5,0,0.00000,18,0.0,0,64.0,16.0,14.8,2.588435821108957,0.0,0.0,0.2,4.6,0.0,12,16.666666666666668,15.1,0.0,0.2,11,0.0,10,30.14600000000064,,-6
2020,14,Istanbul,6,Nicholas Latifi,Williams,20,20,1.000000000000000000000000,0,18,2,1,141.611,141.611,141.611,,33.84599999999999,184.0,211.0,159.0,207.0,1,1,19.0,19.0,2.5773999999999946,13.095683453237404,15.20575539568346,80.16115107913672,1008.4964028776968,1.066187050359712,2.7,12.1,13.8,1,0.04317,11,0.0,0,64.0,14.333333333333334,14.8,2.588435821108957,0.0,0.0,0.2,4.4,0.0,13,15.5,15.3,0.0,0.3,19,0.0,2,24.71100000000024,,0
2020,15,Sakhir,6,Nicholas Latifi,Williams,20,20,1.000000000000000000000000,0,14,6,4,90.182,90.749,104.14099999999999,15.857790199141876,2.9180000000000064,242.0,269.0,293.0,323.0,2,1,19.666666666666668,19.2,8.911399999999995,25.09907407407409,27.54814814814815,67.8472222222222,1015.8972222222209,0.8430555555555546,1.8,24.4,26.6,0,0.00000,19,0.0,1,64.0,16.0,15.6,3.2093613071762426,0.0,0.0,0.2,4.5,0.0,14,15.666666666666666,16.2,0.0,0.3,14,0.0,9,24.04200000000128,,-3
2020,16,Sakhir,6,Nicholas Latifi,Williams,17,20,0.842105263157894736842105,0,18,-1,8,54.796,67.541,66.00175,9.3577273606973,1.418999999999997,289.0,270.0,297.0,333.0,3,1,19.666666666666668,19.4,8.742599999999996,20.947244094488184,23.46929133858268,58.16929133858269,1015.9417322834645,1.9480314960629923,3.4,20.4,22.0,0,0.00000,14,0.0,0,64.0,14.666666666666666,15.2,3.271085446759225,0.0,0.0,0.2,5.0,0.0,15,14.666666666666666,15.4,0.0,0.3,18,0.0,5,24.256000000000313,,7
2020,17,Yas Island,6,Nicholas Latifi,Williams,20,20,1.000000000000000000000000,0,18,2,5,98.443,133.88400000000001,122.0368,21.617135927314703,3.1969999999999885,291.0,321.0,225.0,326.0,2,1,19.0,19.2,8.517799999999998,23.121481481481517,27.980000000000008,55.44666666666665,1015.8474074074076,2.5044444444444425,4.0,22.1,23.7,0,0.00000,18,0.0,1,64.0,17.0,16.0,3.391164991562634,0.0,0.0,0.4,3.5,0.0,16,15.833333333333334,15.4,0.0,0.3,17,0.0,4,21.347999999999956,,-2
2021,1,Sakhir,6,Nicholas Latifi,Williams,17,20,0.842105263157894736842105,0,15,2,5,91.936,98.20400000000001,104.98060000000001,15.394378415512591,2.939000000000007,243.0,272.0,285.0,317.0,3,1,19.0,19.2,8.751599999999996,20.538345864661654,27.627819548872182,54.51729323308271,1014.9105263157908,0.8872180451127818,1.4,20.4,20.9,0,0.00000,17,0.0,0,72.0,16.333333333333332,15.8,3.271085446759225,0.0,0.0,0.4,3.25,,17,15.333333333333334,15.4,0.0,0.3,18,0.0,6,23.978000000000065,,8
2021,2,Imola,6,Nicholas Latifi,Williams,14,20,0.684210526315789473684211,0,12,2,10,75.593,76.483,87.84490000000001,12.86372446023658,1.1820000000000022,230.0,262.0,286.0,294.0,4,2,18.0,18.8,8.863799999999998,10.621118012422354,16.827329192546586,69.48881987577641,1011.2527950310558,0.4788819875776397,1.1,9.2,12.3,1,0.40994,18,0.0,1,72.0,17.666666666666668,17.2,1.9235384061671346,0.0,0.0,0.6,1.0,0.0,18,16.333333333333332,15.9,0.0,0.3,20,0.0,0,,,12
2021,3,Portimão,6,Nicholas Latifi,Williams,18,20,0.894736842105263157894737,0,11,7,7,80.285,107.693,96.72299999999998,15.020989570153716,2.316999999999993,287.0,188.0,297.0,320.0,2,1,17.0,17.6,2.3310000000000004,19.39253731343283,38.9507462686567,39.40373134328356,1004.8134328358209,0.8373134328358207,1.4,18.1,20.0,0,0.00000,20,0.0,1,72.0,18.333333333333332,17.4,2.1908902300206647,0.0,0.0,0.6,-0.4,0.0,19,17.166666666666668,16.3,0.0,0.4,18,0.0,6,21.449999999999818,,6
2021,4,Barcelona,6,Nicholas Latifi,Williams,19,20,0.947368421052631578947368,0,15,4,6,79.219,80.241,91.18316666666668,12.696686219902682,2.4779999999999944,286.0,303.0,283.0,318.0,3,1,16.333333333333332,17.2,2.2107999999999977,22.203076923076917,32.92230769230769,57.55307692307693,993.5746153846156,0.4576923076923076,0.9,21.3,23.5,0,0.00000,18,0.0,0,72.0,18.666666666666668,18.2,1.0954451150103317,0.0,0.0,0.6,-1.6,0.0,20,17.5,17.1,0.0,0.4,16,0.0,13,21.613999999999578,,7
2021,5,Monte Carlo,6,Nicholas Latifi,Williams,18,19,0.944444444444444444444444,0,15,3,13,72.366,90.019,87.00846153846153,13.45070572879223,2.019999999999996,222.0,205.0,277.0,284.0,2,1,17.0,17.6,2.422599999999997,20.760740740740758,37.59555555555557,61.42444444444447,1015.5711111111107,0.31629629629629613,0.6,20.3,21.5,0,0.00000,16,0.0,0,72.0,18.0,17.8,1.4832396974191324,0.0,0.0,0.4,-0.6,0.0,21,17.166666666666668,16.7,0.0,0.3,15,0.0,2,23.45300000000043,,-4
2021,6,Baku,6,Nicholas Latifi,Williams,16,20,0.789473684210526315789474,0,15,1,4,103.128,103.28399999999999,122.28925000000001,22.072384365612464,1.9099999999999966,226.0,245.0,330.0,312.0,1,1,18.333333333333332,17.2,2.1871999999999985,24.170930232558128,38.31453488372088,55.805232558139544,1014.7308139534875,0.2837209302325581,0.8,22.9,25.5,0,0.00000,15,0.0,0,72.0,16.333333333333332,17.4,1.9493588689617931,0.0,0.0,0.4,-0.2,0.0,22,15.5,16.4,0.0,0.3,16,0.0,9,22.14200000000028,,9
2021,7,Le Castellet,6,Nicholas Latifi,Williams,16,20,0.789473684210526315789474,0,14,2,1,93.062,93.062,93.062,,3.0720000000000027,119.0,282.0,301.0,322.0,1,1,17.666666666666668,17.0,1.9813999999999965,25.314399999999992,35.22879999999999,58.63039999999999,960.6376,1.1655999999999997,1.8,23.8,27.4,0,0.00000,16,0.0,0,72.0,15.666666666666666,17.0,2.0,0.0,0.0,0.2,0.0,0.0,23,15.333333333333334,16.5,0.0,0.3,18,0.0,8,29.899999999999636,,12
2021,8,Spielberg,6,Nicholas Latifi,Williams,16,20,0.789473684210526315789474,0,11,5,6,65.175,65.963,76.81716666666667,13.164540317332262,1.333999999999996,319.0,248.0,291.0,316.0,3,1,16.666666666666668,17.4,2.3593999999999964,26.692372881355922,52.352542372881345,33.24661016949152,938.4771186440671,0.3677966101694914,1.2,26.0,27.3,0,0.00000,18,0.0,0,72.0,16.333333333333332,16.6,1.3416407864998738,0.0,0.0,0.0,0.8,0.0,24,15.333333333333334,15.6,0.0,0.1,17,0.0,3,21.985000000000127,,5
2021,9,Spielberg,6,Nicholas Latifi,Williams,18,20,0.894736842105263157894737,0,9,9,3,65.195,65.246,71.88233333333334,11.538661981934188,1.4749999999999943,317.0,247.0,290.0,315.0,2,1,16.0,17.0,2.162799999999997,20.966025641025656,33.18397435897434,49.730769230769255,934.7211538461531,0.348076923076923,0.9,19.0,22.6,1,0.03846,17,0.0,0,72.0,17.0,16.4,1.1401754250991383,0.0,0.0,0.0,0.6,0.0,25,16.5,15.8,0.0,0.2,16,0.0,10,20.829999999999927,,6
2021,10,Silverstone,6,Nicholas Latifi,Williams,18,20,0.894736842105263157894737,0,8,10,6,88.254,89.3,106.91266666666667,24.31473464931638,2.2310000000000088,311.0,267.0,254.0,322.0,2,1,16.666666666666668,16.8,1.962199999999997,29.4,50.931521739130446,37.20217391304347,1007.2461956521738,0.317934782608696,0.8,28.4,30.1,0,0.00000,16,0.0,0,72.0,17.0,16.4,1.140175425099138,0.0,0.0,0.0,0.4,0.0,26,15.5,15.5,0.0,0.2,14,0.0,5,27.52099999999973,,-3
2021,11,Budapest,6,Nicholas Latifi,Williams,18,20,0.894736842105263157894737,0,17,1,6,78.036,78.875,95.02199999999999,20.304481859924426,2.6170000000000044,281.0,250.0,258.0,304.0,2,1,17.333333333333332,16.8,2.0043999999999995,27.22670157068063,37.82251308900524,68.61570680628276,977.6308900523562,0.5675392670157061,1.2,25.7,29.1,1,0.30366,14,0.0,0,72.0,15.666666666666666,16.2,1.4832396974191326,0.0,0.0,0.0,0.4,0.0,27,14.833333333333334,15.2,0.0,0.2,7,6.0,4,22.715000000000146,,-12
2021,12,Spa-Francorchamps,6,Nicholas Latifi,Williams,12,20,0.578947368421052631578947,0,2,10,12,118.056,122.737,130.30249999999998,11.997669572955333,2.0309999999999917,309.0,186.0,217.0,305.0,4,1,18.0,17.2,2.1458000000000013,13.012413793103491,15.258620689655164,96.4358620689655,970.2217241379296,0.5113793103448276,1.0,12.4,13.4,1,0.84138,7,6.0,0,72.0,12.333333333333334,14.4,4.39317652729776,1.2,6.0,0.0,2.6,6.0,28,11.333333333333334,13.4,2.0,0.1,9,1.0,0,15393.05,,-4
2021,13,Zandvoort,6,Nicholas Latifi,Williams,14,20,0.684210526315789473684211,0,11,3,8,70.093,71.699,81.899375,12.029070940701466,1.2079999999999984,280.0,290.0,307.0,319.0,4,1,16.0,16.4,1.937599999999999,21.50443037974685,36.10569620253166,54.10822784810126,1021.5056962025316,0.442405063291139,0.9,20.4,22.4,0,0.00000,9,1.0,0,72.0,10.0,12.6,4.393176527297759,1.4,7.0,0.0,3.2,7.0,29,8.666666666666666,11.5,4.0,0.1,16,0.0,10,20.597999999999956,,14
2021,14,Monza,6,Nicholas Latifi,Williams,16,20,0.789473684210526315789474,0,15,1,8,81.925,82.777,98.50275,17.795170699217408,2.3699999999999903,327.0,330.0,318.0,344.0,2,1,14.666666666666666,16.0,1.9123999999999994,28.885234899328868,43.52751677852349,33.2758389261745,994.4879194630865,0.3429530201342281,0.7,27.8,29.6,0,0.00000,16,0.0,0,72.0,10.666666666666666,12.4,4.159326868617084,1.4,7.0,0.0,4.25,7.0,30,9.833333333333334,11.2,4.0,0.1,11,0.0,3,24.182999999999993,,-7
2021,15,Sochi,6,Nicholas Latifi,Williams,14,20,0.684210526315789473684211,0,3,11,7,108.25200000000001,118.003,120.5217142857143,12.999963688593974,6.2590000000000146,242.0,302.0,148.0,300.0,2,1,14.0,15.6,2.091399999999999,19.13860759493674,21.75696202531647,61.94746835443034,1023.1310126582275,0.29050632911392416,0.9,17.4,19.5,1,0.10127,11,0.0,0,72.0,12.0,11.4,3.646916505762094,1.4,7.0,0.0,4.25,7.0,31,10.666666666666666,10.5,4.4,0.1,19,0.0,3,30.386999999999716,,13
2021,16,Istanbul,6,Nicholas Latifi,Williams,17,20,0.842105263157894736842105,0,13,4,8,86.086,90.251,96.779125,10.631988584825383,3.2180000000000035,281.0,297.0,255.0,330.0,2,1,14.666666666666666,14.8,2.897,15.825477707006387,18.180891719745237,93.52484076433116,1006.4101910828001,0.4866242038216559,0.8,15.5,16.1,0,0.00000,19,0.0,1,72.0,15.333333333333334,12.4,4.979959839195493,1.4,7.0,0.2,3.25,7.0,32,13.666666666666666,10.8,4.6,0.2,17,0.0,5,24.11999999999989,,5
2021,17,Austin,6,Nicholas Latifi,Williams,17,20,0.842105263157894736842105,0,15,2,4,95.995,96.241,111.67025,17.958813052370694,3.085000000000008,233.0,192.0,212.0,320.0,2,1,15.666666666666666,14.6,3.0172,28.148447204968935,37.470807453416164,61.19254658385094,992.1298136645961,0.8540372670807448,1.5,26.4,29.5,0,0.00000,17,0.0,0,72.0,15.666666666666666,14.4,4.219004621945797,0.2,1.0,0.2,0.0,7.0,33,13.5,12.5,2.6,0.2,15,0.0,6,23.648999999999432,,2
2021,18,Mexico City,6,Nicholas Latifi,Williams,17,20,0.842105263157894736842105,0,13,4,5,78.756,91.267,93.1808,14.659606157738349,2.8810000000000002,315.0,294.0,252.0,344.0,3,2,16.0,15.6,3.228000000000003,21.20670731707316,47.57926829268294,31.2109756097561,784.2134146341465,0.3664634146341462,0.8,19.2,23.2,0,0.00000,15,0.0,0,72.0,17.0,15.6,2.9664793948382653,0.0,0.0,0.2,-0.5,7.0,34,15.0,14.3,0.6,0.2,17,0.0,2,22.72099999999955,,2
2021,19,São Paulo,6,Nicholas Latifi,Williams,17,20,0.842105263157894736842105,0,18,-1,6,69.897,71.246,81.07433333333334,11.797788600694059,1.963000000000008,319.0,263.0,320.0,319.0,3,1,17.0,16.2,3.5626000000000033,23.137341772151892,51.56139240506331,60.10126582278483,926.9303797468358,0.39177215189873377,0.8,22.5,24.0,0,0.00000,17,0.0,0,72.0,16.333333333333332,15.8,3.03315017762062,0.0,0.0,0.2,-1.2,7.0,35,15.666666666666666,14.3,0.6,0.1,16,0.0,8,18.46900000000005,,6
2021,20,Lusail,6,Nicholas Latifi,Williams,17,20,0.842105263157894736842105,0,15,2,8,83.213,84.611,103.387125,21.37212941752145,2.3859999999999957,249.0,278.0,320.0,328.0,2,1,17.0,16.4,3.481200000000007,26.41513157894735,30.603289473684203,75.54013157894735,1012.3072368421057,0.4230263157894732,0.8,26.0,27.4,1,0.01974,16,0.0,0,72.0,16.0,16.8,1.4832396974191326,0.0,0.0,0.2,-1.6,7.0,36,15.166666666666666,15.2,0.2,0.1,19,0.0,12,25.853000000000065,,16
2021,21,Jeddah,6,Nicholas Latifi,Williams,16,20,0.789473684210526315789474,0,14,2,7,89.17699999999999,115.649,112.639,24.145913898628894,1.6659999999999968,291.0,310.0,304.0,315.0,2,1,17.0,17.0,2.706600000000003,28.816062176165733,31.684974093264252,76.20310880829015,1013.7974093264247,0.2715025906735748,0.6,28.5,29.2,0,0.00000,19,0.0,1,72.0,17.333333333333332,16.8,1.4832396974191326,0.0,0.0,0.2,-1.8,7.0,37,16.333333333333332,15.9,0.0,0.1,12,0.0,6,24.19800000000032,,-2
2021,22,Yas Island,6,Nicholas Latifi,Williams,16,20,0.789473684210526315789474,0,17,-1,5,84.338,85.15,99.21600000000001,21.038958850190284,2.228999999999985,289.0,318.0,225.0,322.0,2,1,16.666666666666668,16.8,2.3962000000000017,24.51910828025481,28.46560509554141,59.05477707006371,1017.7108280254776,0.41464968152866166,0.7,23.5,25.7,0,0.00000,12,0.0,0,72.0,15.666666666666666,15.8,2.588435821108957,0.0,0.0,0.2,-0.6,7.0,38,16.0,15.8,0.0,0.2,16,0.0,6,21.263999999999214,,6
2022,1,Sakhir,6,Nicholas Latifi,Williams,20,20,1.000000000000000000000000,0,14,6,5,93.634,103.444,105.88700000000001,13.003656255069185,3.0760000000000076,240.0,270.0,289.0,319.0,3,2,16.333333333333332,16.6,2.224999999999997,23.617791411042962,28.610429447852766,29.49079754601227,1010.3858895705521,0.3049079754601232,0.8,22.3,25.7,0,0.00000,16,0.0,1,70.0,15.666666666666666,16.0,2.5495097567963922,0.0,0.0,0.4,-0.4,,39,16.833333333333332,16.3,0.0,0.4,16,0.0,11,24.436999999999898,,3
2022,2,Jeddah,6,Nicholas Latifi,Williams,19,20,0.947368421052631578947368,0,17,2,2,91.81700000000001,91.81700000000001,115.852,33.990622971637336,18.147000000000006,282.0,321.0,301.0,325.0,1,1,17.333333333333332,17.2,2.2639999999999985,25.42039473684213,28.4092105263158,59.66447368421053,1012.7776315789473,2.3592105263157874,4.0,25.3,25.6,0,0.00000,16,0.0,0,70.0,14.666666666666666,15.8,2.4899799195977463,0.0,0.0,0.4,1.2,0.0,40,15.666666666666666,15.9,0.0,0.4,18,0.0,3,,,1
2022,3,Melbourne,6,Nicholas Latifi,Williams,19,20,0.947368421052631578947368,0,16,3,6,81.372,92.468,99.85766666666666,16.27774918920508,3.504000000000005,281.0,301.0,302.0,318.0,2,1,18.333333333333332,17.6,5.500799999999998,26.697435897435888,37.40833333333329,43.65384615384615,1014.2461538461532,1.8128205128205122,4.4,25.8,27.4,0,0.00000,18,0.0,1,70.0,16.666666666666668,16.2,2.6832815729997477,0.0,0.0,0.6,1.2,0.0,41,15.833333333333334,16.2,0.0,0.6,16,0.0,6,17.927999999999884,,0
2022,4,Imola,6,Nicholas Latifi,Williams,18,20,0.894736842105263157894737,0,20,-2,9,81.971,93.768,97.84466666666667,18.830439034977385,3.2930000000000064,212.0,260.0,274.0,295.0,4,2,19.333333333333332,18.0,5.7244,12.899367088607601,17.418987341772137,83.17088607594937,1001.0386075949358,1.4822784810126568,2.5,11.1,14.2,0,0.00000,16,0.0,0,70.0,16.666666666666668,15.6,2.1908902300206647,0.0,0.0,0.4,2.0,0.0,42,14.5,15.2,0.2,0.5,16,0.0,4,31.115999999999985,,0
2022,5,Miami,6,Nicholas Latifi,Williams,19,20,0.947368421052631578947368,0,18,1,7,91.325,92.824,107.50842857142857,19.87072142506107,2.5290000000000106,220.0,191.0,285.0,324.0,2,1,18.666666666666668,18.4,6.049800000000002,30.61728395061729,42.81975308641976,58.858024691358025,1009.3049382716049,2.26728395061728,5.0,29.4,32.3,1,0.05556,16,0.0,0,70.0,16.666666666666668,16.4,0.8944271909999161,0.0,0.0,0.4,1.8,0.0,43,14.166666666666666,14.8,0.2,0.4,14,0.0,8,19.175000000000182,,-2
2022,6,Barcelona,6,Nicholas Latifi,Williams,20,20,1.000000000000000000000000,0,19,1,7,81.91499999999999,106.378,103.33442857142857,23.804679293905938,3.164999999999992,286.0,295.0,284.0,324.0,2,1,18.666666666666668,19.0,6.109800000000007,36.56585365853659,48.95731707317072,7.109756097560975,996.0158536585362,3.4884146341463396,5.5,35.9,37.2,0,0.00000,14,0.0,0,70.0,15.333333333333334,16.0,1.4142135623730951,0.0,0.0,0.2,2.8,0.0,44,12.666666666666666,13.7,0.6,0.2,16,0.0,8,22.30199999999968,,0
2022,7,Monaco,6,Nicholas Latifi,Williams,19,20,0.947368421052631578947368,0,16,3,10,74.403,77.16499999999999,87.24310000000001,13.380898312727572,3.027000000000001,215.0,196.0,271.0,286.0,3,1,19.0,19.0,6.127600000000004,22.274693877550995,31.038367346938788,75.66530612244898,1002.9922448979627,0.9902040816326523,3.2,20.9,24.3,1,0.43673,16,0.0,0,70.0,15.333333333333334,16.0,1.4142135623730956,0.0,0.0,0.2,2.6,0.0,45,14.0,14.2,0.6,0.2,15,0.0,7,26.63000000000102,,-1
2022,8,Baku,6,Nicholas Latifi,Williams,18,20,0.894736842105263157894737,0,17,1,5,105.36699999999999,117.247,118.59299999999999,13.483133185576714,4.007999999999981,201.0,222.0,337.0,320.0,2,1,19.333333333333332,19.0,3.103600000000003,25.435403726708074,47.149689440993804,59.49068322981366,1009.9012422360254,1.5291925465838494,2.9,24.9,26.1,0,0.00000,15,0.0,0,70.0,15.0,15.4,0.8944271909999159,0.0,0.0,0.0,3.4,0.0,46,15.0,14.3,0.6,0.1,15,0.0,5,22.1279999999997,,-1
2022,9,Montréal,6,Nicholas Latifi,Williams,19,20,0.947368421052631578947368,0,12,7,10,95.66,100.482,103.26860000000002,6.757383158853402,14.36099999999999,185.0,270.0,268.0,306.0,1,1,19.0,18.8,3.2043999999999984,20.762962962962966,41.261111111111084,28.925925925925927,1012.4012345679009,3.5524691358024683,5.6,18.8,22.3,0,0.00000,15,0.0,0,70.0,15.333333333333334,15.2,0.8366600265340756,0.0,0.0,0.0,3.6,0.0,47,15.666666666666666,14.4,0.4,0.1,16,0.0,6,24.045000000000073,,0
2022,10,Silverstone,6,Nicholas Latifi,Williams,10,20,0.473684210526315789473684,1,16,-6,20,101.99799999999999,112.555,115.10864999999998,11.624023899145026,2.8689999999999998,296.0,242.0,225.0,298.0,4,1,18.666666666666668,19.0,5.417999999999995,18.253201970443335,30.026108374384233,59.748768472906406,1002.3581280788169,1.4561576354679806,3.9,17.5,19.2,1,0.04433,16,0.0,0,70.0,15.333333333333334,15.2,0.8366600265340756,0.0,0.0,0.0,3.4,0.0,48,14.833333333333334,14.6,0.4,0.1,12,0.0,6,28.450000000000728,,11
2022,11,Spielberg,6,Nicholas Latifi,Williams,19,20,0.947368421052631578947368,0,11,8,6,67.003,68.366,82.58183333333334,19.685886532403533,2.0190000000000055,317.0,243.0,283.0,319.0,3,1,15.666666666666666,17.2,5.485999999999993,20.255921052631592,30.74671052631582,35.13815789473684,939.7124999999984,1.2552631578947366,3.9,19.7,21.1,0,0.00000,12,0.0,0,70.0,14.333333333333334,14.8,1.6431676725154982,0.0,0.0,0.0,2.0,0.0,49,14.666666666666666,15.5,0.0,0.2,19,0.0,4,21.22900000000027,,4
2022,12,Le Castellet,6,Nicholas Latifi,Williams,20,20,1.000000000000000000000000,0,15,5,4,93.794,93.857,118.6785,28.72007219698447,2.921999999999997,120.0,280.0,302.0,333.0,2,1,16.0,17.0,5.256799999999996,30.164843750000003,54.46171874999998,47.734375,967.9078124999985,1.9460937500000002,4.0,29.1,30.8,0,0.00000,19,0.0,1,70.0,15.666666666666666,15.4,2.5099800796022267,0.0,0.0,0.2,1.0,0.0,50,15.333333333333334,15.2,0.0,0.3,17,0.0,6,37.02000000000044,,0
2022,13,Budapest,6,Nicholas Latifi,Williams,20,20,1.000000000000000000000000,0,17,3,8,79.57,81.30799999999999,96.824375,18.38220258788764,2.192999999999998,283.0,246.0,259.0,311.0,2,1,16.333333333333332,17.2,5.235799999999995,18.55988023952095,26.72095808383233,69.31736526946108,985.5814371257485,4.034131736526945,5.8,17.8,19.4,1,0.27545,17,0.0,1,70.0,16.0,15.8,2.5884358211089564,0.0,0.0,0.4,0.4,0.0,51,15.5,14.9,0.0,0.3,18,0.0,12,21.835000000000036,,8
2022,14,Spa-Francorchamps,6,Nicholas Latifi,Williams,17,20,0.842105263157894736842105,0,9,8,4,106.40100000000001,106.791,134.466,40.69003023673817,2.7360000000000184,332.0,204.0,221.0,307.0,2,1,19.666666666666668,17.6,4.872799999999998,21.78717948717949,36.083974358974366,40.51923076923077,971.0519230769214,1.5192307692307678,3.5,20.7,22.5,0,0.00000,18,0.0,0,70.0,18.0,16.4,2.701851217221259,0.0,0.0,0.4,0.0,0.0,52,16.0,15.7,0.0,0.3,18,0.0,6,23.40599999999995,,8
2022,15,Zandvoort,6,Nicholas Latifi,Williams,20,20,1.000000000000000000000000,0,15,5,3,73.353,100.75,96.40033333333334,21.209690151752177,3.0109999999999957,281.0,283.0,311.0,323.0,2,1,19.0,17.2,2.5478000000000036,22.730061349693237,33.44601226993866,75.38036809815951,1017.1098159509202,1.0619631901840485,2.0,22.3,23.3,0,0.00000,18,0.0,0,70.0,17.666666666666668,16.8,2.7748873851023217,0.0,0.0,0.4,-1.8,0.0,53,15.5,15.6,0.2,0.3,18,0.0,6,14.256999999999607,,2
2022,16,Monza,6,Nicholas Latifi,Williams,16,20,0.789473684210526315789474,0,13,3,5,82.587,110.72999999999999,106.64580000000001,23.4643541398437,2.426000000000002,321.0,337.0,311.0,347.0,2,1,19.0,19.2,2.5762000000000027,27.734693877551035,43.138775510204084,33.14965986394558,993.340136054421,1.3612244897959178,2.7,26.4,28.5,0,0.00000,18,0.0,0,70.0,18.0,18.0,0.7071067811865476,0.0,0.0,0.4,-1.0,0.0,54,15.5,15.4,0.2,0.2,15,0.0,8,24.229999999999563,,6
2022,17,Marina Bay,6,Nicholas Latifi,Williams,20,20,1.000000000000000000000000,0,19,1,5,117.532,121.011,126.3466,10.524003553781238,8.11999999999999,296.0,268.0,242.0,285.0,2,1,17.666666666666668,18.6,2.657600000000002,26.232549019607895,28.973333333333354,87.44705882352942,1008.1439215686289,0.929803921568626,2.7,24.3,27.7,1,0.18039,15,0.0,0,70.0,17.0,17.2,1.3038404810405297,0.0,0.0,0.2,-1.6,0.0,55,13.666666666666666,14.7,0.6,0.1,19,0.0,0,,,-2
2022,18,Suzuka,6,Nicholas Latifi,Williams,20,20,1.000000000000000000000000,0,16,4,5,91.511,95.99600000000001,104.8114,16.741257369146435,2.2069999999999936,284.0,308.0,267.0,308.0,3,1,18.666666666666668,18.6,3.697200000000001,16.717647058823538,19.930588235294138,86.21176470588236,1015.7062745098052,2.040784313725487,4.0,15.8,19.0,1,0.98039,19,0.0,1,70.0,17.333333333333332,17.6,1.51657508881031,0.0,0.0,0.2,-1.8,0.0,56,15.0,15.3,0.6,0.2,9,2.0,6,24.807999999999083,,-14
2022,19,Austin,6,Nicholas Latifi,Williams,20,20,1.000000000000000000000000,0,11,9,5,97.244,101.065,108.0404,15.50616368738573,2.8880000000000052,221.0,190.0,208.0,325.0,3,1,18.666666666666668,18.6,3.7,29.28529411764708,35.52352941176471,49.62352941176471,991.1994117647055,5.487058823529408,10.1,28.3,30.7,0,0.00000,9,2.0,0,70.0,14.333333333333334,15.8,4.08656334834051,0.4,2.0,0.2,0.2,2.0,57,14.833333333333334,14.7,1.0,0.3,17,0.0,8,24.198999999999614,,2
2022,20,Mexico City,6,Nicholas Latifi,Williams,20,20,1.000000000000000000000000,0,19,1,8,81.167,92.358,98.595,16.48632614363448,3.391999999999996,315.0,292.0,250.0,348.0,2,1,20.0,19.2,3.7303999999999973,24.312727272727287,41.68909090909089,34.442424242424245,780.4072727272716,1.3369696969696967,4.0,22.8,25.5,0,0.00000,17,0.0,0,70.0,15.0,15.6,3.974921382870358,0.4,2.0,0.2,1.6,2.0,58,15.833333333333334,14.9,0.8,0.3,18,0.0,4,23.823999999999614,,0
2022,21,São Paulo,6,Nicholas Latifi,Williams,16,20,0.789473684210526315789474,0,11,5,12,75.095,81.732,91.36575,16.168205416383223,4.213999999999999,310.0,250.0,308.0,308.0,2,2,20.0,19.2,3.8065999999999973,23.01077844311378,46.04910179640717,76.07784431137725,922.1604790419151,1.4443113772455085,2.9,20.9,25.1,0,0.00000,18,0.0,0,70.0,14.666666666666666,15.6,3.9749213828703582,0.4,2.0,0.2,1.2,2.0,59,14.833333333333334,14.9,0.8,0.3,16,0.0,5,23.725000000000364,,5
2022,22,Yas Island,6,Nicholas Latifi,Williams,20,20,1.000000000000000000000000,0,19,1,6,86.054,86.84100000000001,99.93016666666666,15.701261215796226,2.230000000000004,295.0,326.0,218.0,330.0,3,1,18.666666666666668,19.2,4.164199999999997,28.57548387096773,34.31032258064516,61.68387096774194,1013.5206451612893,2.608387096774191,4.1,27.8,29.7,0,0.00000,16,0.0,0,70.0,17.0,15.8,3.96232255123179,0.4,2.0,0.2,2.6,2.0,60,15.166666666666666,15.6,0.4,0.3,19,0.0,7,22.26599999999962,,5
2020,4,Silverstone,27,Nico Hulkenberg,Racing Point,13,20,0.631578947368421052631579,0,6,7,9,86.327,89.511,99.19433333333333,17.197747904885684,2.024000000000001,313.0,268.0,255.0,318.0,4,2,11.666666666666666,12.4,1.9634000000000043,21.291406249999998,40.63281250000001,44.16796875,998.40859375,3.114062500000001,4.7,20.8,22.1,0,0.00000,,,,,,,,,,,,,0,8.0,8.0,13.333333333333334,0.16666666666666666,20,0.0,,,,14
2020,5,Silverstone,27,Nico Hulkenberg,Racing Point,3,20,0.105263157894736842105263,1,6,-3,12,86.082,87.47800000000001,101.56849999999997,19.540895627096805,0.9279999999999973,318.0,276.0,253.0,331.0,5,2,12.333333333333334,12.0,1.857200000000003,25.28706896551725,43.22758620689654,58.55603448275865,1000.9508620689652,2.236206896551725,4.3,23.5,26.8,0,0.00000,20,0.0,1,,20.0,20.0,,0.0,0.0,1.0,-7.0,0.0,1,8.833333333333334,9.625,10.5,0.25,7,6.0,5,28.3720000000003,,27
2020,11,Nürburgring,27,Nico Hulkenberg,Racing Point,20,20,1.000000000000000000000000,0,9,11,8,88.021,92.19,101.1005,13.197267866602436,2.7519999999999953,270.0,241.0,263.0,318.0,2,1,8.666666666666666,10.2,1.6174000000000006,9.499999999999998,16.36020408163265,59.40408163265304,947.35918367347,1.6173469387755104,3.1,8.9,9.9,1,0.02041,7,6.0,0,,13.5,13.5,9.192388155425117,3.0,6.0,0.5,-5.5,6.0,2,9.166666666666666,8.3,12.6,0.2,8,4.0,15,22.609999999999673,,-5
2022,1,Sakhir,27,Nico Hulkenberg,Aston Martin,17,20,0.842105263157894736842105,0,19,-2,4,92.777,93.434,104.1395,12.835464528666922,2.2190000000000083,238.0,264.0,279.0,310.0,2,1,12.0,12.0,1.8105999999999995,23.617791411042962,28.610429447852766,29.49079754601227,1010.3858895705521,0.3049079754601232,0.8,22.3,25.7,0,0.00000,8,4.0,0,,11.666666666666666,11.666666666666666,7.234178138070235,3.3333333333333335,10.0,0.3333333333333333,0.3333333333333333,,3,11.166666666666666,11.9,3.0,0.2,17,0.0,9,25.799000000000888,,9
2022,2,Jeddah,27,Nico Hulkenberg,Aston Martin,18,20,0.894736842105263157894737,0,15,3,6,90.543,91.521,106.79133333333334,21.317464602214468,16.873000000000005,287.0,318.0,302.0,326.0,3,1,13.333333333333334,12.6,1.9708000000000028,25.42039473684213,28.4092105263158,59.66447368421053,1012.7776315789473,2.3592105263157874,4.0,25.3,25.6,0,0.00000,17,0.0,0,,10.666666666666666,13.0,6.48074069840786,2.5,10.0,0.25,0.25,0.0,4,13.333333333333334,12.7,1.8,0.2,12,0.0,7,21.441000000000713,,-5
2023,1,Sakhir,27,Nico Hulkenberg,Haas F1 Team,10,20,0.473684210526315789473684,1,17,-7,10,90.809,92.36,103.1039,13.37851560815989,1.100999999999999,242.0,271.0,287.0,318.0,5,1,18.333333333333332,14.2,4.959200000000001,27.43167701863353,31.01180124223602,21.496894409937887,1016.863975155279,0.6832298136645952,2.2,26.2,29.8,0,0.00000,12,0.0,0,80.0,12.333333333333334,12.8,5.630275304103699,2.0,10.0,0.2,1.2,,5,16.333333333333332,15.3,0.4,0.1,15,0.0,7,26.077000000000226,,18
2023,2,Jeddah,27,Nico Hulkenberg,Haas F1 Team,11,20,0.526315789473684210526316,0,13,-2,14,89.451,105.997,106.83092857142857,18.57998513895359,1.1859999999999928,292.0,330.0,308.0,334.0,4,1,15.0,13.6,4.774600000000001,26.09189189189191,31.792567567567573,57.79054054054054,1010.9297297297305,1.7722972972972975,3.7,25.8,26.4,0,0.00000,15,0.0,1,80.0,14.666666666666666,11.8,4.324349662087931,2.0,10.0,0.2,1.6,0.0,6,15.5,15.0,0.4,0.3,12,0.0,5,21.515000000000327,,7
2023,3,Melbourne,27,Nico Hulkenberg,Haas F1 Team,10,20,0.473684210526315789473684,1,14,-4,20,77.412,92.648,92.52949999999997,14.59093040033323,0.6800000000000068,286.0,324.0,309.0,323.0,6,1,13.0,15.2,4.8262,17.449549549549555,30.139639639639615,54.15765765765766,1018.3666666666695,1.1270270270270264,5.0,16.8,18.1,0,0.00000,12,0.0,0,80.0,13.0,12.8,3.4205262752974135,0.8,4.0,0.2,2.0,0.0,7,13.833333333333334,14.8,0.2,0.3,7,6.0,3,880.7710000000006,,4
2025,1,Melbourne,27,Nico Hulkenberg,Kick Sauber,17,20,0.842105263157894736842105,0,15,2,6,76.57900000000001,81.477,102.20066666666666,26.77739987875348,1.483000000000004,289.0,328.0,310.0,328.0,3,1,10.333333333333334,13.2,4.411800000000002,15.707865168539323,18.942134831460663,78.42134831460675,1009.9016853932579,3.475280898876404,6.9,15.1,16.6,1,0.32584,8,4.0,0,,10.666666666666666,12.2,5.495452665613635,2.0,10.0,0.6,0.2,,51,13.5,13.8,0.8,0.5,7,6.0,3,14.202000000000226,,-11
2025,2,Shanghai,27,Nico Hulkenberg,Kick Sauber,12,20,0.578947368421052631578947,0,19,-7,10,91.632,92.67699999999999,102.7019,12.216735301762634,0.9910000000000139,286.0,280.0,270.0,335.0,5,1,12.666666666666666,13.2,4.2646000000000015,27.215584415584427,35.81688311688313,18.233766233766232,1010.4227272727292,2.18831168831169,4.3,26.4,28.1,0,0.00000,7,6.0,0,,10.333333333333334,11.8,5.848076606885378,2.8,14.0,0.4,2.0,6.0,52,12.166666666666666,13.2,2.0,0.4,15,0.0,7,22.980999999999767,,13
2025,3,Suzuka,27,Nico Hulkenberg,Kick Sauber,16,20,0.789473684210526315789474,0,17,-1,7,88.57,108.315,106.62271428571425,19.21981368028218,1.586999999999989,288.0,300.0,273.0,297.0,3,1,13.0,12.0,1.0882000000000034,14.42999999999999,20.514285714285716,76.37142857142857,1009.3171428571422,1.2021428571428572,2.4,14.2,14.7,0,0.00000,15,0.0,1,,10.0,10.8,4.324349662087931,2.8,14.0,0.4,1.8,6.0,53,13.833333333333334,13.3,2.0,0.6,16,0.0,3,23.625,,3
2025,4,Sakhir,27,Nico Hulkenberg,Kick Sauber,16,20,0.789473684210526315789474,0,18,-2,10,91.693,92.81,103.03339999999999,13.704895979985478,1.8519999999999897,243.0,274.0,290.0,325.0,5,1,15.0,13.2,1.1854000000000013,27.05253164556961,31.87025316455695,45.32911392405063,1008.1253164556957,2.105696202531645,3.6,26.6,27.9,0,0.00000,16,0.0,0,,12.666666666666666,12.4,4.505552130427524,2.0,10.0,0.4,1.6,6.0,54,14.5,13.7,2.0,0.5,20,0.0,8,24.103000000000065,,16
2025,5,Jeddah,27,Nico Hulkenberg,Kick Sauber,18,20,0.894736842105263157894737,0,20,-2,5,88.782,103.612,104.4328,15.87704781122738,1.4879999999999995,298.0,334.0,313.0,339.0,3,1,14.666666666666666,14.2,1.3186000000000007,29.483802816901413,37.81971830985914,62.725352112676056,1006.7661971830992,1.026056338028169,2.2,28.3,31.7,0,0.00000,20,0.0,1,,17.0,13.2,5.540758070878027,2.0,10.0,0.4,0.4,6.0,55,17.0,15.6,1.2,0.6,15,0.0,7,20.5,,1
2025,6,Miami Gardens,27,Nico Hulkenberg,Kick Sauber,16,20,0.789473684210526315789474,0,13,3,6,87.473,88.39099999999999,98.08550000000001,11.425241507294277,1.2689999999999912,224.0,193.0,288.0,341.0,3,1,16.666666666666668,15.8,1.4801999999999993,26.573154362416098,38.69060402684562,63.02013422818792,1012.2959731543626,1.0469798657718126,2.4,25.9,28.0,1,0.03356,15,0.0,1,,17.0,14.6,4.722287581247038,1.2,6.0,0.6,1.2,6.0,56,17.666666666666668,15.8,1.2,0.6,14,0.0,6,22.159999999999854,,2
2025,7,Imola,27,Nico Hulkenberg,Kick Sauber,17,20,0.842105263157894736842105,0,14,3,6,76.518,77.02199999999999,92.092,17.642787376148927,1.847999999999999,231.0,262.0,281.0,299.0,3,1,16.666666666666668,15.6,1.4373999999999967,23.964666666666666,42.66399999999999,38.306666666666665,1009.7999999999994,3.2479999999999993,5.0,23.4,24.3,0,0.00000,14,0.0,1,,16.333333333333332,16.0,2.345207879911715,0.0,0.0,0.8,-0.4,6.0,57,17.166666666666668,16.7,0.0,0.7,12,0.0,10,30.26600000000053,,0
2025,8,Monaco,27,Nico Hulkenberg,Kick Sauber,13,20,0.631578947368421052631579,0,16,-3,18,71.596,81.813,83.96633333333337,12.43921623689512,1.641999999999996,220.0,209.0,270.0,282.0,5,1,17.0,16.6,1.6087999999999938,22.20937500000001,43.31749999999996,52.51875,1016.7837499999993,0.9793749999999999,2.2,21.3,22.9,0,0.00000,12,0.0,0,,13.666666666666666,15.4,2.9664793948382653,0.0,0.0,0.6,1.2,6.0,58,15.833333333333334,16.8,0.0,0.5,16,0.0,7,23.974999999999454,,13
2025,9,Barcelona,27,Nico Hulkenberg,Kick Sauber,16,20,0.789473684210526315789474,0,12,4,4,73.19,73.499,92.9925,26.667909160637254,1.6440000000000055,290.0,309.0,294.0,326.0,2,1,15.333333333333334,16.0,1.619799999999995,29.11999999999999,48.54322580645158,54.6258064516129,1002.7716129032251,1.6329032258064524,3.5,28.1,30.0,0,0.00000,16,0.0,1,,14.0,15.4,2.966479394838265,0.0,0.0,0.8,0.6,6.0,59,15.333333333333334,16.3,0.0,0.7,5,10.0,9,21.91900000000078,,-3
2025,10,Montréal,27,Nico Hulkenberg,Kick Sauber,13,20,0.631578947368421052631579,0,16,-3,14,72.18299999999999,84.34,88.65571428571427,14.221898620564922,1.2839999999999918,262.0,285.0,297.0,329.0,5,1,15.333333333333334,16.0,1.5781999999999983,24.036526946107763,49.25329341317365,27.976047904191617,1018.9281437125736,1.0377245508982031,2.9,22.8,25.6,1,0.00599,5,10.0,0,,11.0,12.4,4.39317652729776,2.0,10.0,0.6,3.4,16.0,60,12.833333333333334,14.2,2.0,0.6,8,4.0,14,18.259000000000015,,8
2025,11,Spielberg,27,Nico Hulkenberg,Kick Sauber,20,20,1.000000000000000000000000,0,8,12,6,65.606,65.775,79.46616666666667,18.002390190379348,1.634999999999991,315.0,249.0,284.0,319.0,3,1,14.0,15.0,1.5373999999999968,30.347826086956506,49.16645962732919,31.981366459627328,943.3447204968951,1.6180124223602488,3.7,29.1,31.3,0,0.00000,8,4.0,0,,9.666666666666666,11.0,4.47213595499958,2.8,14.0,0.4,3.4,20.0,61,11.5,13.1,2.8,0.5,9,2.0,12,21.064000000000306,,-8
2025,12,Silverstone,27,Nico Hulkenberg,Kick Sauber,19,20,0.947368421052631578947368,0,17,2,5,86.574,87.477,98.50300000000001,15.720742428396953,1.6820000000000022,320.0,269.0,255.0,320.0,3,1,16.333333333333332,15.8,1.6105999999999967,17.917419354838703,23.578709677419354,78.3741935483871,988.7767741935467,1.4832258064516135,5.8,16.0,19.6,1,0.18065,9,2.0,1,,7.333333333333333,10.0,4.183300132670378,3.2,16.0,0.4,5.2,22.0,62,9.333333333333334,11.6,4.0,0.5,3,15.0,8,29.734999999999673,,-9
2025,13,Spa-Francorchamps,27,Nico Hulkenberg,Kick Sauber,14,20,0.684210526315789473684211,0,10,4,9,101.707,108.529,114.6558888888889,16.24636001112591,1.144999999999996,341.0,220.0,228.0,313.0,5,1,17.333333333333332,16.2,1.5773999999999972,17.03004484304933,24.090134529147992,84.4439461883408,965.0475336322884,1.446188340807175,3.2,14.5,19.0,1,0.45740,3,15.0,0,,6.666666666666667,8.2,4.969909455915671,6.2,31.0,0.4,7.4,37.0,63,10.0,10.7,7.0,0.6,12,0.0,6,23.59700000000157,,2
2025,14,Budapest,27,Nico Hulkenberg,Kick Sauber,19,20,0.947368421052631578947368,0,7,12,4,76.081,76.267,87.05825,12.723859880162152,1.1910000000000025,283.0,251.0,261.0,313.0,2,1,17.666666666666668,16.4,1.4779999999999973,22.08216560509553,32.7299363057325,57.24203821656051,987.1401273885358,2.1509554140127394,3.7,21.6,22.5,0,0.00000,12,0.0,0,,8.0,7.4,3.5071355833500366,6.2,31.0,0.2,8.4,37.0,64,9.833333333333334,9.8,7.4,0.4,13,0.0,16,21.59999999999991,,4
2025,15,Zandvoort,27,Nico Hulkenberg,Kick Sauber,17,20,0.842105263157894736842105,0,13,4,6,70.195,70.865,81.37533333333333,12.683924828958377,1.532999999999987,289.0,282.0,322.0,332.0,3,1,17.333333333333332,17.0,1.3873999999999966,20.077358490566034,27.963522012578633,71.17610062893081,1006.205660377358,2.170440251572328,3.9,19.4,20.7,0,0.00000,13,0.0,1,,9.333333333333334,9.0,3.9370039370059056,4.2,21.0,0.4,7.4,37.0,65,10.166666666666666,10.0,7.0,0.5,14,0.0,8,17.71900000000005,,2
2025,16,Monza,27,Nico Hulkenberg,Kick Sauber,12,20,0.578947368421052631578947,0,8,4,10,79.498,81.227,91.7538,13.555405767114133,0.7060000000000031,330.0,347.0,319.0,355.0,5,1,16.666666666666668,17.8,1.4371999999999958,26.761111111111102,43.28819444444442,42.604166666666664,996.7527777777791,1.960416666666666,4.0,25.9,27.4,0,0.00000,14,0.0,0,,13.0,10.2,4.43846820423443,3.4,17.0,0.4,7.4,37.0,66,11.5,10.7,6.2,0.4,20,0.0,,,,16
2025,17,Baku,27,Nico Hulkenberg,Kick Sauber,17,20,0.842105263157894736842105,0,13,4,3,102.916,104.259,110.37933333333332,11.782950069203096,1.7990000000000066,214.0,222.0,334.0,320.0,2,1,16.0,16.2,1.251399999999998,20.551923076923092,26.107051282051287,59.833333333333336,1021.1160256410266,1.5070512820512825,2.9,20.3,21.1,0,0.00000,20,0.0,1,,15.666666666666666,12.4,6.107372593840988,3.0,15.0,0.4,3.6,37.0,67,12.666666666666666,11.8,5.8,0.3,16,0.0,5,20.014999999999418,,3
2025,18,Marina Bay,27,Nico Hulkenberg,Kick Sauber,11,20,0.526315789473684210526316,0,14,-3,9,90.14099999999999,91.689,104.97411111111113,18.124175742943766,0.9829999999999899,310.0,280.0,261.0,301.0,5,1,15.333333333333334,15.8,1.274799999999999,29.072049689440938,33.852173913043515,74.36024844720497,1010.7776397515512,1.1111801242236026,2.2,28.5,29.5,1,0.03727,16,0.0,0,,16.666666666666668,15.0,3.1622776601683795,0.0,0.0,0.4,0.6,37.0,68,14.0,12.4,2.8,0.2,20,0.0,6,24.032000000000153,,24
2025,19,Austin,27,Nico Hulkenberg,Kick Sauber,11,20,0.526315789473684210526316,0,16,-5,8,93.334,94.35499999999999,110.54299999999999,18.084453133640984,0.8240000000000123,238.0,193.0,213.0,326.0,4,1,13.333333333333334,15.2,1.2423999999999977,28.267532467532465,45.04480519480521,22.532467532467532,1001.1077922077926,2.082467532467532,4.9,26.4,29.3,0,0.00000,20,0.0,1,,18.666666666666668,16.6,3.286335345030997,0.0,0.0,0.6,-1.6,37.0,69,15.333333333333334,14.0,2.4,0.4,8,4.0,6,23.753999999999905,,4
2025,20,Mexico City,27,Nico Hulkenberg,Kick Sauber,13,20,0.631578947368421052631579,0,16,-3,10,77.01599999999999,77.90899999999999,90.0667,14.723736361927827,1.4299999999999926,316.0,296.0,254.0,345.0,5,1,13.0,13.6,1.1689999999999998,26.405555555555555,50.58827160493828,23.234567901234566,780.8888888888889,1.8475308641975292,3.9,25.4,27.1,0,0.00000,8,4.0,0,,14.666666666666666,15.6,4.979959839195493,0.8,4.0,0.4,-2.0,41.0,70,15.0,14.7,1.6,0.4,19,0.0,5,,,17
2025,21,São Paulo,27,Nico Hulkenberg,Kick Sauber,10,19,0.500000000000000000000000,1,,,17,69.985,80.845,86.89964705882353,18.074208997011375,0.47400000000000375,323.0,267.0,330.0,336.0,8,1,11.666666666666666,12.8,1.148400000000001,17.34802631578948,30.69276315789474,70.57236842105263,929.708552631579,1.5098684210526314,2.9,16.6,18.0,0,0.00000,19,0.0,1,,15.666666666666666,16.6,5.079370039680118,0.8,4.0,0.6,-3.8,41.0,71,15.333333333333334,14.7,1.8,0.5,9,2.0,13,22.967000000000553,,14
2025,22,Las Vegas,27,Nico Hulkenberg,Kick Sauber,11,20,0.526315789473684210526316,0,18,-7,16,112.781,116.872,120.63856250000003,7.700958433586909,4.847000000000008,146.0,184.0,296.0,238.0,2,1,11.333333333333334,12.4,1.102000000000001,16.73404255319152,19.529787234042566,37.765957446808514,941.8964539007092,1.436879432624114,2.8,16.3,17.2,0,0.00000,9,2.0,0,,12.0,14.4,5.594640292279746,1.2,6.0,0.4,-2.0,43.0,72,14.0,14.8,1.4,0.5,7,6.0,7,22.36700000000019,,5
2025,23,Lusail,27,Nico Hulkenberg,Kick Sauber,11,20,0.526315789473684210526316,0,14,-3,15,80.35300000000001,99.174,98.3706,17.652039112481347,0.9660000000000082,255.0,287.0,283.0,325.0,6,1,11.333333333333334,11.2,1.7116000000000013,22.59932885906039,28.160402684563756,69.04697986577182,1016.0953020134215,1.2510067114093952,2.7,21.6,23.7,0,0.00000,7,6.0,0,,11.666666666666666,12.6,6.348228099241551,2.4,12.0,0.4,-1.4,49.0,73,13.666666666666666,14.5,2.6,0.6,20,0.0,1,,,19
2025,24,Yas Island,27,Nico Hulkenberg,Kick Sauber,18,20,0.894736842105263157894737,0,7,11,6,83.45,83.658,96.16266666666667,16.36931902880101,1.2430000000000092,292.0,324.0,219.0,330.0,3,1,10.666666666666666,11.2,1.708200000000005,26.67402597402595,31.0616883116883,60.44155844155844,1016.7279220779227,1.5733766233766233,3.2,25.9,27.5,0,0.00000,20,0.0,1,,12.0,12.6,6.348228099241551,2.4,12.0,0.4,-1.4,49.0,74,14.333333333333334,14.1,2.6,0.5,9,2.0,16,21.498000000000502,,0
2026,1,Melbourne,27,Nico Hulkenberg,Audi,11,19,0.555555555555555555555556,0,10,1,13,80.303,96.136,98.02276923076921,17.85943239651364,1.7849999999999966,260.0,291.0,304.0,311.0,4,1,13.333333333333334,12.6,1.7920000000000045,24.23445945945945,36.13445945945945,53.97297297297296,1012.5608108108116,2.5614864864864857,4.6,23.1,25.3,0,0.00000,9,2.0,0,,12.0,12.8,6.180614856144977,2.0,10.0,0.4,-0.2,,75,,,,,22,0.0,,,,22
2026,2,Shanghai,27,Nico Hulkenberg,Audi,11,22,0.476190476190476190476190,0,16,-5,9,93.354,114.547,110.05055555555556,16.621170251452742,1.2900000000000063,287.0,285.0,277.0,315.0,3,1,13.333333333333334,12.2,1.8630000000000053,15.572368421052628,22.616447368421053,54.99802631578948,1024.481578947368,2.1934210526315794,4.5,14.9,16.4,0,0.00000,22,0.0,1,,17.0,13.4,7.021395872616783,2.0,10.0,0.4,-1.2,0.0,76,15.5,15.5,2.0,1.0,11,0.0,12,37.224999999999454,,12
2026,3,Suzuka,27,Nico Hulkenberg,Audi,13,22,0.571428571428571428571429,0,9,4,10,90.358,90.843,101.5516,12.345549240290788,1.5800000000000125,278.0,332.0,273.0,287.0,4,1,13.333333333333334,12.4,2.0262000000000056,18.556410256410274,34.1429487179487,52.49551282051283,1011.7987179487181,1.9506410256410254,3.7,17.3,19.5,0,0.00000,11,0.0,1,,14.0,13.8,6.760177512462229,1.6,8.0,0.6,-1.4,0.0,77,15.75,15.75,1.0,1.0,11,0.0,11,24.03399999999965,,7
2026,4,Miami Gardens,27,Nico Hulkenberg,Audi,10,22,0.428571428571428571428571,1,21,-11,9,89.439,104.84100000000001,106.71522222222222,18.28075278659072,1.6409999999999911,223.0,192.0,264.0,326.0,5,2,11.666666666666666,12.8,1.3728000000000065,27.125595238095247,37.01190476190477,70.44821428571433,1015.6476190476195,1.1517857142857149,4.8,25.7,28.1,1,0.01786,11,0.0,0,,14.666666666666666,14.6,5.941380311005179,0.4,2.0,0.6,-1.8,0.0,78,14.5,14.5,0.6666666666666666,0.6666666666666666,19,0.0,2,33.61000000000013,,21
2026,5,Montréal,27,Nico Hulkenberg,Audi,11,22,0.476190476190476190476190,0,13,-2,18,73.886,88.231,87.11622222222223,10.564412962480692,1.3079999999999927,252.0,287.0,278.0,320.0,4,1,11.333333333333334,12.6,1.5078000000000031,12.848750000000004,17.82749999999999,71.69499999999992,1024.2043749999991,3.0156249999999987,6.2,12.1,13.7,0,0.00000,19,0.0,1,,13.666666666666666,14.4,5.727128425310541,0.4,2.0,0.6,-1.8,0.0,79,14.5,14.75,0.5,0.75,12,0.0,8,24.976000000000113,,10
2026,6,Monte Carlo,27,Nico Hulkenberg,Audi,13,22,0.571428571428571428571429,0,16,-3,19,73.902,83.542,88.38147368421052,16.66870791956,1.850999999999999,216.0,201.0,266.0,284.0,4,1,11.333333333333334,11.2,1.5208,23.677403846153872,37.976923076923086,62.198557692307695,1021.4403846153845,0.8418269230769228,3.5,22.6,24.5,0,0.00000,12,0.0,1,,14.0,15.0,5.1478150704935,0.0,0.0,0.8,-3.8,0.0,80,13.333333333333334,14.3,0.4,0.8,13,0.0,5,19.934000000000196,,5
2026,7,Barcelona,27,Nico Hulkenberg,Audi,9,22,0.380952380952380952380952,1,12,-3,9,75.768,76.95400000000001,91.90444444444445,21.63409565426246,1.0889999999999986,281.0,288.0,287.0,332.0,5,1,11.333333333333334,11.6,1.5340000000000003,30.529333333333362,50.28666666666666,28.866000000000017,1000.5366666666639,2.5713333333333326,5.2,29.8,31.1,0,0.00000,13,0.0,0,,14.666666666666666,13.2,3.3466401061363023,0.0,0.0,0.6,-1.6,0.0,81,13.333333333333334,13.6,0.0,0.6,20,0.0,6,22.83299999999963,,30
2021,1,Sakhir,9,Nikita Mazepin,Haas F1 Team,20,20,1.000000000000000000000000,0,19,1,4,93.273,108.43,117.41,25.228130714211332,4.275999999999996,242.0,266.0,292.0,320.0,3,1,,,,20.538345864661654,27.627819548872182,54.51729323308271,1014.9105263157908,0.8872180451127818,1.4,20.4,20.9,0,0.00000,,,,67.0,,,,,,,,,0,17.666666666666668,17.3,0.0,0.4,20,0.0,0,,,0
2021,2,Imola,9,Nikita Mazepin,Haas F1 Team,19,20,0.947368421052631578947368,0,18,1,8,76.797,87.288,93.06425,17.360881344892274,2.3859999999999957,227.0,260.0,286.0,290.0,3,1,20.0,20.0,4.275999999999996,10.621118012422354,16.827329192546586,69.48881987577641,1011.2527950310558,0.4788819875776397,1.1,9.2,12.3,1,0.40994,20,0.0,1,67.0,20.0,20.0,,0.0,0.0,1.0,-1.0,0.0,1,17.5,17.7,0.0,0.4,17,0.0,4,31.110999999999876,,0
2021,3,Portimão,9,Nikita Mazepin,Haas F1 Team,20,20,1.000000000000000000000000,0,19,1,9,80.912,87.493,90.1201111111111,9.303363806232191,2.9440000000000026,284.0,189.0,291.0,313.0,2,1,19.5,19.5,3.330999999999996,19.39253731343283,38.9507462686567,39.40373134328356,1004.8134328358209,0.8373134328358207,1.4,18.1,20.0,0,0.00000,17,0.0,0,67.0,18.5,18.5,2.1213203435596424,0.0,0.0,0.5,0.5,0.0,2,17.666666666666668,17.5,0.0,0.2,19,0.0,5,21.057999999999993,,3
2021,4,Barcelona,9,Nikita Mazepin,Haas F1 Team,20,20,1.000000000000000000000000,0,18,2,6,79.807,81.158,88.38100000000001,8.86979776545102,3.0660000000000025,289.0,300.0,286.0,324.0,3,1,19.666666666666668,19.666666666666668,3.201999999999998,22.203076923076917,32.92230769230769,57.55307692307693,993.5746153846156,0.4576923076923076,0.9,21.3,23.5,0,0.00000,19,0.0,0,67.0,18.666666666666668,18.666666666666668,1.5275252316519468,0.0,0.0,0.3333333333333333,0.6666666666666666,0.0,3,17.5,17.4,0.0,0.1,19,0.0,4,22.443999999999505,,2
2021,5,Monte Carlo,9,Nikita Mazepin,Haas F1 Team,19,19,1.000000000000000000000000,0,,,10,72.958,76.34700000000001,86.17089999999999,12.860579194231928,2.6119999999999948,215.0,198.0,270.0,283.0,2,1,19.666666666666668,19.75,3.1679999999999993,20.760740740740758,37.59555555555557,61.42444444444447,1015.5711111111107,0.31629629629629613,0.6,20.3,21.5,0,0.00000,19,0.0,0,67.0,18.333333333333332,18.75,1.2583057392117916,0.0,0.0,0.25,0.75,0.0,4,17.666666666666668,17.9,0.0,0.1,17,0.0,2,24.949999999999818,,-2
2021,6,Baku,9,Nikita Mazepin,Haas F1 Team,18,20,0.894736842105263157894737,0,17,1,4,104.238,104.281,125.06575,26.206596896901097,3.019999999999996,222.0,246.0,331.0,310.0,2,1,19.666666666666668,19.6,3.056799999999998,24.170930232558128,38.31453488372088,55.805232558139544,1014.7308139534875,0.2837209302325581,0.8,22.9,25.5,0,0.00000,17,0.0,0,67.0,18.333333333333332,18.4,1.3416407864998738,0.0,0.0,0.2,1.0,0.0,5,18.0,17.7,0.0,0.1,14,0.0,6,15.016000000000531,,-2
2021,7,Le Castellet,9,Nikita Mazepin,Haas F1 Team,18,20,0.894736842105263157894737,0,15,3,2,93.554,93.554,120.886,38.65328508678142,3.564000000000007,117.0,280.0,301.0,323.0,2,1,19.0,19.2,2.8055999999999983,25.314399999999992,35.22879999999999,58.63039999999999,960.6376,1.1655999999999997,1.8,23.8,27.4,0,0.00000,14,0.0,0,67.0,16.666666666666668,17.2,2.0493901531919194,0.0,0.0,0.0,2.0,0.0,6,16.5,16.8,0.0,0.0,20,0.0,4,30.978000000000065,,8
2021,8,Spielberg,9,Nikita Mazepin,Haas F1 Team,20,20,1.000000000000000000000000,0,19,1,6,66.19200000000001,67.229,77.29533333333333,11.956021021504881,2.351000000000006,316.0,243.0,285.0,313.0,3,1,18.333333333333332,19.0,3.041200000000001,26.692372881355922,52.352542372881345,33.24661016949152,938.4771186440671,0.3677966101694914,1.2,26.0,27.3,0,0.00000,20,0.0,0,67.0,17.0,17.8,2.387467277262664,0.0,0.0,0.0,1.2,0.0,7,16.833333333333332,17.4,0.0,0.0,18,0.0,3,22.76000000000022,,-1
2021,9,Spielberg,9,Nikita Mazepin,Haas F1 Team,20,20,1.000000000000000000000000,0,19,1,6,65.951,67.106,80.548,18.673271754033898,2.2309999999999945,314.0,246.0,291.0,313.0,3,1,18.666666666666668,19.0,2.9226000000000014,20.966025641025656,33.18397435897434,49.730769230769255,934.7211538461531,0.348076923076923,0.9,19.0,22.6,1,0.03846,18,0.0,0,67.0,17.333333333333332,17.6,2.302172886644267,0.0,0.0,0.0,1.4,0.0,8,16.666666666666668,17.2,0.0,0.0,19,0.0,4,21.99000000000069,,2
2021,10,Silverstone,9,Nikita Mazepin,Haas F1 Team,20,20,1.000000000000000000000000,0,19,1,7,89.051,102.328,113.71857142857144,26.726888102041503,3.028000000000006,316.0,266.0,252.0,325.0,2,1,19.333333333333332,19.0,2.7556,29.4,50.931521739130446,37.20217391304347,1007.2461956521738,0.317934782608696,0.8,28.4,30.1,0,0.00000,19,0.0,0,67.0,19.0,17.6,2.3021728866442674,0.0,0.0,0.0,1.4,0.0,9,18.333333333333332,17.2,0.0,0.0,17,0.0,3,29.264000000001033,,-3
2021,11,Budapest,9,Nikita Mazepin,Haas F1 Team,19,20,0.947368421052631578947368,0,20,-1,6,78.922,78.976,88.71016666666667,10.847723326425074,3.503,282.0,244.0,257.0,307.0,3,1,20.0,19.2,2.8388000000000018,27.22670157068063,37.82251308900524,68.61570680628276,977.6308900523562,0.5675392670157061,1.2,25.7,29.1,1,0.30366,17,0.0,0,67.0,18.0,17.6,2.302172886644268,0.0,0.0,0.0,1.4,0.0,10,17.666666666666668,17.2,0.0,0.0,14,0.0,0,23.71199999999999,,-10
2021,12,Spa-Francorchamps,9,Nikita Mazepin,Haas F1 Team,20,20,1.000000000000000000000000,0,18,2,6,124.939,135.821,137.13500000000002,8.082082602893882,8.913999999999987,302.0,164.0,207.0,278.0,2,2,19.666666666666668,19.4,2.9354000000000027,13.012413793103491,15.258620689655164,96.4358620689655,970.2217241379296,0.5113793103448276,1.0,12.4,13.4,1,0.84138,14,0.0,1,67.0,16.666666666666668,17.6,2.3021728866442674,0.0,0.0,0.2,1.6,0.0,11,16.333333333333332,17.1,0.0,0.1,17,0.0,0,15424.61,,-6
2021,13,Zandvoort,9,Nikita Mazepin,Haas F1 Team,20,20,1.000000000000000000000000,0,19,1,7,71.875,84.69,84.71771428571428,10.094043767065235,2.989999999999995,276.0,287.0,310.0,311.0,3,1,19.666666666666668,19.8,4.005399999999999,21.50443037974685,36.10569620253166,54.10822784810126,1021.5056962025316,0.442405063291139,0.9,20.4,22.4,0,0.00000,17,0.0,0,67.0,16.0,17.0,1.8708286933869707,0.0,0.0,0.2,2.2,0.0,12,15.666666666666666,16.5,0.0,0.1,20,0.0,1,19.673999999999978,,1
2021,14,Monza,9,Nikita Mazepin,Haas F1 Team,20,20,1.000000000000000000000000,0,18,2,6,82.71600000000001,83.324,92.69433333333332,11.327834050102723,3.1610000000000014,320.0,336.0,307.0,341.0,3,1,19.666666666666668,19.8,4.133199999999997,28.885234899328868,43.52751677852349,33.2758389261745,994.4879194630865,0.3429530201342281,0.7,27.8,29.6,0,0.00000,20,0.0,1,67.0,17.0,17.4,2.302172886644268,0.0,0.0,0.4,1.4,0.0,13,16.166666666666668,16.9,0.0,0.2,16,0.0,3,24.877000000000407,,-5
2021,15,Sochi,9,Nikita Mazepin,Haas F1 Team,19,20,0.947368421052631578947368,0,17,2,8,113.76400000000001,119.69800000000001,120.39699999999999,5.92899500035931,11.771000000000015,233.0,297.0,141.0,276.0,2,1,20.0,19.8,4.319199999999998,19.13860759493674,21.75696202531647,61.94746835443034,1023.1310126582275,0.29050632911392416,0.9,17.4,19.5,1,0.10127,16,0.0,1,67.0,17.666666666666668,16.8,2.16794833886788,0.0,0.0,0.6,1.2,0.0,14,17.0,16.3,0.0,0.3,18,0.0,3,30.09600000000046,,1
2021,16,Istanbul,9,Nikita Mazepin,Haas F1 Team,20,20,1.000000000000000000000000,0,14,6,7,88.449,98.898,99.75428571428571,9.604598268785734,5.581000000000003,280.0,294.0,250.0,330.0,3,1,19.666666666666668,19.6,6.0678,15.825477707006387,18.180891719745237,93.52484076433116,1006.4101910828001,0.4866242038216559,0.8,15.5,16.1,0,0.00000,18,0.0,0,67.0,18.0,17.0,2.23606797749979,0.0,0.0,0.6,0.2,0.0,15,17.833333333333332,16.6,0.0,0.4,20,0.0,1,23.815999999999804,,1
2021,17,Austin,9,Nikita Mazepin,Haas F1 Team,20,20,1.000000000000000000000000,0,19,1,5,96.79599999999999,111.693,114.8644,20.47796672768076,3.8859999999999957,228.0,184.0,213.0,318.0,2,1,19.666666666666668,19.8,6.4834000000000005,28.148447204968935,37.470807453416164,61.19254658385094,992.1298136645961,0.8540372670807448,1.5,26.4,29.5,0,0.00000,20,0.0,0,67.0,18.0,18.2,1.7888543819998315,0.0,0.0,0.4,-1.2,0.0,16,18.0,17.9,0.0,0.3,17,0.0,5,24.172999999999774,,-1
2021,18,Mexico City,9,Nikita Mazepin,Haas F1 Team,19,20,0.947368421052631578947368,0,18,1,6,79.303,82.27,87.76633333333332,8.087842052529624,3.4279999999999973,316.0,292.0,253.0,343.0,3,1,19.666666666666668,19.8,5.477800000000002,21.20670731707316,47.57926829268294,31.2109756097561,784.2134146341465,0.3664634146341462,0.8,19.2,23.2,0,0.00000,17,0.0,0,67.0,18.333333333333332,18.2,1.7888543819998317,0.0,0.0,0.4,-1.4,0.0,17,18.333333333333332,17.9,0.0,0.3,18,0.0,0,23.634000000000015,,-2
2021,19,São Paulo,9,Nikita Mazepin,Haas F1 Team,20,20,1.000000000000000000000000,0,19,1,7,70.589,78.35,83.04542857142857,14.837799060250845,2.655000000000001,323.0,263.0,315.0,321.0,3,1,19.666666666666668,19.6,5.565400000000002,23.137341772151892,51.56139240506331,60.10126582278483,926.9303797468358,0.39177215189873377,0.8,22.5,24.0,0,0.00000,18,0.0,0,67.0,18.333333333333332,17.8,1.4832396974191326,0.0,0.0,0.2,-1.6,0.0,18,18.166666666666668,17.8,0.0,0.3,17,0.0,6,18.010999999999513,,0
2021,20,Lusail,9,Nikita Mazepin,Haas F1 Team,20,20,1.000000000000000000000000,0,19,1,5,85.85900000000001,90.39,101.29940000000002,19.171480545330866,5.032000000000011,242.0,279.0,314.0,333.0,3,1,19.666666666666668,19.6,5.464200000000003,26.41513157894735,30.603289473684203,75.54013157894735,1012.3072368421057,0.4230263157894732,0.8,26.0,27.4,1,0.01974,17,0.0,0,67.0,17.333333333333332,18.0,1.224744871391589,0.0,0.0,0.0,-1.2,0.0,19,17.5,18.2,0.0,0.2,18,0.0,8,26.545000000000073,,4
2021,21,Jeddah,9,Nikita Mazepin,Haas F1 Team,20,20,1.000000000000000000000000,0,19,1,5,90.473,104.461,103.17760000000001,13.109891086504112,2.9620000000000033,289.0,318.0,313.0,325.0,3,1,19.666666666666668,19.8,4.116400000000001,28.816062176165733,31.684974093264252,76.20310880829015,1013.7974093264247,0.2715025906735748,0.6,28.5,29.2,0,0.00000,18,0.0,0,67.0,17.666666666666668,18.0,1.224744871391589,0.0,0.0,0.0,-0.2,0.0,20,17.666666666666668,17.8,0.0,0.1,18,0.0,3,1018.9890000000005,,-1
2022,16,Monza,45,Nyck De Vries,Williams,13,20,0.631578947368421052631579,0,16,-3,9,82.176,98.89500000000001,97.97933333333334,16.063602125613045,2.0150000000000006,323.0,338.0,312.0,346.0,4,1,,,,27.734693877551035,43.138775510204084,33.14965986394558,993.340136054421,1.3612244897959178,2.7,26.4,28.5,0,0.00000,,,,,,,,,,,,,0,15.5,15.4,0.2,0.2,9,2.0,5,24.636999999999716,,-1
2023,1,Sakhir,21,Nyck De Vries,AlphaTauri,19,20,0.947368421052631578947368,0,14,5,5,92.12100000000001,92.84899999999999,101.3246,12.899963693747363,2.413000000000011,240.0,270.0,285.0,316.0,3,1,13.0,13.0,2.0150000000000006,27.43167701863353,31.01180124223602,21.496894409937887,1016.863975155279,0.6832298136645952,2.2,26.2,29.8,0,0.00000,9,2.0,0,,9.0,9.0,,2.0,2.0,0.0,-1.0,,1,14.5,14.2,0.2,0.1,14,0.0,14,24.98400000000038,,4
2023,2,Jeddah,21,Nyck De Vries,AlphaTauri,18,20,0.894736842105263157894737,0,16,2,8,90.244,109.25399999999999,114.46775000000001,21.691110903185336,1.9789999999999992,288.0,322.0,305.0,325.0,3,1,16.0,16.0,2.2140000000000057,26.09189189189191,31.792567567567573,57.79054054054054,1010.9297297297305,1.7722972972972975,3.7,25.8,26.4,0,0.00000,14,0.0,1,,11.5,11.5,3.5355339059327378,1.0,2.0,0.5,2.0,0.0,2,13.5,13.6,0.2,0.2,14,0.0,8,21.10900000000038,,0
2023,3,Melbourne,21,Nyck De Vries,AlphaTauri,15,20,0.736842105263157894736842,0,12,3,19,78.33500000000001,94.316,94.27794736842105,17.507283200217888,1.6030000000000086,282.0,315.0,303.0,320.0,4,1,16.666666666666668,16.666666666666668,2.1356666666666704,17.449549549549555,30.139639639639615,54.15765765765766,1018.3666666666695,1.1270270270270264,5.0,16.8,18.1,0,0.00000,14,0.0,0,,12.333333333333334,12.333333333333334,2.8867513459481287,0.6666666666666666,2.0,0.3333333333333333,2.6666666666666665,0.0,3,12.5,13.7,0.0,0.2,15,0.0,5,18.10900000000038,,5
2025,1,Melbourne,87,Oliver Bearman,Haas F1 Team,20,20,1.000000000000000000000000,0,19,1,,,,,,,,,,,,,,,,15.707865168539323,18.942134831460663,78.42134831460675,1009.9016853932579,3.475280898876404,6.9,15.1,16.6,1,0.32584,12,0.0,0,80.0,9.666666666666666,9.666666666666666,2.516611478423583,2.3333333333333335,7.0,0.0,2.3333333333333335,,3,11.5,11.7,3.6,0.4,14,0.0,4,14.702000000000226,,-8
2025,2,Shanghai,87,Oliver Bearman,Haas F1 Team,17,20,0.842105263157894736842105,0,11,6,5,92.018,111.85,109.36859999999999,16.75105703530377,1.3770000000000095,286.0,277.0,270.0,329.0,3,1,20.0,20.0,,27.215584415584427,35.81688311688313,18.233766233766232,1010.4227272727292,2.18831168831169,4.3,26.4,28.1,0,0.00000,14,0.0,0,80.0,12.0,10.75,2.9860788111948198,1.75,7.0,0.0,3.25,0.0,4,12.666666666666666,12.8,2.0,0.3,8,4.0,14,22.88500000000022,,0
2025,3,Suzuka,87,Oliver Bearman,Haas F1 Team,10,20,0.473684210526315789473684,1,18,-8,13,87.711,89.434,98.52846153846153,12.912404485709239,0.7279999999999944,287.0,299.0,270.0,297.0,7,1,18.5,18.5,1.3770000000000095,14.42999999999999,20.514285714285716,76.37142857142857,1009.3171428571422,1.2021428571428572,2.4,14.2,14.7,0,0.00000,8,4.0,0,80.0,11.333333333333334,10.2,2.863564212655271,2.2,11.0,0.0,4.4,4.0,5,10.666666666666666,10.9,4.8,0.2,10,1.0,7,24.811999999999898,,9
2025,4,Sakhir,87,Oliver Bearman,Haas F1 Team,20,20,1.000000000000000000000000,0,14,6,4,92.37299999999999,92.62299999999999,101.49074999999999,10.843550537070417,2.5319999999999823,241.0,273.0,286.0,313.0,2,1,15.666666666666666,15.666666666666666,1.052500000000002,27.05253164556961,31.87025316455695,45.32911392405063,1008.1253164556957,2.105696202531645,3.6,26.6,27.9,0,0.00000,10,1.0,0,80.0,10.666666666666666,10.8,2.280350850198276,1.2,6.0,0.0,3.6,5.0,6,11.333333333333334,11.7,4.2,0.2,10,1.0,13,24.64300000000003,,-6
2025,5,Jeddah,87,Oliver Bearman,Haas F1 Team,15,20,0.736842105263157894736842,0,19,-4,10,88.536,89.167,102.6584,16.649102065877308,1.2420000000000044,293.0,327.0,311.0,333.0,5,1,15.666666666666666,16.75,1.545666666666662,29.483802816901413,37.81971830985914,62.725352112676056,1006.7661971830992,1.026056338028169,2.2,28.3,31.7,0,0.00000,10,1.0,0,80.0,9.333333333333334,10.8,2.280350850198276,1.2,6.0,0.0,5.6,6.0,7,9.833333333333334,11.0,4.8,0.1,13,0.0,5,21.942000000000007,,1
2025,6,Miami Gardens,87,Oliver Bearman,Haas F1 Team,20,20,1.000000000000000000000000,0,9,11,7,87.999,105.217,106.25214285714286,18.06570706641519,1.7949999999999875,224.0,192.0,286.0,336.0,2,1,15.0,16.4,1.4697499999999977,26.573154362416098,38.69060402684562,63.02013422818792,1012.2959731543626,1.0469798657718126,2.4,25.9,28.0,1,0.03356,13,0.0,0,80.0,11.0,11.0,2.449489742783178,1.2,6.0,0.0,5.4,6.0,8,12.166666666666666,11.3,4.0,0.0,19,0.0,4,,,2
2025,7,Imola,87,Oliver Bearman,Haas F1 Team,19,20,0.947368421052631578947368,0,18,1,5,76.077,76.936,86.13100000000001,13.284636332997602,1.4069999999999965,230.0,264.0,283.0,301.0,3,1,18.333333333333332,16.4,1.5347999999999957,23.964666666666666,42.66399999999999,38.306666666666665,1009.7999999999994,3.2479999999999993,5.0,23.4,24.3,0,0.00000,19,0.0,1,80.0,14.0,12.0,4.301162633521313,1.2,6.0,0.2,4.2,6.0,9,12.666666666666666,11.7,4.0,0.1,17,0.0,9,31.376000000000204,,5
2025,8,Monaco,87,Oliver Bearman,Haas F1 Team,17,20,0.842105263157894736842105,0,8,9,12,71.979,89.377,86.51983333333332,11.570315591149097,2.0249999999999915,223.0,210.0,272.0,281.0,2,1,18.0,16.8,1.540799999999993,22.20937500000001,43.31749999999996,52.51875,1016.7837499999993,0.9793749999999999,2.2,21.3,22.9,0,0.00000,17,0.0,0,80.0,16.333333333333332,13.8,4.08656334834051,0.4,2.0,0.2,2.8,6.0,10,15.833333333333334,14.1,1.2,0.2,12,0.0,9,24.432999999999993,,-1
2025,9,Barcelona,87,Oliver Bearman,Haas F1 Team,15,20,0.736842105263157894736842,0,17,-2,10,73.074,74.33500000000001,84.5188,12.358165378045042,1.5280000000000058,290.0,307.0,291.0,325.0,5,1,18.666666666666668,18.2,1.8001999999999925,29.11999999999999,48.54322580645158,54.6258064516129,1002.7716129032251,1.6329032258064524,3.5,28.1,30.0,0,0.00000,12,0.0,1,80.0,16.0,14.2,3.7013511046643495,0.2,1.0,0.4,4.4,6.0,11,14.5,13.2,2.2,0.4,17,0.0,14,21.940999999999804,,18
2025,10,Montréal,87,Oliver Bearman,Haas F1 Team,14,20,0.684210526315789473684211,0,15,-1,14,72.306,88.696,88.735,14.671060839416013,1.4069999999999965,262.0,282.0,295.0,329.0,5,1,17.0,17.2,1.599399999999997,24.036526946107763,49.25329341317365,27.976047904191617,1018.9281437125736,1.0377245508982031,2.9,22.8,25.6,1,0.00599,17,0.0,0,80.0,15.333333333333334,15.6,2.966479394838265,0.0,0.0,0.4,1.8,6.0,12,14.833333333333334,14.7,1.2,0.4,11,0.0,11,18.17200000000048,,5
2025,11,Spielberg,87,Oliver Bearman,Haas F1 Team,15,20,0.736842105263157894736842,0,17,-2,10,65.218,66.79,77.2154,12.481143289868207,1.2469999999999999,317.0,246.0,284.0,318.0,5,1,15.333333333333334,17.0,1.6323999999999956,30.347826086956506,49.16645962732919,31.981366459627328,943.3447204968951,1.6180124223602488,3.7,29.1,31.3,0,0.00000,11,0.0,1,80.0,13.333333333333334,15.2,3.492849839314596,0.0,0.0,0.6,1.8,6.0,13,12.0,14.0,1.6,0.6,11,0.0,12,21.78099999999995,,4
2025,12,Silverstone,87,Oliver Bearman,Haas F1 Team,8,20,0.368421052631578947368421,1,15,-7,11,85.471,86.376,96.50527272727273,12.836464015381411,0.5790000000000077,319.0,269.0,255.0,319.0,6,1,14.666666666666666,16.0,1.522799999999998,17.917419354838703,23.578709677419354,78.3741935483871,988.7767741935467,1.4832258064516135,5.8,16.0,19.6,1,0.18065,11,0.0,1,80.0,13.0,13.6,3.1304951684997055,0.0,0.0,0.6,2.6,6.0,14,12.333333333333334,13.0,1.8,0.7,11,0.0,11,29.078999999999724,,20
2025,13,Spa-Francorchamps,87,Oliver Bearman,Haas F1 Team,12,20,0.578947368421052631578947,0,11,1,8,101.61699999999999,109.081,115.69675,14.950435156113114,1.0549999999999926,338.0,220.0,226.0,311.0,5,1,12.333333333333334,13.8,1.3572000000000002,17.03004484304933,24.090134529147992,84.4439461883408,965.0475336322884,1.446188340807175,3.2,14.5,19.0,1,0.45740,11,0.0,0,80.0,11.0,12.4,2.6076809620810595,0.0,0.0,0.6,3.6,6.0,15,10.833333333333334,11.7,1.8,0.6,11,0.0,5,24.375,,3
2025,14,Budapest,87,Oliver Bearman,Haas F1 Team,11,20,0.526315789473684210526316,0,18,-7,8,75.694,76.575,94.81312499999999,24.574863385392693,0.804000000000002,284.0,254.0,261.0,312.0,4,1,11.666666666666666,12.8,1.1632000000000005,22.08216560509553,32.7299363057325,57.24203821656051,987.1401273885358,2.1509554140127394,3.7,21.6,22.5,0,0.00000,11,0.0,0,80.0,11.0,12.2,2.6832815729997477,0.0,0.0,0.4,2.2,6.0,16,11.833333333333334,12.4,0.6,0.4,20,0.0,7,21.713999999999942,,25
2025,15,Zandvoort,87,Oliver Bearman,Haas F1 Team,19,20,0.947368421052631578947368,0,18,1,6,70.262,70.424,82.76366666666667,14.640491940732952,1.5999999999999943,287.0,282.0,319.0,326.0,3,1,10.333333333333334,12.0,1.0183999999999997,20.077358490566034,27.963522012578633,71.17610062893081,1006.205660377358,2.170440251572328,3.9,19.4,20.7,0,0.00000,20,0.0,1,80.0,14.0,12.8,4.024922359499621,0.0,0.0,0.6,1.0,6.0,17,14.333333333333334,12.7,0.6,0.6,6,8.0,12,18.715000000000146,,-6
2025,16,Monza,87,Oliver Bearman,Haas F1 Team,11,20,0.526315789473684210526316,0,15,-4,10,79.446,80.799,91.6068,13.394132627551683,0.6539999999999964,325.0,341.0,316.0,349.0,5,1,14.0,13.0,1.0569999999999993,26.761111111111102,43.28819444444442,42.604166666666664,996.7527777777791,1.960416666666666,4.0,25.9,27.4,0,0.00000,6,8.0,0,80.0,12.333333333333334,11.8,5.06951674225463,1.6,8.0,0.4,3.4,14.0,18,13.0,12.3,2.0,0.4,12,0.0,8,25.171000000000276,,10
2025,17,Baku,87,Oliver Bearman,Haas F1 Team,15,20,0.736842105263157894736842,0,20,-5,4,102.666,103.122,113.46300000000001,16.05691522885597,1.5490000000000066,216.0,234.0,339.0,322.0,2,1,13.666666666666666,12.2,0.9383999999999986,20.551923076923092,26.107051282051287,59.833333333333336,1021.1160256410266,1.5070512820512825,2.9,20.3,21.1,0,0.00000,12,0.0,0,80.0,12.666666666666666,12.0,5.049752469181039,1.6,8.0,0.2,2.4,14.0,19,13.166666666666666,12.9,1.8,0.3,12,0.0,9,21.235000000000582,,3
2025,18,Marina Bay,87,Oliver Bearman,Haas F1 Team,9,20,0.421052631578947368421053,1,17,-8,9,89.868,90.42,104.72355555555558,17.67378717275326,0.7099999999999937,313.0,281.0,263.0,303.0,6,1,15.0,13.6,1.1323999999999983,29.072049689440938,33.852173913043515,74.36024844720497,1010.7776397515512,1.1111801242236026,2.2,28.5,29.5,1,0.03727,12,0.0,0,80.0,10.0,12.2,5.019960159204453,1.6,8.0,0.2,1.6,14.0,20,11.5,13.1,1.8,0.3,9,2.0,8,24.097999999999956,,12
2025,19,Austin,87,Oliver Bearman,Haas F1 Team,8,20,0.368421052631578947368421,1,17,-9,11,93.13900000000001,112.382,111.32063636363637,17.963431806159576,0.6290000000000191,243.0,194.0,214.0,325.0,6,1,11.666666666666666,13.0,1.0633999999999986,28.267532467532465,45.04480519480521,22.532467532467532,1001.1077922077926,2.082467532467532,4.9,26.4,29.3,0,0.00000,9,2.0,0,80.0,11.0,11.8,5.215361924162119,2.0,10.0,0.2,1.4,16.0,21,13.333333333333334,13.2,2.2,0.4,9,2.0,4,23.711999999999534,,11
2025,20,Mexico City,87,Oliver Bearman,Haas F1 Team,10,20,0.473684210526315789473684,1,12,-2,13,76.46000000000001,77.765,86.86984615384617,11.640412613292211,0.8740000000000094,318.0,297.0,253.0,347.0,7,1,10.666666666666666,12.4,1.028400000000002,26.405555555555555,50.58827160493828,23.234567901234566,780.8888888888889,1.8475308641975292,3.9,25.4,27.1,0,0.00000,9,2.0,0,80.0,10.0,9.6,2.5099800796022267,2.4,12.0,0.0,3.0,18.0,22,12.833333333333334,12.0,2.6,0.2,4,12.0,7,22.188999999999396,,8
2025,21,São Paulo,87,Oliver Bearman,Haas F1 Team,8,19,0.388888888888888888888889,1,17,-9,11,69.755,80.12,84.24454545454545,14.81109071853681,0.24399999999999977,324.0,269.0,330.0,334.0,7,1,9.0,10.6,0.8832000000000051,17.34802631578948,30.69276315789474,70.57236842105263,929.708552631579,1.5098684210526314,2.9,16.6,18.0,0,0.00000,4,12.0,0,80.0,7.333333333333333,9.2,3.2710854467592254,3.2,16.0,0.0,1.2,30.0,23,10.666666666666666,11.7,3.6,0.2,6,8.0,17,23.645000000000437,,24
2025,22,Las Vegas,87,Oliver Bearman,Haas F1 Team,14,20,0.684210526315789473684211,0,13,1,13,113.094,116.424,123.02107692307692,14.362669015318488,5.159999999999997,142.0,179.0,311.0,255.0,2,1,8.666666666666666,10.0,0.8012000000000057,16.73404255319152,19.529787234042566,37.765957446808514,941.8964539007092,1.436879432624114,2.8,16.3,17.2,0,0.00000,6,8.0,0,80.0,6.333333333333333,8.0,3.082207001484488,4.8,24.0,0.0,1.8,38.0,24,9.166666666666666,10.8,5.2,0.1,10,1.0,5,21.564000000000306,,-2
2025,23,Lusail,87,Oliver Bearman,Haas F1 Team,13,20,0.631578947368421052631579,0,17,-4,16,80.438,93.249,101.7364375,22.365765902285425,1.051000000000002,255.0,288.0,283.0,324.0,4,1,10.666666666666666,9.8,1.5234000000000036,22.59932885906039,28.160402684563756,69.04697986577182,1016.0953020134215,1.2510067114093952,2.7,21.6,23.7,0,0.00000,10,1.0,0,80.0,6.666666666666667,7.6,2.5099800796022262,5.0,25.0,0.0,2.0,39.0,25,8.333333333333334,10.1,5.8,0.1,19,0.0,2,28.84400000000005,,14
2025,24,Yas Island,87,Oliver Bearman,Haas F1 Team,11,20,0.526315789473684210526316,0,8,3,7,83.041,108.249,101.31328571428571,17.278503809785207,0.8340000000000032,294.0,322.0,220.0,327.0,4,1,11.666666666666666,10.6,1.5916000000000055,26.67402597402595,31.0616883116883,60.44155844155844,1016.7279220779227,1.5733766233766233,3.2,25.9,27.5,0,0.00000,19,0.0,1,80.0,11.666666666666666,9.6,5.770615218501403,4.6,23.0,0.2,0.8,39.0,26,11.833333333333334,10.8,5.4,0.2,12,0.0,10,22.194000000000415,,12
2026,1,Melbourne,87,Oliver Bearman,Haas F1 Team,12,19,0.611111111111111111111111,0,13,-1,13,80.311,93.636,94.8596923076923,14.506379748146536,1.7930000000000064,255.0,305.0,309.0,288.0,4,1,12.666666666666666,11.2,1.6326000000000023,24.23445945945945,36.13445945945945,53.97297297297296,1012.5608108108116,2.5614864864864857,4.6,23.1,25.3,0,0.00000,12,0.0,0,83.0,13.666666666666666,10.2,5.848076606885378,4.2,21.0,0.2,0.8,,27,12.0,10.3,6.2,0.2,7,6.0,6,19.118999999999687,,2
2026,2,Shanghai,87,Oliver Bearman,Haas F1 Team,10,22,0.428571428571428571428571,1,13,-3,13,93.197,105.574,108.73346153846153,16.632853286069032,1.1330000000000098,291.0,280.0,274.0,314.0,6,1,12.0,11.6,1.8164000000000016,15.572368421052628,22.616447368421053,54.99802631578948,1024.481578947368,2.1934210526315794,4.5,14.9,16.4,0,0.00000,7,6.0,1,83.0,12.666666666666666,10.8,5.167204273105526,3.0,15.0,0.4,0.8,6.0,28,11.833333333333334,10.8,4.6,0.4,5,10.0,6,22.984999999999673,,7
2026,3,Suzuka,87,Oliver Bearman,Haas F1 Team,18,22,0.809523809523809523809524,0,12,6,7,91.09,110.777,108.66128571428571,16.828146854940048,2.312000000000012,280.0,326.0,266.0,278.0,2,1,11.0,12.0,1.9942000000000035,18.556410256410274,34.1429487179487,52.49551282051283,1011.7987179487181,1.9506410256410254,3.7,17.3,19.5,0,0.00000,5,10.0,0,83.0,8.0,10.6,5.412947441089743,3.4,17.0,0.4,1.4,16.0,29,9.333333333333334,10.9,5.0,0.5,22,0.0,3,25.047999999999774,,11
2026,4,Miami Gardens,87,Oliver Bearman,Haas F1 Team,12,22,0.523809523809523809523810,0,14,-2,8,89.34,90.203,104.31912500000001,15.68571093554804,1.5420000000000016,220.0,193.0,275.0,326.0,4,1,13.333333333333334,12.8,1.4246000000000065,27.125595238095247,37.01190476190477,70.44821428571433,1015.6476190476195,1.1517857142857149,4.8,25.7,28.1,1,0.01786,22,0.0,1,83.0,11.333333333333334,13.0,7.3824115301167,3.2,16.0,0.6,-0.2,16.0,30,11.5,12.2,4.6,0.6,11,0.0,7,23.409999999999854,,5
2026,5,Montréal,87,Oliver Bearman,Haas F1 Team,16,22,0.714285714285714285714286,0,17,-1,17,74.416,90.831,88.28841176470588,12.291207070802809,1.8379999999999939,250.0,284.0,278.0,323.0,4,1,13.333333333333334,12.6,1.5228000000000066,12.848750000000004,17.82749999999999,71.69499999999992,1024.2043749999991,3.0156249999999987,6.2,12.1,13.7,0,0.00000,11,0.0,1,83.0,12.666666666666666,11.4,6.58027355054484,3.2,16.0,0.6,1.2,16.0,31,12.5,11.2,4.6,0.6,10,1.0,3,44.947000000000116,,-8
2026,6,Monte Carlo,87,Oliver Bearman,Haas F1 Team,19,22,0.857142857142857142857143,0,17,2,12,74.814,83.30799999999999,86.51925,10.704747112846714,2.762999999999991,213.0,200.0,264.0,281.0,3,1,15.333333333333334,13.6,1.7236000000000047,23.677403846153872,37.976923076923086,62.198557692307695,1021.4403846153845,0.8418269230769228,3.5,22.6,24.5,0,0.00000,10,1.0,1,83.0,14.333333333333334,11.0,6.59545297913646,3.4,17.0,0.8,2.6,17.0,32,13.333333333333334,11.7,3.6,0.8,20,0.0,1,32.03099999999995,,3
2026,7,Barcelona,87,Oliver Bearman,Haas F1 Team,15,22,0.666666666666666666666667,0,17,-2,10,76.389,78.21600000000001,94.15270000000001,18.193882824546645,1.7099999999999937,283.0,288.0,289.0,336.0,5,2,15.666666666666666,15.0,1.9176000000000015,30.529333333333362,50.28666666666666,28.866000000000017,1000.5366666666639,2.5713333333333326,5.2,29.8,31.1,0,0.00000,20,0.0,1,83.0,13.666666666666666,13.6,7.162401831787993,2.2,11.0,0.8,1.4,17.0,33,12.833333333333334,12.8,2.8,0.7,17,0.0,13,23.034999999999854,,17
2023,1,Sakhir,81,Oscar Piastri,McLaren,18,20,0.894736842105263157894737,0,11,7,4,92.101,92.63300000000001,105.21625,15.204492041827637,2.3930000000000007,241.0,268.0,285.0,316.0,2,1,,,,27.43167701863353,31.01180124223602,21.496894409937887,1016.863975155279,0.6832298136645952,2.2,26.2,29.8,0,0.00000,,,,85.0,,,,,,,,,0,11.5,11.2,5.6,0.2,20,0.0,2,,,6
2023,2,Jeddah,81,Oscar Piastri,McLaren,9,20,0.421052631578947368421053,1,19,-10,17,89.243,90.871,104.02394117647057,16.807641980177454,0.9779999999999944,290.0,320.0,303.0,320.0,5,1,18.0,18.0,2.3930000000000007,26.09189189189191,31.792567567567573,57.79054054054054,1010.9297297297305,1.7722972972972975,3.7,25.8,26.4,0,0.00000,20,0.0,1,85.0,20.0,20.0,,0.0,0.0,1.0,-2.0,0.0,1,15.0,12.8,5.4,0.4,15,0.0,8,31.389999999999873,,22
2023,3,Melbourne,81,Oscar Piastri,McLaren,16,20,0.789473684210526315789474,0,13,3,10,78.517,92.295,97.35799999999999,20.50837592031336,1.7849999999999966,280.0,312.0,305.0,321.0,2,1,13.5,13.5,1.6854999999999976,17.449549549549555,30.139639639639615,54.15765765765766,1018.3666666666695,1.1270270270270264,5.0,16.8,18.1,0,0.00000,15,0.0,0,85.0,17.5,17.5,3.5355339059327378,0.0,0.0,0.5,-4.5,0.0,2,14.0,13.8,3.8,0.4,8,4.0,5,19.436999999999898,,-7
2025,1,Melbourne,81,Oscar Piastri,McLaren,2,20,0.052631578947368421052632,1,1,1,12,75.18,104.313,96.25675000000001,18.656815577082625,0.08400000000000318,290.0,326.0,312.0,325.0,6,1,14.333333333333334,14.333333333333334,1.718666666666664,15.707865168539323,18.942134831460663,78.42134831460675,1009.9016853932579,3.475280898876404,6.9,15.1,16.6,1,0.32584,10,1.0,0,91.0,6.666666666666667,7.2,2.5884358211089573,6.0,30.0,0.0,0.6,,46,6.166666666666667,6.1,18.4,0.0,9,2.0,7,12.801000000000386,,32
2025,2,Shanghai,81,Oscar Piastri,McLaren,1,20,0E-24,1,3,-2,14,90.64099999999999,99.03399999999999,107.07828571428573,16.414181539278637,0.0,285.0,279.0,274.0,330.0,6,1,9.0,11.25,1.3099999999999987,27.215584415584427,35.81688311688313,18.233766233766232,1010.4227272727292,2.18831168831169,4.3,26.4,28.1,0,0.00000,9,2.0,0,91.0,7.333333333333333,7.4,2.701851217221259,5.6,28.0,0.0,-2.6,2.0,47,5.666666666666667,6.1,19.4,0.0,1,25.0,2,23.855000000000473,,37
2025,3,Suzuka,81,Oscar Piastri,McLaren,3,20,0.105263157894736842105263,1,2,1,11,87.027,88.143,103.5960909090909,18.8356584193627,0.04399999999999693,288.0,304.0,271.0,297.0,6,1,6.333333333333333,9.2,1.047999999999999,14.42999999999999,20.514285714285716,76.37142857142857,1009.3171428571422,1.2021428571428572,2.4,14.2,14.7,0,0.00000,1,25.0,0,91.0,6.666666666666667,6.0,3.872983346207417,9.8,49.0,0.0,-2.6,27.0,48,4.0,5.0,25.6,0.0,3,15.0,5,22.91700000000037,,28
2025,4,Sakhir,81,Oscar Piastri,McLaren,1,20,0E-24,1,6,-5,9,89.84100000000001,109.71600000000001,107.1598888888889,16.64123929012233,0.0,244.0,273.0,287.0,316.0,5,1,2.0,6.2,0.5781999999999983,27.05253164556961,31.87025316455695,45.32911392405063,1008.1253164556957,2.105696202531645,3.6,26.6,27.9,0,0.00000,3,15.0,0,91.0,4.333333333333333,5.2,4.024922359499621,11.6,58.0,0.0,-2.8,42.0,49,3.0,4.2,29.2,0.0,1,25.0,1,24.552999999999884,1,41
2025,5,Jeddah,81,Oscar Piastri,McLaren,2,20,0.052631578947368421052632,1,10,-8,11,87.304,88.019,103.6210909090909,18.43639065248155,0.010000000000005116,297.0,325.0,309.0,333.0,6,1,1.6666666666666667,4.6,0.38259999999999933,29.483802816901413,37.81971830985914,62.725352112676056,1006.7661971830992,1.026056338028169,2.2,28.3,31.7,0,0.00000,1,25.0,0,91.0,1.6666666666666667,4.8,4.381780460041329,13.6,68.0,0.0,-3.0,67.0,50,2.0,3.3,33.8,0.0,1,25.0,5,21.301000000000386,,37
2025,6,Miami Gardens,81,Oscar Piastri,McLaren,4,20,0.157894736842105263157895,1,2,2,10,86.269,87.307,107.14879999999998,27.735041004316383,0.06499999999999773,226.0,193.0,287.0,336.0,5,1,2.0,1.8,0.027600000000001047,26.573154362416098,38.69060402684562,63.02013422818792,1012.2959731543626,1.0469798657718126,2.4,25.9,28.0,1,0.03356,1,25.0,0,91.0,1.6666666666666667,3.0,3.4641016151377544,18.4,92.0,0.0,-1.2,92.0,51,2.3333333333333335,2.7,36.0,0.0,1,25.0,2,22.095000000000255,,28
2025,7,Imola,81,Oscar Piastri,McLaren,1,20,0E-24,1,4,-3,12,74.67,98.301,93.28699999999999,17.275333929149866,0.0,237.0,265.0,283.0,300.0,5,1,2.3333333333333335,2.2,0.023799999999999953,23.964666666666666,42.66399999999999,38.306666666666665,1009.7999999999994,3.2479999999999993,5.0,23.4,24.3,0,0.00000,1,25.0,0,91.0,1.0,1.4,0.894427190999916,23.0,115.0,0.0,0.8,117.0,52,2.0,2.0,39.2,0.0,3,15.0,12,30.46100000000024,,41
2025,8,Monaco,81,Oscar Piastri,McLaren,3,20,0.105263157894736842105263,1,1,2,24,70.129,88.918,87.46499999999999,15.612388208253646,0.17499999999999716,224.0,215.0,273.0,281.0,6,1,2.3333333333333335,2.2,0.023799999999999953,22.20937500000001,43.31749999999996,52.51875,1016.7837499999993,0.9793749999999999,2.2,21.3,22.9,0,0.00000,3,15.0,0,91.0,1.6666666666666667,1.8,1.0954451150103324,21.0,105.0,0.0,0.4,132.0,53,2.1666666666666665,2.2,37.2,0.0,3,15.0,3,23.93000000000029,,26
2025,9,Barcelona,81,Oscar Piastri,McLaren,1,20,0E-24,1,2,-1,8,71.54599999999999,72.551,88.3415,18.22543717680633,0.0,296.0,315.0,297.0,329.0,5,1,2.6666666666666665,2.2,0.05,29.11999999999999,48.54322580645158,54.6258064516129,1002.7716129032251,1.6329032258064524,3.5,28.1,30.0,0,0.00000,3,15.0,0,91.0,2.3333333333333335,1.8,1.0954451150103321,21.0,105.0,0.0,0.4,147.0,54,2.0,2.1,38.6,0.0,1,25.0,1,21.725999999999658,1,41
2025,10,Montréal,81,Oscar Piastri,McLaren,3,20,0.105263157894736842105263,1,7,-4,16,71.12,75.946,86.27687499999999,15.647670339382797,0.22100000000000364,264.0,285.0,299.0,331.0,6,1,1.6666666666666667,2.2,0.05,24.036526946107763,49.25329341317365,27.976047904191617,1018.9281437125736,1.0377245508982031,2.9,22.8,25.6,1,0.00599,1,25.0,0,91.0,2.3333333333333335,1.8,1.0954451150103321,21.0,105.0,0.0,0.4,172.0,55,2.0,2.0,39.2,0.0,4,12.0,11,18.187999999998283,,33
2025,11,Spielberg,81,Oscar Piastri,McLaren,3,20,0.105263157894736842105263,1,1,2,13,64.554,89.255,81.75469230769232,14.283197963485017,0.5829999999999984,320.0,255.0,286.0,322.0,6,1,2.3333333333333335,2.4,0.0921999999999997,30.347826086956506,49.16645962732919,31.981366459627328,943.3447204968951,1.6180124223602488,3.7,29.1,31.3,0,0.00000,4,12.0,0,91.0,2.6666666666666665,2.4,1.3416407864998738,18.4,92.0,0.0,0.0,184.0,56,4.833333333333333,3.7,34.2,0.1,2,18.0,4,21.077000000000226,1,33
2025,12,Silverstone,81,Oscar Piastri,McLaren,2,20,0.052631578947368421052632,1,3,-1,13,84.995,108.622,102.3752307692308,17.469135483063866,0.10300000000000864,319.0,274.0,258.0,319.0,7,1,2.3333333333333335,2.2,0.19579999999999984,17.917419354838703,23.578709677419354,78.3741935483871,988.7767741935467,1.4832258064516135,5.8,16.0,19.6,1,0.18065,2,18.0,0,91.0,2.3333333333333335,2.6,1.140175425099138,17.0,85.0,0.0,-0.4,202.0,57,4.666666666666667,3.7,34.2,0.1,2,18.0,1,29.38799999999992,1,33
2025,13,Spa-Francorchamps,81,Oscar Piastri,McLaren,2,20,0.052631578947368421052632,1,1,1,14,100.626,101.99799999999999,119.52992857142856,19.497768237038688,0.06400000000000716,337.0,220.0,230.0,314.0,6,1,2.6666666666666665,2.4,0.21640000000000156,17.03004484304933,24.090134529147992,84.4439461883408,965.0475336322884,1.446188340807175,3.2,14.5,19.0,1,0.45740,2,18.0,0,91.0,2.6666666666666665,2.4,1.140175425099138,17.6,88.0,0.0,0.0,220.0,58,4.666666666666667,3.5,36.2,0.1,1,25.0,2,23.82499999999891,,34
2025,14,Budapest,81,Oscar Piastri,McLaren,2,20,0.052631578947368421052632,1,3,-1,12,74.941,75.58,90.63741666666668,17.512642095761635,0.05100000000000193,279.0,258.0,263.0,310.0,6,1,2.3333333333333335,2.2,0.19420000000000356,22.08216560509553,32.7299363057325,57.24203821656051,987.1401273885358,2.1509554140127394,3.7,21.6,22.5,0,0.00000,1,25.0,0,91.0,1.6666666666666667,2.0,1.224744871391589,19.6,98.0,0.0,0.2,245.0,59,1.5,3.4,36.8,0.1,2,18.0,5,21.00500000000011,,32
2025,15,Zandvoort,81,Oscar Piastri,McLaren,1,20,0E-24,1,2,-1,12,68.662,69.627,84.42683333333333,16.263576626836105,0.0,290.0,282.0,322.0,329.0,6,1,2.0,2.4,0.20440000000000397,20.077358490566034,27.963522012578633,71.17610062893081,1006.205660377358,2.170440251572328,3.9,19.4,20.7,0,0.00000,2,18.0,0,91.0,1.6666666666666667,2.2,1.0954451150103321,18.2,91.0,0.0,0.2,263.0,60,1.5,3.4,36.8,0.1,1,25.0,0,17.506999999999607,1,40
2025,16,Monza,81,Oscar Piastri,McLaren,3,20,0.105263157894736842105263,1,2,1,13,78.982,98.426,94.71838461538461,15.31535004790108,0.18999999999999773,324.0,339.0,318.0,345.0,6,1,1.6666666666666667,2.0,0.16020000000000323,26.761111111111102,43.28819444444442,42.604166666666664,996.7527777777791,1.960416666666666,4.0,25.9,27.4,0,0.00000,1,25.0,0,91.0,1.3333333333333333,1.6,0.5477225575051661,20.8,104.0,0.0,0.4,288.0,61,4.166666666666667,3.1,39.4,0.1,3,15.0,3,23.45300000000043,,26
2025,17,Baku,81,Oscar Piastri,McLaren,9,20,0.421052631578947368421053,1,7,2,7,101.414,122.359,121.31657142857144,19.99789049589267,0.29700000000001125,220.0,219.0,335.0,321.0,4,2,2.0,2.0,0.08160000000000309,20.551923076923092,26.107051282051287,59.833333333333336,1021.1160256410266,1.5070512820512825,2.9,20.3,21.1,0,0.00000,3,15.0,0,91.0,2.0,1.8,0.8366600265340756,20.2,101.0,0.0,0.2,303.0,62,4.5,3.3,37.4,0.1,20,0.0,0,,,24
2025,18,Marina Bay,81,Oscar Piastri,McLaren,3,20,0.105263157894736842105263,1,5,-2,12,89.524,90.44,108.22775000000001,20.21755082786421,0.36599999999999966,311.0,280.0,263.0,304.0,6,1,4.333333333333333,3.4,0.12040000000000362,29.072049689440938,33.852173913043515,74.36024844720497,1010.7776397515512,1.1111801242236026,2.2,28.5,29.5,1,0.03727,20,0.0,1,91.0,8.0,5.4,8.203657720797473,16.6,83.0,0.2,-2.0,303.0,63,8.5,5.7,30.0,0.2,4,12.0,2,26.679000000000087,,24
2025,19,Austin,81,Oscar Piastri,McLaren,6,20,0.263157894736842105263158,1,2,4,13,93.084,121.347,113.72138461538461,17.414162658300388,0.5740000000000123,236.0,192.0,216.0,324.0,5,1,5.0,3.6,0.18080000000000213,28.267532467532465,45.04480519480521,22.532467532467532,1001.1077922077926,2.082467532467532,4.9,26.4,29.3,0,0.00000,4,12.0,0,91.0,9.0,6.0,7.905694150420948,14.0,70.0,0.2,-2.4,315.0,64,6.5,6.1,26.8,0.2,5,10.0,2,23.460000000000036,,15
2025,20,Mexico City,81,Oscar Piastri,McLaren,8,20,0.368421052631578947368421,1,1,7,13,76.174,95.46000000000001,90.77600000000001,14.350489213496054,0.5880000000000081,317.0,298.0,254.0,349.0,6,1,6.0,4.4,0.2854000000000042,26.405555555555555,50.58827160493828,23.234567901234566,780.8888888888889,1.8475308641975292,3.9,25.4,27.1,0,0.00000,5,10.0,0,91.0,9.666666666666666,6.6,7.635443667528429,12.4,62.0,0.2,-2.2,325.0,65,6.833333333333333,6.5,23.8,0.2,5,10.0,11,22.204999999999927,,18
2025,21,São Paulo,81,Oscar Piastri,McLaren,4,19,0.166666666666666666666667,1,1,3,11,69.83500000000001,84.129,85.56527272727273,16.282281493027376,0.3240000000000123,327.0,268.0,332.0,338.0,7,1,5.666666666666667,5.8,0.4030000000000058,17.34802631578948,30.69276315789474,70.57236842105263,929.708552631579,1.5098684210526314,2.9,16.6,18.0,0,0.00000,5,10.0,0,91.0,4.666666666666667,7.4,7.092249290598858,9.4,47.0,0.2,-1.8,335.0,66,3.3333333333333335,5.2,25.8,0.1,5,10.0,9,23.141999999999825,,28
2025,22,Las Vegas,81,Oscar Piastri,McLaren,5,20,0.210526315789473684210526,1,1,4,19,108.961,116.328,121.2106842105263,10.02076892731974,1.027000000000001,148.0,195.0,316.0,274.0,3,2,6.0,6.0,0.42980000000000873,16.73404255319152,19.529787234042566,37.765957446808514,941.8964539007092,1.436879432624114,2.8,16.3,17.2,0,0.00000,5,10.0,0,91.0,5.0,7.8,6.833739825307955,8.4,42.0,0.2,-2.0,345.0,67,3.1666666666666665,5.3,26.2,0.1,20,0.0,8,21.39599999999973,,44
2025,23,Lusail,81,Oscar Piastri,McLaren,1,20,0E-24,1,2,-1,12,79.387,80.739,96.03283333333333,17.37146897977116,0.0,262.0,291.0,288.0,325.0,6,1,5.666666666666667,5.2,0.5758000000000066,22.59932885906039,28.160402684563756,69.04697986577182,1016.0953020134215,1.2510067114093952,2.7,21.6,23.7,0,0.00000,20,0.0,1,91.0,10.0,7.8,6.833739825307955,8.4,42.0,0.2,-2.8,345.0,68,8.5,6.5,25.0,0.2,2,18.0,5,27.889999999999418,1,40
2025,24,Yas Island,81,Oscar Piastri,McLaren,3,20,0.105263157894736842105263,1,2,1,11,82.437,106.60300000000001,99.39800000000001,16.95924918739034,0.23000000000000398,294.0,321.0,223.0,327.0,6,1,3.3333333333333335,4.8,0.5026000000000067,26.67402597402595,31.0616883116883,60.44155844155844,1016.7279220779227,1.5733766233766233,3.2,25.9,27.5,0,0.00000,2,18.0,0,91.0,9.0,7.4,7.162401831787993,9.6,48.0,0.2,-2.8,363.0,69,8.5,6.4,25.6,0.2,2,18.0,1,21.606000000000677,,25
2026,1,Melbourne,81,Oscar Piastri,McLaren,5,19,0.222222222222222222222222,1,6,-1,16,79.38,88.974,93.69925,15.025812685730736,0.8619999999999948,266.0,286.0,306.0,297.0,7,1,3.0,4.2,0.43380000000000507,24.23445945945945,36.13445945945945,53.97297297297296,1012.5608108108116,2.5614864864864857,4.6,23.1,25.3,0,0.00000,2,18.0,0,91.0,8.0,6.8,7.52994023880668,11.2,56.0,0.2,-2.8,,70,8.333333333333334,6.2,26.6,0.2,21,0.0,,,,38
2026,2,Shanghai,81,Oscar Piastri,McLaren,5,22,0.190476190476190476190476,1,6,-1,14,92.55,93.99000000000001,108.18628571428572,15.965666915789459,0.4860000000000042,286.0,278.0,273.0,310.0,6,1,3.0,3.6,0.4886000000000024,15.572368421052628,22.616447368421053,54.99802631578948,1024.481578947368,2.1934210526315794,4.5,14.9,16.4,0,0.00000,21,0.0,1,91.0,8.333333333333334,10.0,9.669539802906858,9.2,46.0,0.4,-6.4,0.0,71,6.166666666666667,8.2,21.6,0.3,19,0.0,,,,34
2026,3,Suzuka,81,Oscar Piastri,McLaren,3,22,0.095238095238095238095238,1,5,-2,14,89.132,90.438,103.07042857142858,13.990522196853815,0.3540000000000134,277.0,327.0,267.0,285.0,6,1,4.333333333333333,3.8,0.5210000000000008,18.556410256410274,34.1429487179487,52.49551282051283,1011.7987179487181,1.9506410256410254,3.7,17.3,19.5,0,0.00000,19,0.0,1,91.0,14.0,12.8,9.884331034521255,7.2,36.0,0.6,-9.0,0.0,72,11.666666666666666,11.5,14.6,0.5,2,18.0,4,23.442000000000007,,28
2026,4,Miami Gardens,81,Oscar Piastri,McLaren,7,22,0.285714285714285714285714,1,4,3,10,88.332,89.92,103.6063,23.345443728916358,0.5339999999999918,223.0,193.0,274.0,317.0,6,1,4.333333333333333,3.4,0.3864000000000033,27.125595238095247,37.01190476190477,70.44821428571433,1015.6476190476195,1.1517857142857149,4.8,25.7,28.1,1,0.01786,2,18.0,0,91.0,14.0,9.2,9.884331034521255,10.8,54.0,0.4,-5.8,18.0,73,12.0,8.3,20.2,0.3,3,15.0,7,23.03399999999965,,18
2026,5,Montréal,81,Oscar Piastri,McLaren,4,22,0.142857142857142857142857,1,3,1,23,72.781,89.843,89.68086956521738,15.984543634695552,0.20300000000000296,255.0,290.0,274.0,318.0,6,2,5.0,4.6,0.49320000000000164,12.848750000000004,17.82749999999999,71.69499999999992,1024.2043749999991,3.0156249999999987,6.2,12.1,13.7,0,0.00000,3,15.0,0,91.0,8.0,9.4,9.710818709048171,10.2,51.0,0.4,-4.8,33.0,74,8.5,8.2,20.8,0.3,11,0.0,14,24.113000000000284,,35
2026,6,Monte Carlo,81,Oscar Piastri,McLaren,7,22,0.285714285714285714285714,1,8,-1,24,72.624,83.86,86.75325,13.816683551763253,0.5729999999999933,215.0,208.0,265.0,282.0,5,1,4.666666666666667,4.8,0.48780000000000145,23.677403846153872,37.976923076923086,62.198557692307695,1021.4403846153845,0.8418269230769228,3.5,22.6,24.5,0,0.00000,11,0.0,1,91.0,5.333333333333333,11.2,8.78635305459552,6.6,33.0,0.6,-6.4,33.0,75,6.833333333333333,10.6,14.2,0.5,5,10.0,4,20.158000000000357,,14
2026,7,Barcelona,81,Oscar Piastri,McLaren,7,22,0.285714285714285714285714,1,4,3,8,75.09,76.138,85.25725000000001,13.749360221479394,0.41100000000000136,282.0,295.0,285.0,333.0,5,1,6.0,5.2,0.43000000000000116,30.529333333333362,50.28666666666666,28.866000000000017,1000.5366666666639,2.5713333333333326,5.2,29.8,31.1,0,0.00000,5,10.0,0,91.0,6.333333333333333,8.0,7.0710678118654755,8.6,43.0,0.4,-2.8,43.0,76,9.666666666666666,10.4,14.2,0.5,5,10.0,6,21.859999999999673,,16
2020,1,Spielberg,10,Pierre Gasly,AlphaTauri,12,20,0.578947368421052631578947,0,13,-1,10,64.305,65.99,76.92520000000002,12.95921672701625,1.3660000000000068,318.0,248.0,289.0,316.0,4,1,9.666666666666666,9.6,1.7294000000000012,28.68416666666667,52.02499999999999,33.8325,938.7708333333335,1.8874999999999997,3.6,26.9,30.0,0,0.00000,,,,80.0,,,,,,,,,0,,,,,7,6.0,12,19.798000000000684,,8
2020,2,Spielberg,10,Pierre Gasly,AlphaTauri,8,20,0.368421052631578947368421,1,14,-6,28,78.744,82.555,88.21082142857144,12.908843896519508,0.9189999999999969,293.0,221.0,264.0,292.0,4,1,10.333333333333334,10.2,1.6596000000000017,20.822499999999994,39.92,34.005,945.9099999999996,2.228333333333333,4.5,19.4,22.1,1,0.01667,7,6.0,0,80.0,7.0,7.0,,6.0,6.0,0.0,5.0,6.0,1,9.5,9.5,6.0,0.5,15,0.0,7,21.947000000000116,,24
2020,3,Budapest,10,Pierre Gasly,AlphaTauri,10,20,0.473684210526315789473684,1,17,-7,10,75.508,86.845,94.287,21.03481349255721,2.060999999999993,285.0,256.0,262.0,309.0,4,1,10.666666666666666,9.8,1.4778000000000007,20.74179104477611,27.12985074626864,77.19253731343284,986.3149253731342,1.5597014925373138,2.8,19.9,21.8,1,0.01493,15,0.0,0,80.0,11.0,11.0,5.656854249492381,3.0,6.0,0.0,-1.5,6.0,2,11.0,11.0,3.5,0.25,20,0.0,1,22.717999999999847,,22
2020,4,Silverstone,10,Pierre Gasly,AlphaTauri,11,20,0.526315789473684210526316,0,14,-3,8,86.343,86.822,102.436375,18.831331467511422,2.0400000000000063,313.0,268.0,257.0,317.0,3,1,10.0,9.8,1.584599999999999,21.291406249999998,40.63281250000001,44.16796875,998.40859375,3.114062500000001,4.7,20.8,22.1,0,0.00000,20,0.0,1,80.0,14.0,14.0,6.557438524302,2.0,6.0,0.3333333333333333,-4.333333333333333,6.0,3,12.666666666666666,12.666666666666666,2.3333333333333335,0.3333333333333333,7,6.0,5,29.416000000000167,,3
2020,5,Silverstone,10,Pierre Gasly,AlphaTauri,7,20,0.315789473684210526315789,1,16,-9,11,86.523,87.59,98.10872727272726,13.066436890682244,1.3689999999999998,310.0,275.0,253.0,334.0,6,2,9.666666666666666,10.6,1.739200000000001,25.28706896551725,43.22758620689654,58.55603448275865,1000.9508620689652,2.236206896551725,4.3,23.5,26.8,0,0.00000,7,6.0,0,80.0,14.0,12.25,6.3966136874651625,3.0,12.0,0.25,-2.25,12.0,4,13.666666666666666,12.625,3.25,0.375,11,0.0,12,28.360000000000127,,24
2020,6,Barcelona,10,Pierre Gasly,AlphaTauri,10,20,0.473684210526315789473684,1,12,-2,11,76.8,77.819,90.05836363636362,16.891268900072177,1.215999999999994,292.0,304.0,287.0,323.0,6,1,9.333333333333334,9.6,1.5510000000000006,29.796899224806182,47.55581395348835,56.38449612403102,997.7038759689932,1.5449612403100779,2.9,28.6,30.7,0,0.00000,11,0.0,0,80.0,12.666666666666666,12.0,5.5677643628300215,2.4,12.0,0.2,-2.6,12.0,5,13.0,12.2,2.8,0.3,9,2.0,9,22.24499999999989,,10
2020,7,Spa-Francorchamps,10,Pierre Gasly,AlphaTauri,12,20,0.578947368421052631578947,0,11,1,8,102.745,103.475,119.47625000000001,17.664288006758564,1.492999999999995,333.0,216.0,230.0,312.0,4,1,9.333333333333334,9.2,1.520999999999998,18.568595041322304,29.82396694214875,54.85289256198344,962.4297520661155,1.4652892561983484,3.3,17.4,20.1,0,0.00000,9,2.0,0,80.0,9.0,12.4,5.176871642217914,1.6,8.0,0.2,-3.4,14.0,6,11.166666666666666,12.4,2.0,0.2,8,4.0,12,22.68199999999979,,8
2020,8,Monza,10,Pierre Gasly,AlphaTauri,10,20,0.473684210526315789473684,1,11,-1,13,79.90899999999999,80.68,91.67192307692306,13.479962842811913,1.0219999999999914,324.0,337.0,314.0,343.0,6,1,9.666666666666666,10.0,1.6357999999999975,28.090909090909104,41.20139860139859,40.12447552447552,990.7804195804187,1.5209790209790213,3.1,27.3,28.9,0,0.00000,8,4.0,0,80.0,9.333333333333334,11.0,5.244044240850758,2.4,12.0,0.2,-1.0,18.0,7,10.166666666666666,11.8,2.6,0.2,1,25.0,4,24.09400000000005,,12
2020,9,Mugello,10,Pierre Gasly,AlphaTauri,16,20,0.789473684210526315789474,0,12,4,4,77.125,77.366,102.27275,29.516847780829625,1.9809999999999945,276.0,259.0,306.0,311.0,2,1,10.666666666666666,10.0,1.4279999999999973,30.169886363636337,43.10227272727272,39.94431818181818,993.6153409090938,2.36477272727273,4.4,29.6,30.7,0,0.00000,1,25.0,0,80.0,6.0,7.2,3.7682887362833544,7.4,37.0,0.0,2.8,43.0,8,8.333333333333334,9.6,8.0,0.1,20,0.0,0,,,8
2020,10,Sochi,10,Pierre Gasly,AlphaTauri,9,20,0.421052631578947368421053,1,12,-3,11,93.0,94.37100000000001,109.23672727272728,18.862912463831815,1.695999999999998,276.0,320.0,173.0,329.0,6,1,12.666666666666666,11.0,1.416199999999995,28.80606060606062,40.342424242424265,51.36287878787878,1012.878787878789,1.428787878787879,3.2,27.6,30.5,0,0.00000,20,0.0,1,80.0,9.666666666666666,9.8,6.833739825307955,6.2,31.0,0.2,1.2,43.0,9,9.333333333333334,9.8,8.0,0.1,9,2.0,8,29.38800000000083,,12
2020,11,Nürburgring,10,Pierre Gasly,AlphaTauri,12,20,0.578947368421052631578947,0,13,-1,12,86.776,88.295,102.58966666666667,16.60470816219048,1.5069999999999908,269.0,239.0,260.0,313.0,4,1,11.666666666666666,11.4,1.4815999999999945,9.499999999999998,16.36020408163265,59.40408163265304,947.35918367347,1.6173469387755104,3.1,8.9,9.9,1,0.02041,9,2.0,0,80.0,10.0,9.4,6.8044103344816,6.6,33.0,0.2,2.0,45.0,10,9.0,9.4,9.0,0.1,6,8.0,13,22.615999999999985,,9
2020,12,Portimão,10,Pierre Gasly,AlphaTauri,9,20,0.421052631578947368421053,1,13,-4,20,77.209,78.38,87.27194999999999,10.722806454493448,0.742999999999995,281.0,201.0,307.0,323.0,5,1,12.333333333333334,11.8,1.5397999999999938,20.505468749999977,25.71562499999998,67.52812500000002,1007.3406250000008,4.0406249999999995,7.0,20.0,21.0,0,0.00000,6,8.0,0,80.0,11.666666666666666,8.8,6.978538528947161,7.8,39.0,0.2,3.0,53.0,11,10.833333333333334,9.4,10.2,0.1,5,10.0,10,27.235999999999876,,14
2020,13,Imola,10,Pierre Gasly,AlphaTauri,4,20,0.157894736842105263157895,1,8,-4,13,74.502,75.734,88.15453846153846,15.399996069346818,0.8930000000000007,233.0,264.0,283.0,295.0,5,1,10.0,11.2,1.389799999999994,18.030400000000004,23.26079999999999,71.13680000000001,1017.8919999999997,1.3415999999999992,3.1,16.9,18.5,0,0.00000,5,10.0,0,80.0,6.666666666666667,8.2,7.19027120489902,9.0,45.0,0.2,3.0,63.0,12,10.333333333333334,9.9,11.4,0.1,20,0.0,0,,,39
2020,14,Istanbul,10,Pierre Gasly,AlphaTauri,15,20,0.736842105263157894736842,0,17,-2,11,118.556,127.584,127.19099999999999,6.14956107376779,10.790999999999997,232.0,268.0,210.0,233.0,4,1,8.333333333333334,10.0,1.3639999999999959,13.095683453237404,15.20575539568346,80.16115107913672,1008.4964028776968,1.066187050359712,2.7,12.1,13.8,1,0.04317,20,0.0,1,80.0,10.333333333333334,12.0,7.44983221287567,4.0,20.0,0.4,-2.0,63.0,13,11.5,11.3,8.4,0.2,13,0.0,8,23.29700000000048,,4
2020,15,Sakhir,10,Pierre Gasly,AlphaTauri,8,20,0.368421052631578947368421,1,10,-2,7,88.44800000000001,89.008,100.71528571428571,15.188295380701172,1.1840000000000117,248.0,272.0,293.0,323.0,4,2,9.333333333333334,9.8,3.1259999999999963,25.09907407407409,27.54814814814815,67.8472222222222,1015.8972222222209,0.8430555555555546,1.8,24.4,26.6,0,0.00000,13,0.0,0,80.0,12.666666666666666,10.6,6.107372593840988,4.0,20.0,0.2,0.0,63.0,14,12.166666666666666,11.1,7.2,0.1,6,8.0,13,24.504000000000815,,20
2020,16,Sakhir,10,Pierre Gasly,AlphaTauri,9,20,0.421052631578947368421053,1,6,3,21,53.941,69.062,68.84328571428571,14.023592514555096,0.5640000000000001,292.0,272.0,300.0,328.0,6,2,9.0,9.6,3.023599999999999,20.947244094488184,23.46929133858268,58.16929133858269,1015.9417322834645,1.9480314960629923,3.4,20.4,22.0,0,0.00000,6,8.0,0,80.0,13.0,10.0,6.442049363362563,5.2,26.0,0.2,0.4,71.0,15,11.0,11.1,7.6,0.1,11,0.0,9,24.53099999999995,,15
2020,17,Yas Island,10,Pierre Gasly,AlphaTauri,10,20,0.473684210526315789473684,1,7,3,14,96.24199999999999,96.99799999999999,111.5445,16.536482403136127,0.9959999999999809,288.0,320.0,227.0,322.0,6,1,10.666666666666666,9.0,2.835000000000001,23.121481481481517,27.980000000000008,55.44666666666665,1015.8474074074076,2.5044444444444425,4.0,22.1,23.7,0,0.00000,11,0.0,0,80.0,10.0,11.0,6.041522986797286,3.6,18.0,0.2,-1.2,71.0,16,10.0,10.8,7.2,0.1,8,4.0,5,22.005999999999858,,6
2021,1,Sakhir,10,Pierre Gasly,AlphaTauri,5,20,0.210526315789473684210526,1,13,-8,9,89.809,91.143,101.31855555555555,13.240197280546003,0.8119999999999976,247.0,274.0,291.0,317.0,5,2,9.0,9.2,2.885599999999998,20.538345864661654,27.627819548872182,54.51729323308271,1014.9105263157908,0.8872180451127818,1.4,20.4,20.9,0,0.00000,8,4.0,0,89.0,8.333333333333334,11.6,5.412947441089743,2.4,12.0,0.2,-1.8,,17,9.0,10.3,6.0,0.1,17,0.0,4,24.337000000000444,,34
2021,2,Imola,10,Pierre Gasly,AlphaTauri,5,20,0.210526315789473684210526,1,20,-15,13,74.78999999999999,75.548,85.22838461538461,12.029802717545994,0.3789999999999907,234.0,262.0,287.0,292.0,5,1,8.0,9.4,2.8693999999999975,10.621118012422354,16.827329192546586,69.48881987577641,1011.2527950310558,0.4788819875776397,1.1,9.2,12.3,1,0.40994,17,0.0,1,89.0,12.0,11.0,4.301162633521313,2.4,12.0,0.2,-1.0,0.0,18,10.5,10.5,4.0,0.1,7,6.0,8,31.052999999999884,,24
2021,3,Portimão,10,Pierre Gasly,AlphaTauri,9,20,0.421052631578947368421053,1,14,-5,19,79.05199999999999,92.83,89.84178947368419,8.73741906068979,1.083999999999989,290.0,195.0,292.0,312.0,6,1,6.666666666666667,7.4,0.7869999999999961,19.39253731343283,38.9507462686567,39.40373134328356,1004.8134328358209,0.8373134328358207,1.4,18.1,20.0,0,0.00000,7,6.0,0,89.0,10.666666666666666,9.8,4.43846820423443,3.6,18.0,0.2,-2.6,6.0,19,10.666666666666666,9.9,5.2,0.1,10,1.0,7,21.54800000000023,,12
2021,4,Barcelona,10,Pierre Gasly,AlphaTauri,12,20,0.578947368421052631578947,0,16,-4,6,77.982,78.19,90.86349999999999,14.731002976715468,1.2409999999999997,287.0,306.0,284.0,312.0,3,1,6.333333333333333,7.6,0.7669999999999917,22.203076923076917,32.92230769230769,57.55307692307693,993.5746153846156,0.4576923076923076,0.9,21.3,23.5,0,0.00000,10,1.0,0,89.0,11.333333333333334,10.6,3.9115214431215892,2.2,11.0,0.2,-3.2,7.0,20,11.666666666666666,10.7,3.8,0.1,10,1.0,13,26.053000000000793,,10
2021,5,Monte Carlo,10,Pierre Gasly,AlphaTauri,6,19,0.277777777777777777777778,1,16,-10,27,70.9,84.752,83.40051851851852,9.964323854363819,0.554000000000002,223.0,204.0,271.0,282.0,5,1,8.666666666666666,8.2,0.9023999999999915,20.760740740740758,37.59555555555557,61.42444444444447,1015.5711111111107,0.31629629629629613,0.6,20.3,21.5,0,0.00000,10,1.0,0,89.0,9.0,10.4,3.9115214431215897,2.4,12.0,0.2,-2.4,8.0,21,12.333333333333334,11.9,2.8,0.2,6,8.0,1,24.164999999999964,,14
2021,6,Baku,10,Pierre Gasly,AlphaTauri,4,20,0.157894736842105263157895,1,8,-4,9,101.565,102.811,118.28455555555554,19.543946186166647,0.3469999999999942,240.0,244.0,327.0,309.0,3,1,9.0,7.4,0.8139999999999958,24.170930232558128,38.31453488372088,55.805232558139544,1014.7308139534875,0.2837209302325581,0.8,22.9,25.5,0,0.00000,6,8.0,0,89.0,8.666666666666666,10.0,4.301162633521313,3.2,16.0,0.2,-2.6,16.0,22,12.833333333333334,12.2,3.6,0.2,3,15.0,5,15.077000000000226,,25
2021,7,Le Castellet,10,Pierre Gasly,AlphaTauri,6,20,0.263157894736842105263158,1,20,-14,10,90.868,91.416,108.31389999999999,27.16914760634856,0.8780000000000001,118.0,283.0,303.0,327.0,5,2,7.333333333333333,7.2,0.7209999999999951,25.314399999999992,35.22879999999999,58.63039999999999,960.6376,1.1655999999999997,1.8,23.8,27.4,0,0.00000,3,15.0,0,89.0,6.333333333333333,7.2,2.949576240750525,6.2,31.0,0.0,0.0,31.0,23,10.333333333333334,10.6,7.4,0.1,7,6.0,9,30.656999999999698,,22
2021,8,Spielberg,10,Pierre Gasly,AlphaTauri,6,20,0.263157894736842105263158,1,8,-2,12,64.236,65.019,80.73708333333333,18.697084023783603,0.3950000000000031,319.0,250.0,287.0,315.0,5,1,5.333333333333333,7.4,0.820799999999997,26.692372881355922,52.352542372881345,33.24661016949152,938.4771186440671,0.3677966101694914,1.2,26.0,27.3,0,0.00000,7,6.0,0,89.0,5.333333333333333,7.2,2.949576240750525,6.2,31.0,0.0,0.2,37.0,24,8.666666666666666,10.7,7.4,0.1,20,0.0,0,,,33
2021,9,Spielberg,10,Pierre Gasly,AlphaTauri,6,20,0.263157894736842105263158,1,7,-1,14,64.107,65.486,77.81228571428571,15.681063506067396,0.38700000000000045,318.0,250.0,289.0,315.0,6,2,5.333333333333333,6.8,0.6829999999999998,20.966025641025656,33.18397435897434,49.730769230769255,934.7211538461531,0.348076923076923,0.9,19.0,22.6,1,0.03846,20,0.0,1,89.0,10.0,9.2,6.534523701081817,6.0,30.0,0.2,-2.4,37.0,25,10.0,11.2,7.4,0.2,9,2.0,15,20.829999999999927,,28
2021,10,Silverstone,10,Pierre Gasly,AlphaTauri,12,20,0.578947368421052631578947,0,16,-4,10,87.273,88.45400000000001,102.7114,20.3589228496991,1.25,316.0,270.0,254.0,324.0,4,1,6.0,5.6,0.5122,29.4,50.931521739130446,37.20217391304347,1007.2461956521738,0.317934782608696,0.8,28.4,30.1,0,0.00000,9,2.0,0,89.0,12.0,9.0,6.519202405202649,6.2,31.0,0.2,-3.4,39.0,26,11.833333333333334,10.3,7.6,0.1,11,0.0,11,28.04199999999946,,9
2021,11,Budapest,10,Pierre Gasly,AlphaTauri,5,20,0.210526315789473684210526,1,16,-11,9,76.394,77.033,89.52833333333332,15.2347576449381,0.9750000000000085,280.0,252.0,261.0,300.0,5,1,8.0,6.8,0.6513999999999995,27.22670157068063,37.82251308900524,68.61570680628276,977.6308900523562,0.5675392670157061,1.2,25.7,29.1,1,0.30366,11,0.0,0,89.0,13.333333333333334,10.0,6.324555320336759,4.6,23.0,0.2,-3.4,39.0,27,12.0,10.2,6.2,0.1,5,11.0,12,21.315999999999804,1,33
2021,12,Spa-Francorchamps,10,Pierre Gasly,AlphaTauri,6,20,0.263157894736842105263158,1,17,-11,16,116.44,123.801,129.2674375,10.759966127386276,0.41499999999999204,316.0,183.0,219.0,306.0,5,2,7.666666666666667,7.0,0.7770000000000025,13.012413793103491,15.258620689655164,96.4358620689655,970.2217241379296,0.5113793103448276,1.0,12.4,13.4,1,0.84138,5,11.0,0,89.0,8.333333333333334,10.4,5.813776741499453,3.8,19.0,0.2,-3.6,50.0,28,8.833333333333334,10.3,5.8,0.1,6,4.0,0,15382.073,,13
2021,13,Zandvoort,10,Pierre Gasly,AlphaTauri,4,20,0.157894736842105263157895,1,15,-11,10,69.478,70.71000000000001,84.03200000000001,15.524770150382974,0.5929999999999893,277.0,286.0,304.0,311.0,4,1,7.666666666666667,7.0,0.6844000000000008,21.50443037974685,36.10569620253166,54.10822784810126,1021.5056962025316,0.442405063291139,0.9,20.4,22.4,0,0.00000,6,4.0,0,89.0,7.333333333333333,10.2,5.974947698515862,3.4,17.0,0.2,-3.4,54.0,29,8.833333333333334,10.4,5.4,0.1,4,12.0,3,19.24699999999939,,22
2021,14,Monza,10,Pierre Gasly,AlphaTauri,6,20,0.263157894736842105263158,1,17,-11,10,80.26,81.44,95.7745,17.999869926999164,0.7049999999999983,316.0,337.0,311.0,334.0,5,1,5.0,6.6,0.7239999999999981,28.885234899328868,43.52751677852349,33.2758389261745,994.4879194630865,0.3429530201342281,0.7,27.8,29.6,0,0.00000,4,12.0,0,89.0,5.0,7.0,2.9154759474226504,5.8,29.0,0.0,-0.6,66.0,30,9.166666666666666,9.7,7.6,0.1,19,0.0,0,3742.702,,31
2021,15,Sochi,10,Pierre Gasly,AlphaTauri,12,20,0.578947368421052631578947,0,13,-1,16,106.64099999999999,109.218,121.4889375,17.710948182668442,4.647999999999996,260.0,304.0,148.0,299.0,2,1,5.333333333333333,6.6,0.7875999999999976,19.13860759493674,21.75696202531647,61.94746835443034,1023.1310126582275,0.29050632911392416,0.9,17.4,19.5,1,0.10127,19,0.0,1,89.0,9.666666666666666,9.0,6.2048368229954285,5.4,27.0,0.2,0.0,66.0,31,13.833333333333334,11.5,7.2,0.3,13,0.0,13,29.212000000000444,,15
2021,16,Istanbul,10,Pierre Gasly,AlphaTauri,5,20,0.210526315789473684210526,1,10,-5,17,83.326,89.499,95.3934705882353,11.784082638869512,0.4579999999999984,282.0,292.0,255.0,325.0,6,2,7.333333333333333,6.6,1.467199999999997,15.825477707006387,18.180891719745237,93.52484076433116,1006.4101910828001,0.4866242038216559,0.8,15.5,16.1,0,0.00000,13,0.0,0,89.0,12.0,9.4,6.4265076052238514,5.4,27.0,0.2,-0.5,66.0,32,15.333333333333334,12.4,7.0,0.3,6,8.0,1,29.334999999999127,,17
2021,17,Austin,10,Pierre Gasly,AlphaTauri,9,20,0.421052631578947368421053,1,10,-1,11,94.118,110.354,109.71445454545456,15.696711721654543,1.2079999999999984,235.0,193.0,213.0,322.0,6,2,7.666666666666667,6.6,1.3637999999999948,28.148447204968935,37.470807453416164,61.19254658385094,992.1298136645961,0.8540372670807448,1.5,26.4,29.5,0,0.00000,6,8.0,0,89.0,12.666666666666666,9.6,6.268971207462991,4.8,24.0,0.2,-1.0,74.0,33,14.833333333333334,13.3,4.8,0.3,20,0.0,3,28.2470000000003,,27
2021,18,Mexico City,10,Pierre Gasly,AlphaTauri,5,20,0.210526315789473684210526,1,9,-4,13,76.456,77.746,89.30407692307692,14.317881584819839,0.5810000000000031,318.0,299.0,256.0,351.0,6,2,8.666666666666666,7.2,1.5223999999999962,21.20670731707316,47.57926829268294,31.2109756097561,784.2134146341465,0.3664634146341462,0.8,19.2,23.2,0,0.00000,20,0.0,1,89.0,13.0,12.4,7.3006848993775915,4.0,20.0,0.4,-4.0,74.0,34,13.166666666666666,14.1,4.4,0.4,4,12.0,3,22.532999999999447,,19
2021,19,São Paulo,10,Pierre Gasly,AlphaTauri,5,20,0.210526315789473684210526,1,13,-8,11,68.777,70.062,79.72809090909091,12.295320503789606,0.8430000000000035,320.0,267.0,320.0,317.0,6,1,6.333333333333333,7.4,1.519999999999999,23.137341772151892,51.56139240506331,60.10126582278483,926.9303797468358,0.39177215189873377,0.8,22.5,24.0,0,0.00000,4,12.0,0,89.0,10.0,12.4,7.3006848993775915,4.0,20.0,0.4,-3.75,86.0,35,12.166666666666666,14.2,4.4,0.4,7,6.0,8,18.902000000000044,,24
2021,20,Lusail,10,Pierre Gasly,AlphaTauri,4,20,0.157894736842105263157895,1,8,-4,13,81.64,120.519,106.54646153846154,24.035132603529163,0.8130000000000024,250.0,280.0,317.0,327.0,6,2,6.333333333333333,7.2,1.5475999999999999,26.41513157894735,30.603289473684203,75.54013157894735,1012.3072368421057,0.4230263157894732,0.8,26.0,27.4,1,0.01974,7,6.0,0,89.0,10.333333333333334,10.0,6.519202405202649,5.2,26.0,0.2,-3.0,92.0,36,12.5,12.5,5.6,0.2,11,0.0,10,25.642000000000735,,31
2021,21,Jeddah,10,Pierre Gasly,AlphaTauri,6,20,0.263157894736842105263158,1,8,-2,20,88.125,94.095,107.57935,21.883872735959795,0.6140000000000043,291.0,314.0,311.0,321.0,6,2,4.666666666666667,5.6,0.7806000000000012,28.816062176165733,31.684974093264252,76.20310880829015,1013.7974093264247,0.2715025906735748,0.6,28.5,29.2,0,0.00000,11,0.0,0,89.0,7.333333333333333,9.6,6.348228099241551,5.2,26.0,0.2,-4.4,92.0,37,11.666666666666666,11.9,5.6,0.2,6,8.0,2,1001.6720000000005,,15
2021,22,Yas Island,10,Pierre Gasly,AlphaTauri,12,20,0.578947368421052631578947,0,8,4,12,83.489,98.881,104.62199999999997,22.305398881722045,1.3799999999999955,289.0,320.0,226.0,323.0,4,2,5.0,5.8,0.8118000000000023,24.51910828025481,28.46560509554141,59.05477707006371,1017.7108280254776,0.41464968152866166,0.7,23.5,25.7,0,0.00000,6,8.0,0,89.0,8.0,9.6,6.348228099241551,5.2,26.0,0.2,-4.0,100.0,38,11.0,11.9,5.6,0.2,5,10.0,10,21.938000000000102,,6
2022,1,Sakhir,10,Pierre Gasly,AlphaTauri,10,20,0.473684210526315789473684,1,16,-6,13,91.635,93.238,101.02623076923078,10.65783899416955,1.0770000000000124,239.0,269.0,287.0,317.0,7,1,7.333333333333333,6.4,0.8462000000000017,23.617791411042962,28.610429447852766,29.49079754601227,1010.3858895705521,0.3049079754601232,0.8,22.3,25.7,0,0.00000,5,10.0,0,84.0,7.333333333333333,6.6,2.701851217221259,7.2,36.0,0.0,-0.2,,39,8.833333333333334,9.9,9.6,0.1,20,0.0,5,24.57800000000043,,26
2022,2,Jeddah,10,Pierre Gasly,AlphaTauri,9,20,0.421052631578947368421053,1,20,-11,15,89.254,106.417,107.13573333333332,17.482736388737756,15.584000000000003,285.0,324.0,304.0,328.0,5,1,9.333333333333334,7.4,0.9454000000000036,25.42039473684213,28.4092105263158,59.66447368421053,1012.7776315789473,2.3592105263157874,4.0,25.3,25.6,0,0.00000,20,0.0,1,84.0,10.333333333333334,9.8,6.1400325732035,4.8,24.0,0.2,-2.4,0.0,40,9.5,10.3,8.0,0.1,8,4.0,6,22.812000000000808,,10
2022,3,Melbourne,10,Pierre Gasly,AlphaTauri,11,20,0.526315789473684210526316,0,13,-2,14,79.226,84.608,97.6835,18.39666925016591,1.358000000000004,279.0,300.0,300.0,316.0,5,1,10.333333333333334,8.2,3.8936000000000037,26.697435897435888,37.40833333333329,43.65384615384615,1014.2461538461532,1.8128205128205122,4.4,25.8,27.4,0,0.00000,8,4.0,0,84.0,11.0,10.0,6.041522986797286,4.4,22.0,0.2,-2.2,4.0,41,10.666666666666666,10.8,7.6,0.2,9,2.0,7,18.90899999999965,,5
2022,4,Imola,10,Pierre Gasly,AlphaTauri,17,20,0.842105263157894736842105,0,16,1,8,80.732,85.871,92.12137499999999,10.984864430368336,2.054000000000002,217.0,256.0,272.0,290.0,2,2,10.0,9.6,4.002600000000004,12.899367088607601,17.418987341772137,83.17088607594937,1001.0386075949358,1.4822784810126568,2.5,11.1,14.2,0,0.00000,9,2.0,0,84.0,12.333333333333334,9.6,6.024948132556828,4.8,24.0,0.2,0.0,6.0,42,13.166666666666666,10.8,8.0,0.2,12,0.0,2,30.3779999999997,,-8
2022,5,Miami,10,Pierre Gasly,AlphaTauri,7,20,0.315789473684210526315789,1,9,-2,15,89.69,93.831,103.37066666666668,13.721208639322176,0.8940000000000055,223.0,192.0,287.0,327.0,6,1,12.333333333333334,11.8,4.290600000000003,30.61728395061729,42.81975308641976,58.858024691358025,1009.3049382716049,2.26728395061728,5.0,29.4,32.3,1,0.05556,12,0.0,0,84.0,9.666666666666666,10.8,5.718391382198319,3.2,16.0,0.2,1.0,6.0,43,11.666666666666666,10.7,7.6,0.2,18,0.0,2,18.99499999999989,,28
2022,6,Barcelona,10,Pierre Gasly,AlphaTauri,14,20,0.684210526315789473684211,0,13,1,10,80.719,82.041,95.19419999999998,17.698060237714692,1.968999999999994,288.0,304.0,284.0,322.0,5,1,11.666666666666666,10.8,4.193400000000006,36.56585365853659,48.95731707317072,7.109756097560975,996.0158536585362,3.4884146341463396,5.5,35.9,37.2,0,0.00000,18,0.0,1,84.0,13.0,13.4,5.366563145999495,1.2,6.0,0.4,-2.6,6.0,44,12.166666666666666,12.8,3.2,0.3,13,0.0,6,21.885999999999513,,4
2022,7,Monaco,10,Pierre Gasly,AlphaTauri,17,20,0.842105263157894736842105,0,11,6,7,73.66,98.5,90.4682857142857,11.667730095071128,2.283999999999992,216.0,198.0,272.0,283.0,3,1,12.666666666666666,11.6,4.371800000000002,22.274693877550995,31.038367346938788,75.66530612244898,1002.9922448979627,0.9902040816326523,3.2,20.9,24.3,1,0.43673,13,0.0,0,84.0,14.333333333333334,12.0,3.9370039370059056,1.2,6.0,0.2,-0.4,6.0,45,12.0,12.3,2.6,0.2,11,0.0,8,28.701999999999316,,-4
2022,8,Baku,10,Pierre Gasly,AlphaTauri,6,20,0.263157894736842105263158,1,8,-2,15,102.845,111.951,115.32013333333332,13.288604247177176,1.48599999999999,231.0,237.0,336.0,313.0,6,1,12.666666666666666,13.2,1.7117999999999995,25.435403726708074,47.149689440993804,59.49068322981366,1009.9012422360254,1.5291925465838494,2.9,24.9,26.1,0,0.00000,11,0.0,0,84.0,14.0,12.6,3.361547262794322,0.4,2.0,0.2,0.6,6.0,46,13.5,12.4,1.8,0.1,5,10.0,4,22.686999999999898,,17
2022,9,Montréal,10,Pierre Gasly,AlphaTauri,16,20,0.789473684210526315789474,0,20,-4,10,94.49199999999999,98.535,103.1856,11.475437045175132,13.192999999999984,203.0,265.0,266.0,297.0,2,1,12.333333333333334,12.2,1.7373999999999967,20.762962962962966,41.261111111111084,28.925925925925927,1012.4012345679009,3.5524691358024683,5.6,18.8,22.3,0,0.00000,5,10.0,0,84.0,9.666666666666666,11.8,4.658325879540846,2.0,10.0,0.2,0.4,16.0,47,11.5,11.8,3.4,0.1,14,0.0,8,23.5649999999996,,4
2022,10,Silverstone,10,Pierre Gasly,AlphaTauri,11,20,0.526315789473684210526316,0,13,-2,17,101.68,107.39699999999999,112.4074117647059,11.724975325447511,2.551000000000016,289.0,240.0,226.0,290.0,3,1,13.0,12.0,3.965199999999993,18.253201970443335,30.026108374384233,59.748768472906406,1002.3581280788169,1.4561576354679806,3.9,17.5,19.2,1,0.04433,14,0.0,0,84.0,10.0,12.2,4.764451699828638,2.0,10.0,0.2,-0.4,16.0,48,13.0,13.1,2.2,0.2,16,0.0,5,29.64300000000003,,15
2022,11,Spielberg,10,Pierre Gasly,AlphaTauri,10,20,0.473684210526315789473684,1,14,-4,14,66.16,67.838,79.38064285714286,15.662934058603955,1.176000000000002,314.0,244.0,283.0,317.0,6,1,11.0,12.8,4.296599999999995,20.255921052631592,30.74671052631582,35.13815789473684,939.7124999999984,1.2552631578947366,3.9,19.7,21.1,0,0.00000,16,0.0,1,84.0,11.666666666666666,11.8,4.207136793592526,2.0,10.0,0.2,0.8,16.0,49,13.333333333333334,13.1,2.2,0.2,15,0.0,10,22.657999999999447,,21
2022,12,Le Castellet,10,Pierre Gasly,AlphaTauri,16,20,0.789473684210526315789474,0,8,8,2,93.439,93.439,93.5675,0.18172644276494626,2.566999999999993,113.0,278.0,299.0,329.0,1,1,12.333333333333334,12.0,4.137999999999996,30.164843750000003,54.46171874999998,47.734375,967.9078124999985,1.9460937500000002,4.0,29.1,30.8,0,0.00000,15,0.0,0,84.0,15.0,12.2,4.43846820423443,2.0,10.0,0.2,0.4,16.0,50,15.5,13.9,2.0,0.2,12,0.0,6,35.95800000000054,,-2
2022,13,Budapest,10,Pierre Gasly,AlphaTauri,19,20,0.947368421052631578947368,0,16,3,6,79.116,81.056,92.17433333333332,16.146824699199122,1.7390000000000043,280.0,245.0,255.0,300.0,3,1,12.333333333333334,11.8,4.194599999999997,18.55988023952095,26.72095808383233,69.31736526946108,985.5814371257485,4.034131736526945,5.8,17.8,19.4,1,0.27545,12,0.0,0,84.0,14.333333333333334,12.4,4.39317652729776,2.0,10.0,0.2,-0.4,16.0,51,15.5,14.3,2.0,0.3,12,0.0,16,21.436999999999898,,2
2022,14,Spa-Francorchamps,10,Pierre Gasly,AlphaTauri,12,20,0.578947368421052631578947,0,19,-7,8,105.827,106.293,126.66687499999999,27.021912216556505,2.162000000000006,334.0,203.0,224.0,309.0,4,1,15.0,14.4,4.2452,21.78717948717949,36.083974358974366,40.51923076923077,971.0519230769214,1.5192307692307678,3.5,20.7,22.5,0,0.00000,12,0.0,0,84.0,13.0,13.8,1.7888543819998317,0.0,0.0,0.2,-0.75,16.0,52,15.666666666666666,15.6,0.0,0.3,9,2.0,16,22.561999999999898,,12
2022,15,Zandvoort,10,Pierre Gasly,AlphaTauri,11,20,0.526315789473684210526316,0,9,2,10,71.512,73.102,83.41980000000001,12.24475646325579,1.1700000000000017,280.0,282.0,314.0,323.0,5,1,15.666666666666666,13.6,2.039000000000004,22.730061349693237,33.44601226993866,75.38036809815951,1017.1098159509202,1.0619631901840485,2.0,22.3,23.3,0,0.00000,9,2.0,0,84.0,11.0,12.8,2.7748873851023217,0.4,2.0,0.2,-1.3333333333333333,18.0,53,14.166666666666666,14.6,0.4,0.2,11,0.0,10,13.904000000000451,,10
2022,16,Monza,10,Pierre Gasly,AlphaTauri,9,20,0.421052631578947368421053,1,15,-6,11,81.91,82.669,93.11500000000001,12.92899973702529,1.7489999999999952,319.0,334.0,307.0,344.0,6,1,14.0,13.6,1.7628000000000015,27.734693877551035,43.138775510204084,33.14965986394558,993.340136054421,1.3612244897959178,2.7,26.4,28.5,0,0.00000,11,0.0,0,84.0,10.666666666666666,11.8,2.16794833886788,0.4,2.0,0.0,0.3333333333333333,18.0,54,14.0,14.7,0.4,0.2,8,4.0,6,25.362999999999374,,10
2022,17,Marina Bay,10,Pierre Gasly,AlphaTauri,7,20,0.315789473684210526315789,1,10,-3,17,111.211,119.46600000000001,125.75276470588236,13.60753870805358,1.7989999999999924,290.0,265.0,251.0,285.0,5,2,10.666666666666666,13.4,1.8774000000000002,26.232549019607895,28.973333333333354,87.44705882352942,1008.1439215686289,0.929803921568626,2.7,24.3,27.7,1,0.18039,8,4.0,0,84.0,9.333333333333334,10.4,1.816590212458495,1.2,6.0,0.0,-0.3333333333333333,22.0,55,12.5,13.8,1.2,0.2,10,1.0,3,29.826999999999316,,14
2022,18,Suzuka,10,Pierre Gasly,AlphaTauri,17,20,0.842105263157894736842105,0,13,4,6,91.322,92.049,103.48700000000001,13.804720525965017,2.0180000000000007,280.0,301.0,264.0,301.0,3,1,9.0,11.6,1.7238,16.717647058823538,19.930588235294138,86.21176470588236,1015.7062745098052,2.040784313725487,4.0,15.8,19.0,1,0.98039,10,1.0,0,84.0,9.666666666666666,10.0,1.5811388300841895,1.4,7.0,0.0,-2.0,23.0,56,13.0,13.1,1.4,0.2,18,0.0,6,24.034999999999854,,8
2022,19,Austin,10,Pierre Gasly,AlphaTauri,13,20,0.631578947368421052631579,0,15,-2,7,96.577,121.93,113.26657142857142,15.604813497306345,2.2210000000000036,227.0,187.0,207.0,319.0,4,1,11.0,11.2,1.7795999999999992,29.28529411764708,35.52352941176471,49.62352941176471,991.1994117647055,5.487058823529408,10.1,28.3,30.7,0,0.00000,18,0.0,0,84.0,12.0,11.2,3.96232255123179,1.4,7.0,0.0,-1.75,23.0,57,13.0,13.1,1.4,0.2,14,0.0,12,23.671000000000276,,14
2022,20,Mexico City,10,Pierre Gasly,AlphaTauri,14,20,0.684210526315789473684211,0,13,1,11,79.672,94.914,89.94745454545455,9.499731821095125,1.8969999999999914,312.0,292.0,252.0,348.0,4,1,12.333333333333334,11.4,1.7913999999999988,24.312727272727287,41.68909090909089,34.442424242424245,780.4072727272716,1.3369696969696967,4.0,22.8,25.5,0,0.00000,14,0.0,0,84.0,14.0,12.2,3.8987177379235853,1.0,5.0,0.0,-2.0,23.0,58,13.333333333333334,13.3,1.2,0.2,11,0.0,9,29.155000000000655,,3
2022,21,São Paulo,10,Pierre Gasly,AlphaTauri,12,20,0.578947368421052631578947,0,19,-7,20,71.675,79.269,82.49960000000002,10.3465644305629,0.7939999999999969,323.0,263.0,323.0,329.0,4,2,14.666666666666666,12.0,1.9367999999999967,23.01077844311378,46.04910179640717,76.07784431137725,922.1604790419151,1.4443113772455085,2.9,20.9,25.1,0,0.00000,11,0.0,0,84.0,14.333333333333334,12.2,3.8987177379235853,1.0,5.0,0.0,-1.4,23.0,59,14.333333333333334,13.3,1.2,0.2,14,0.0,13,23.085000000000036,,17
2022,22,Yas Island,10,Pierre Gasly,AlphaTauri,17,20,0.842105263157894736842105,0,12,5,6,85.85900000000001,86.318,95.69650000000001,10.6299842097719,2.035000000000011,289.0,321.0,217.0,326.0,3,1,13.0,12.6,1.745799999999997,28.57548387096773,34.31032258064516,61.68387096774194,1013.5206451612893,2.608387096774191,4.1,27.8,29.7,0,0.00000,14,0.0,0,84.0,13.0,13.4,3.1304951684997055,0.2,1.0,0.0,-1.6,23.0,60,14.333333333333334,14.2,0.4,0.2,14,0.0,9,21.86499999999978,,3
2023,1,Sakhir,10,Pierre Gasly,Alpine,20,20,1.000000000000000000000000,0,9,11,4,91.818,92.181,102.76775,12.463393287945301,2.1099999999999994,241.0,270.0,286.0,324.0,2,1,14.333333333333334,14.6,1.7930000000000006,27.43167701863353,31.01180124223602,21.496894409937887,1016.863975155279,0.6832298136645952,2.2,26.2,29.8,0,0.00000,14,0.0,0,85.0,13.0,14.2,2.4899799195977463,0.0,0.0,0.0,-0.4,,61,11.166666666666666,9.6,9.6,0.2,9,2.0,12,24.748999999999796,,-8
2023,2,Jeddah,10,Pierre Gasly,Alpine,10,20,0.473684210526315789473684,1,7,3,18,89.357,102.58,104.2842222222222,12.672505419007372,1.0919999999999987,289.0,326.0,308.0,328.0,5,1,16.333333333333332,15.2,1.8114000000000003,26.09189189189191,31.792567567567573,57.79054054054054,1010.9297297297305,1.7722972972972975,3.7,25.8,26.4,0,0.00000,9,2.0,0,85.0,12.333333333333334,12.4,2.3021728866442674,0.4,2.0,0.0,2.0,2.0,62,11.166666666666666,11.2,6.4,0.3,9,2.0,5,20.70299999999952,,6
2023,3,Melbourne,10,Pierre Gasly,Alpine,9,20,0.421052631578947368421053,1,11,-2,21,77.574,85.755,89.84385714285716,12.890002247035161,0.8419999999999987,286.0,326.0,309.0,323.0,3,1,15.666666666666666,14.6,1.5855999999999995,17.449549549549555,30.139639639639615,54.15765765765766,1018.3666666666695,1.1270270270270264,5.0,16.8,18.1,0,0.00000,9,2.0,0,85.0,10.666666666666666,11.4,2.5099800796022267,0.8,4.0,0.0,2.6,4.0,63,11.833333333333334,11.1,6.4,0.3,13,0.0,3,875.2090000000007,,13
2025,1,Melbourne,10,Pierre Gasly,Alpine,9,20,0.421052631578947368421053,1,14,-5,15,75.98,106.949,99.40926666666665,23.712267977527905,0.8840000000000003,288.0,328.0,310.0,329.0,6,1,13.0,13.6,1.374600000000001,15.707865168539323,18.942134831460663,78.42134831460675,1009.9016853932579,3.475280898876404,6.9,15.1,16.6,1,0.32584,7,6.0,0,85.0,10.666666666666666,9.0,6.670832032063167,6.4,32.0,0.4,-1.0,,107,14.0,11.2,10.0,0.6,11,0.0,2,14.731999999999971,,8
2025,2,Shanghai,10,Pierre Gasly,Alpine,16,20,0.789473684210526315789474,0,18,-2,6,91.992,92.31,105.47616666666666,15.305364450631894,1.3510000000000133,282.0,276.0,270.0,331.0,3,1,9.333333333333334,13.0,1.3926000000000016,27.215584415584427,35.81688311688313,18.233766233766232,1010.4227272727292,2.18831168831169,4.3,26.4,28.1,0,0.00000,11,0.0,0,85.0,7.666666666666667,9.2,6.723094525588645,6.2,31.0,0.2,-1.0,0.0,108,12.833333333333334,11.9,9.8,0.5,20,0.0,10,23.065999999999804,,18
2025,3,Suzuka,10,Pierre Gasly,Alpine,11,20,0.526315789473684210526316,0,19,-8,8,87.822,88.771,105.39212500000001,18.413290335573997,0.8389999999999986,287.0,300.0,271.0,299.0,4,1,11.333333333333334,12.8,1.255800000000002,14.42999999999999,20.514285714285716,76.37142857142857,1009.3171428571422,1.2021428571428572,2.4,14.2,14.7,0,0.00000,20,0.0,1,85.0,12.666666666666666,12.6,7.092249290598858,3.2,16.0,0.4,-3.8,0.0,109,14.166666666666666,14.7,3.2,0.6,13,0.0,5,26.019999999999527,,9
2025,4,Sakhir,10,Pierre Gasly,Alpine,5,20,0.210526315789473684210526,1,11,-6,11,90.21600000000001,92.212,104.74009090909091,15.813310510165449,0.375,245.0,273.0,288.0,319.0,6,1,12.0,11.0,1.001600000000002,27.05253164556961,31.87025316455695,45.32911392405063,1008.1253164556957,2.105696202531645,3.6,26.6,27.9,0,0.00000,13,0.0,0,85.0,14.666666666666666,11.2,5.848076606885378,3.2,16.0,0.2,-0.8,0.0,110,15.166666666666666,13.8,3.2,0.4,7,6.0,9,24.904999999999745,,25
2025,5,Jeddah,10,Pierre Gasly,Alpine,9,20,0.421052631578947368421053,1,17,-8,13,88.025,94.74199999999999,103.71400000000001,16.62258046052618,0.7310000000000088,296.0,329.0,312.0,337.0,6,1,10.666666666666666,10.0,0.8582000000000022,29.483802816901413,37.81971830985914,62.725352112676056,1006.7661971830992,1.026056338028169,2.2,28.3,31.7,0,0.00000,7,6.0,0,85.0,13.333333333333334,11.6,5.366563145999495,2.4,12.0,0.2,-2.6,6.0,111,13.666666666666666,13.4,2.4,0.3,20,0.0,0,,,24
2025,6,Miami Gardens,10,Pierre Gasly,Alpine,18,20,0.894736842105263157894737,0,14,4,7,87.71000000000001,114.1,113.30957142857143,26.901568670848565,1.5060000000000002,221.0,191.0,288.0,337.0,3,1,8.333333333333334,10.0,0.8360000000000042,26.573154362416098,38.69060402684562,63.02013422818792,1012.2959731543626,1.0469798657718126,2.4,25.9,28.0,1,0.03356,20,0.0,1,85.0,13.333333333333334,14.2,5.718391382198319,1.2,6.0,0.4,-4.4,6.0,112,14.333333333333334,14.9,1.2,0.4,13,0.0,7,22.088999999999942,,-3
2025,7,Imola,10,Pierre Gasly,Alpine,10,20,0.473684210526315789473684,1,15,-5,10,75.505,76.361,87.93530000000001,13.25914512117747,0.8349999999999937,233.0,263.0,285.0,302.0,6,1,10.666666666666666,11.8,0.9604000000000041,23.964666666666666,42.66399999999999,38.306666666666665,1009.7999999999994,3.2479999999999993,5.0,23.4,24.3,0,0.00000,13,0.0,0,85.0,13.333333333333334,14.6,5.504543577809154,1.2,6.0,0.4,-2.6,6.0,113,15.166666666666666,15.2,1.2,0.4,13,0.0,10,31.521999999999935,,17
2025,8,Monaco,10,Pierre Gasly,Alpine,18,20,0.894736842105263157894737,0,20,-2,9,71.994,93.574,87.33633333333334,13.496030333027564,2.039999999999992,224.0,208.0,270.0,279.0,2,2,12.333333333333334,10.6,0.8572000000000003,22.20937500000001,43.31749999999996,52.51875,1016.7837499999993,0.9793749999999999,2.2,21.3,22.9,0,0.00000,13,0.0,0,85.0,15.333333333333334,13.2,4.604345773288535,1.2,6.0,0.2,-2.4,6.0,114,16.5,14.8,1.2,0.3,20,0.0,0,24.34900000000016,,4
2025,9,Barcelona,10,Pierre Gasly,Alpine,8,20,0.368421052631578947368421,1,19,-11,11,72.199,73.352,90.1710909090909,21.680891708850655,0.6530000000000058,293.0,312.0,295.0,325.0,6,1,15.333333333333334,12.0,1.097399999999999,29.11999999999999,48.54322580645158,54.6258064516129,1002.7716129032251,1.6329032258064524,3.5,28.1,30.0,0,0.00000,20,0.0,1,85.0,15.333333333333334,14.6,5.504543577809154,1.2,6.0,0.4,-2.6,6.0,115,15.833333333333334,15.3,1.2,0.5,8,4.0,12,22.122999999999593,,19
2025,10,Montréal,10,Pierre Gasly,Alpine,20,20,1.000000000000000000000000,0,12,8,9,72.667,88.94,85.69733333333335,12.58374934190919,1.7680000000000007,261.0,283.0,296.0,330.0,3,2,12.0,12.6,1.153,24.036526946107763,49.25329341317365,27.976047904191617,1018.9281437125736,1.0377245508982031,2.9,22.8,25.6,1,0.00599,8,4.0,0,85.0,13.666666666666666,14.8,5.167204273105525,0.8,4.0,0.4,-2.0,10.0,116,14.166666666666666,15.5,0.8,0.5,15,0.0,12,18.125,,2
2025,11,Spielberg,10,Pierre Gasly,Alpine,10,20,0.473684210526315789473684,1,14,-4,13,64.846,73.423,79.93176923076923,15.685025651630529,0.875,317.0,247.0,287.0,319.0,7,2,15.333333333333334,14.8,1.3603999999999985,30.347826086956506,49.16645962732919,31.981366459627328,943.3447204968951,1.6180124223602488,3.7,29.1,31.3,0,0.00000,15,0.0,1,85.0,14.333333333333334,13.8,4.324349662087931,0.8,4.0,0.4,1.2,10.0,117,14.0,14.6,0.8,0.5,13,0.0,10,21.964999999999236,,17
2025,12,Silverstone,10,Pierre Gasly,Alpine,10,20,0.473684210526315789473684,1,20,-10,13,85.711,87.459,100.01907692307694,15.880008057625679,0.8190000000000026,321.0,269.0,256.0,324.0,6,1,12.666666666666666,13.2,1.2341999999999984,17.917419354838703,23.578709677419354,78.3741935483871,988.7767741935467,1.4832258064516135,5.8,16.0,19.6,1,0.18065,13,0.0,1,85.0,12.0,13.8,4.32434966208793,0.8,4.0,0.6,-0.8,10.0,118,13.166666666666666,14.1,0.8,0.6,6,8.0,8,28.462999999999738,,9
2025,13,Spa-Francorchamps,10,Pierre Gasly,Alpine,13,20,0.631578947368421052631579,0,17,-4,9,101.63300000000001,114.092,119.43777777777778,18.7612538811894,1.0710000000000122,339.0,216.0,226.0,318.0,5,1,13.333333333333334,13.2,1.2310000000000003,17.03004484304933,24.090134529147992,84.4439461883408,965.0475336322884,1.446188340807175,3.2,14.5,19.0,1,0.45740,6,8.0,0,85.0,11.333333333333334,12.4,5.594640292279746,2.4,12.0,0.6,0.2,18.0,119,13.666666666666666,13.8,2.4,0.7,10,1.0,3,26.713999999999942,,-2
2025,14,Budapest,10,Pierre Gasly,Alpine,17,20,0.842105263157894736842105,0,14,3,4,75.966,76.723,95.8535,23.92068820776972,1.0759999999999934,282.0,252.0,261.0,309.0,2,1,11.0,12.2,1.0372000000000043,22.08216560509553,32.7299363057325,57.24203821656051,987.1401273885358,2.1509554140127394,3.7,21.6,22.5,0,0.00000,10,1.0,0,85.0,9.666666666666666,10.4,3.646916505762094,2.6,13.0,0.4,1.4,19.0,120,13.833333333333334,13.4,2.6,0.5,19,0.0,13,21.587999999999738,,17
2025,15,Zandvoort,10,Pierre Gasly,Alpine,14,20,0.684210526315789473684211,0,16,-2,10,69.637,70.981,85.2492,16.125189100010925,0.9749999999999943,290.0,282.0,321.0,329.0,5,1,13.333333333333334,14.0,1.1218000000000017,20.077358490566034,27.963522012578633,71.17610062893081,1006.205660377358,2.170440251572328,3.9,19.4,20.7,0,0.00000,19,0.0,1,85.0,11.666666666666666,12.6,4.929503017546495,1.8,9.0,0.6,0.8,19.0,121,15.333333333333334,14.8,1.8,0.7,17,0.0,9,19.17699999999968,,15
2025,16,Monza,10,Pierre Gasly,Alpine,19,20,0.947368421052631578947368,0,18,1,6,80.10300000000001,80.71000000000001,94.90083333333335,16.398150254424024,1.311000000000007,323.0,338.0,315.0,345.0,3,1,14.666666666666666,12.8,0.9632000000000005,26.761111111111102,43.28819444444442,42.604166666666664,996.7527777777791,1.960416666666666,4.0,25.9,27.4,0,0.00000,17,0.0,0,85.0,15.333333333333334,13.0,5.244044240850758,1.8,9.0,0.4,-0.8,19.0,122,15.666666666666666,14.8,1.8,0.5,16,0.0,9,24.961999999999534,,3
2025,17,Baku,10,Pierre Gasly,Alpine,18,20,0.894736842105263157894737,0,16,2,2,103.13900000000001,103.13900000000001,103.32050000000001,0.2566797615707164,2.02200000000002,218.0,222.0,338.0,321.0,2,1,16.666666666666668,14.6,1.050400000000002,20.551923076923092,26.107051282051287,59.833333333333336,1021.1160256410266,1.5070512820512825,2.9,20.3,21.1,0,0.00000,16,0.0,1,85.0,17.333333333333332,13.6,5.412947441089743,1.8,9.0,0.4,0.6,19.0,123,16.333333333333332,15.3,1.8,0.5,18,0.0,4,21.66700000000037,,4
2025,18,Marina Bay,10,Pierre Gasly,Alpine,18,20,0.894736842105263157894737,0,16,2,5,91.261,117.527,118.01880000000001,24.124985382379,2.1029999999999944,312.0,279.0,260.0,304.0,2,1,17.0,16.2,1.2910000000000053,29.072049689440938,33.852173913043515,74.36024844720497,1010.7776397515512,1.1111801242236026,2.2,28.5,29.5,1,0.03727,18,0.0,1,85.0,17.0,16.0,3.5355339059327378,0.2,1.0,0.6,0.2,19.0,124,16.333333333333332,16.4,0.2,0.6,19,0.0,10,25.139000000001033,,12
2025,19,Austin,10,Pierre Gasly,Alpine,14,20,0.684210526315789473684211,0,15,-1,8,93.59899999999999,94.128,108.17387500000001,15.894642120066745,1.0889999999999986,237.0,191.0,211.0,327.0,4,1,18.333333333333332,17.2,1.4974000000000018,28.267532467532465,45.04480519480521,22.532467532467532,1001.1077922077926,2.082467532467532,4.9,26.4,29.3,0,0.00000,19,0.0,1,85.0,17.666666666666668,17.8,1.30384048104053,0.0,0.0,0.8,-0.4,19.0,125,17.5,17.0,0.0,0.8,19,0.0,5,26.515000000000327,,15
2025,20,Mexico City,10,Pierre Gasly,Alpine,18,20,0.894736842105263157894737,0,20,-2,6,77.54599999999999,78.831,91.3415,15.04942546079418,1.9599999999999937,316.0,295.0,253.0,348.0,3,1,16.666666666666668,16.6,1.5000000000000029,26.405555555555555,50.58827160493828,23.234567901234566,780.8888888888889,1.8475308641975292,3.9,25.4,27.1,0,0.00000,19,0.0,1,85.0,18.666666666666668,17.8,1.3038404810405297,0.0,0.0,0.8,-0.8,19.0,126,18.0,16.9,0.0,0.8,15,0.0,8,22.77599999999984,,2
2025,21,São Paulo,10,Pierre Gasly,Alpine,9,19,0.444444444444444444444444,1,18,-9,13,69.857,71.53,83.8026153846154,15.299596195861191,0.34600000000000364,326.0,266.0,331.0,336.0,7,2,16.666666666666668,17.4,1.6970000000000027,17.34802631578948,30.69276315789474,70.57236842105263,929.708552631579,1.5098684210526314,2.9,16.6,18.0,0,0.00000,15,0.0,1,85.0,17.666666666666668,17.4,1.8165902124584947,0.0,0.0,1.0,0.4,19.0,127,17.0,17.2,0.0,1.0,10,1.0,14,23.498000000000502,,19
2025,22,Las Vegas,10,Pierre Gasly,Alpine,10,20,0.473684210526315789473684,1,15,-5,20,111.53999999999999,117.969,120.19565,8.276218748063002,3.6059999999999945,144.0,185.0,313.0,254.0,3,2,13.666666666666666,15.4,1.504000000000002,16.73404255319152,19.529787234042566,37.765957446808514,941.8964539007092,1.436879432624114,2.8,16.3,17.2,0,0.00000,10,1.0,0,85.0,14.666666666666666,16.2,3.834057902536163,0.2,1.0,0.8,-0.6,20.0,128,15.333333333333334,16.4,0.2,0.8,13,0.0,3,23.847000000000207,,10
2025,23,Lusail,10,Pierre Gasly,Alpine,9,20,0.421052631578947368421053,1,20,-11,14,80.324,82.06,97.20249999999999,17.54308613649,0.9369999999999976,256.0,287.0,283.0,326.0,7,1,12.333333333333334,13.8,1.820799999999997,22.59932885906039,28.160402684563756,69.04697986577182,1016.0953020134215,1.2510067114093952,2.7,21.6,23.7,0,0.00000,13,0.0,0,85.0,12.666666666666666,15.2,3.898717737923586,0.2,1.0,0.6,-1.2,20.0,129,14.0,15.5,0.2,0.7,16,0.0,5,30.684000000000196,,21
2025,24,Yas Island,10,Pierre Gasly,Alpine,19,20,0.947368421052631578947368,0,20,-1,7,83.468,114.52799999999999,105.95828571428571,22.40907103320949,1.26100000000001,294.0,323.0,224.0,328.0,3,2,9.333333333333334,12.0,1.5875999999999977,26.67402597402595,31.0616883116883,60.44155844155844,1016.7279220779227,1.5733766233766233,3.2,25.9,27.5,0,0.00000,16,0.0,1,85.0,13.0,14.6,3.361547262794322,0.2,1.0,0.6,-2.6,20.0,130,13.833333333333334,15.0,0.2,0.7,19,0.0,7,22.242999999999483,,7
2026,1,Melbourne,10,Pierre Gasly,Alpine,14,19,0.722222222222222222222222,0,16,-2,14,80.501,97.775,99.88628571428572,16.91574814475267,1.983000000000004,283.0,287.0,302.0,302.0,4,1,12.666666666666666,13.0,1.6219999999999999,24.23445945945945,36.13445945945945,53.97297297297296,1012.5608108108116,2.5614864864864857,4.6,23.1,25.3,0,0.00000,19,0.0,1,85.0,16.0,14.6,3.361547262794322,0.2,1.0,0.6,-1.6,,131,16.166666666666668,15.3,0.2,0.7,10,1.0,5,18.90599999999995,,-2
2026,2,Shanghai,10,Pierre Gasly,Alpine,7,22,0.285714285714285714285714,1,12,-5,15,92.87299999999999,116.61099999999999,108.6412,15.009161774443921,0.8089999999999975,288.0,278.0,277.0,319.0,6,1,14.0,12.2,1.626600000000002,15.572368421052628,22.616447368421053,54.99802631578948,1024.481578947368,2.1934210526315794,4.5,14.9,16.4,0,0.00000,10,1.0,1,85.0,15.0,13.6,3.9115214431215892,0.4,2.0,0.6,-1.4,1.0,132,15.5,14.6,0.4,0.7,6,8.0,6,23.4399999999996,,16
2026,3,Suzuka,10,Pierre Gasly,Alpine,7,22,0.285714285714285714285714,1,15,-8,12,89.691,90.765,105.87849999999999,16.520194311536084,0.9130000000000109,275.0,333.0,270.0,285.0,6,1,13.333333333333334,11.8,1.7192000000000007,18.556410256410274,34.1429487179487,52.49551282051283,1011.7987179487181,1.9506410256410254,3.7,17.3,19.5,0,0.00000,6,8.0,0,85.0,11.666666666666666,12.8,5.06951674225463,1.8,9.0,0.6,-1.0,9.0,133,13.166666666666666,13.7,2.0,0.8,7,6.0,4,24.309000000000196,,14
2026,4,Miami Gardens,10,Pierre Gasly,Alpine,9,22,0.380952380952380952380952,1,8,1,13,88.81,103.256,107.93769230769232,19.163618770927265,1.0120000000000005,222.0,193.0,270.0,327.0,6,1,9.333333333333334,11.2,1.180600000000004,27.125595238095247,37.01190476190477,70.44821428571433,1015.6476190476195,1.1517857142857149,4.8,25.7,28.1,1,0.01786,7,6.0,0,85.0,7.666666666666667,11.6,5.683308895353129,3.0,15.0,0.6,-0.4,15.0,134,10.5,13.2,3.2,0.7,21,0.0,1,,,27
2026,5,Montréal,10,Pierre Gasly,Alpine,14,22,0.619047619047619047619048,0,10,4,15,74.187,91.43,90.39753333333334,12.597248519683445,1.6089999999999947,249.0,290.0,279.0,320.0,4,1,7.666666666666667,11.2,1.1956000000000047,12.848750000000004,17.82749999999999,71.69499999999992,1024.2043749999991,3.0156249999999987,6.2,12.1,13.7,0,0.00000,21,0.0,1,85.0,11.333333333333334,12.6,6.9498201415576215,3.0,15.0,0.6,-1.4,15.0,135,11.166666666666666,13.0,4.4,0.6,8,4.0,5,25.686999999999898,,-3
2026,6,Monte Carlo,10,Pierre Gasly,Alpine,9,22,0.380952380952380952380952,1,14,-5,26,73.226,81.233,85.52634615384616,11.11614590743503,1.1749999999999972,213.0,200.0,267.0,284.0,7,1,10.0,10.2,1.2652000000000014,23.677403846153872,37.976923076923086,62.198557692307695,1021.4403846153845,0.8418269230769228,3.5,22.6,24.5,0,0.00000,8,4.0,1,85.0,12.0,10.4,6.107372593840988,3.8,19.0,0.6,-0.2,19.0,136,10.833333333333334,10.5,6.8,0.6,3,15.0,6,19.703999999999724,,11
2026,7,Barcelona,10,Pierre Gasly,Alpine,14,22,0.619047619047619047619048,0,13,1,8,76.261,77.626,97.8145,26.01838374797987,1.5819999999999936,285.0,290.0,289.0,340.0,4,1,10.666666666666666,9.2,1.1036000000000001,30.529333333333362,50.28666666666666,28.866000000000017,1000.5366666666639,2.5713333333333326,5.2,29.8,31.1,0,0.00000,3,15.0,0,85.0,10.666666666666666,9.0,6.96419413859206,6.6,33.0,0.4,0.2,34.0,137,9.833333333333334,9.8,9.6,0.4,7,6.0,10,22.76000000000022,,2
2020,16,Sakhir,51,Pietro Fittipaldi,Haas F1 Team,20,20,1.000000000000000000000000,0,16,4,8,55.426,68.148,66.770625,9.811012659797884,2.0489999999999995,286.0,265.0,295.0,326.0,3,1,,,,20.947244094488184,23.46929133858268,58.16929133858269,1015.9417322834645,1.9480314960629923,3.4,20.4,22.0,0,0.00000,,,,,,,,,,,,,0,17.333333333333332,15.9,0.4,0.4,17,0.0,6,25.813000000000102,,0
2020,17,Yas Island,51,Pietro Fittipaldi,Haas F1 Team,19,20,0.947368421052631578947368,0,17,2,6,98.173,98.844,107.59866666666666,10.478061608268327,2.9269999999999925,286.0,315.0,220.0,321.0,3,1,20.0,20.0,2.0489999999999995,23.121481481481517,27.980000000000008,55.44666666666665,1015.8474074074076,2.5044444444444425,4.0,22.1,23.7,0,0.00000,17,0.0,0,,17.0,17.0,,0.0,0.0,0.0,3.0,0.0,1,17.333333333333332,16.9,0.0,0.4,19,0.0,5,23.189000000000306,,5
2021,13,Zandvoort,88,Robert Kubica,Alfa Romeo Racing,18,20,0.894736842105263157894737,0,7,11,6,71.301,72.619,82.87516666666667,12.16576337788413,2.415999999999997,280.0,289.0,307.0,314.0,3,1,19.666666666666668,19.8,4.2122500000000045,21.50443037974685,36.10569620253166,54.10822784810126,1021.5056962025316,0.442405063291139,0.9,20.4,22.4,0,0.00000,,,,,,,,,,,,,0,13.666666666666666,13.7,0.2,0.0,15,0.0,7,19.838999999999942,,1
2021,14,Monza,88,Robert Kubica,Alfa Romeo Racing,19,20,0.947368421052631578947368,0,10,9,5,82.53,109.075,102.4306,19.48277763307891,2.9749999999999943,323.0,336.0,313.0,340.0,2,1,19.0,19.4,3.853000000000003,28.885234899328868,43.52751677852349,33.2758389261745,994.4879194630865,0.3429530201342281,0.7,27.8,29.6,0,0.00000,15,0.0,0,,15.0,15.0,,0.0,0.0,0.0,1.0,0.0,1,13.833333333333334,14.0,0.2,0.0,14,0.0,3,29.13299999999981,,-7
2020,1,Spielberg,8,Romain Grosjean,Haas F1 Team,15,20,0.736842105263157894736842,0,16,-1,10,64.691,66.918,77.02990000000001,13.653320446364361,1.7520000000000024,321.0,245.0,289.0,318.0,4,1,13.0,13.4,2.5048000000000057,28.68416666666667,52.02499999999999,33.8325,938.7708333333335,1.8874999999999997,3.6,26.9,30.0,0,0.00000,,,,80.0,,,,,,,,,0,,,,,16,0.0,7,22.96199999999999,,9
2020,2,Spielberg,8,Romain Grosjean,Haas F1 Team,20,20,1.000000000000000000000000,0,15,5,,,,,,,,,,,,,13.0,14.4,2.439200000000004,20.822499999999994,39.92,34.005,945.9099999999996,2.228333333333333,4.5,19.4,22.1,1,0.01667,16,0.0,1,80.0,16.0,16.0,,0.0,0.0,1.0,-1.0,0.0,1,16.5,16.5,0.0,1.0,13,0.0,12,22.44300000000021,,-2
2020,3,Budapest,8,Romain Grosjean,Haas F1 Team,18,20,0.894736842105263157894737,0,16,2,5,76.407,89.962,85.23719999999999,7.555823462733894,2.9599999999999937,282.0,254.0,258.0,306.0,3,1,17.0,14.8,2.0887500000000028,20.74179104477611,27.12985074626864,77.19253731343284,986.3149253731342,1.5597014925373138,2.8,19.9,21.8,1,0.01493,13,0.0,0,80.0,14.5,14.5,2.1213203435596424,0.0,0.0,0.5,-1.0,0.0,2,14.5,14.5,0.0,0.5,16,0.0,5,22.59400000000005,,1
2020,4,Silverstone,8,Romain Grosjean,Haas F1 Team,19,20,0.947368421052631578947368,0,16,3,6,87.31700000000001,87.89,94.21050000000001,7.257183110546403,3.01400000000001,307.0,264.0,252.0,316.0,3,1,17.666666666666668,15.4,2.2965,21.291406249999998,40.63281250000001,44.16796875,998.40859375,3.114062500000001,4.7,20.8,22.1,0,0.00000,16,0.0,0,80.0,15.0,15.0,1.7320508075688772,0.0,0.0,0.3333333333333333,-1.0,0.0,3,14.0,14.0,0.3333333333333333,0.3333333333333333,16,0.0,5,33.801000000000386,,-1
2020,5,Silverstone,8,Romain Grosjean,Haas F1 Team,14,20,0.684210526315789473684211,0,17,-3,11,87.254,94.362,100.45018181818182,15.28170076148713,2.1000000000000085,313.0,269.0,250.0,329.0,5,2,19.0,17.6,2.749500000000003,25.28706896551725,43.22758620689654,58.55603448275865,1000.9508620689652,2.236206896551725,4.3,23.5,26.8,0,0.00000,16,0.0,0,80.0,15.0,15.25,1.5,0.0,0.0,0.25,0.0,0.0,4,14.333333333333334,14.875,0.25,0.375,16,0.0,13,29.045000000000073,,17
2020,6,Barcelona,8,Romain Grosjean,Haas F1 Team,17,20,0.842105263157894736842105,0,16,1,4,78.089,78.145,88.38974999999999,11.932935972201756,2.5049999999999955,288.0,304.0,284.0,319.0,2,1,17.0,17.2,2.4565000000000037,29.796899224806182,47.55581395348835,56.38449612403102,997.7038759689932,1.5449612403100779,2.9,28.6,30.7,0,0.00000,16,0.0,0,80.0,16.0,15.4,1.3416407864998738,0.0,0.0,0.2,-1.0,0.0,5,16.166666666666668,15.5,0.2,0.4,19,0.0,6,23.24199999999928,,10
2020,7,Spa-Francorchamps,8,Romain Grosjean,Haas F1 Team,17,20,0.842105263157894736842105,0,20,-3,3,103.838,105.07300000000001,114.54699999999998,17.489894882474275,2.5859999999999843,328.0,212.0,223.0,304.0,2,1,16.666666666666668,17.6,2.644750000000002,18.568595041322304,29.82396694214875,54.85289256198344,962.4297520661155,1.4652892561983484,3.3,17.4,20.1,0,0.00000,19,0.0,0,80.0,17.0,16.0,2.1213203435596424,0.0,0.0,0.0,-1.3333333333333333,0.0,6,17.5,15.6,0.2,0.2,15,0.0,5,23.664999999999964,,1
2020,8,Monza,8,Romain Grosjean,Haas F1 Team,16,20,0.789473684210526315789474,0,15,1,5,81.139,90.762,90.0126,8.741335041056374,2.2519999999999953,326.0,336.0,314.0,341.0,3,1,16.0,17.0,2.6329999999999982,28.090909090909104,41.20139860139859,40.12447552447552,990.7804195804187,1.5209790209790213,3.1,27.3,28.9,0,0.00000,15,0.0,0,80.0,16.666666666666668,16.4,1.51657508881031,0.0,0.0,0.0,-0.5,0.0,7,17.0,16.3,0.2,0.2,12,0.0,7,25.942000000000007,,-1
2020,9,Mugello,8,Romain Grosjean,Haas F1 Team,15,20,0.736842105263157894736842,0,20,-5,8,77.069,77.584,98.632875,24.186779354713014,1.9249999999999972,274.0,254.0,303.0,311.0,4,1,16.666666666666668,16.6,2.4913999999999987,30.169886363636337,43.10227272727272,39.94431818181818,993.6153409090938,2.36477272727273,4.4,29.6,30.7,0,0.00000,12,0.0,0,80.0,15.333333333333334,15.6,2.5099800796022267,0.0,0.0,0.0,0.4,0.0,8,16.166666666666668,16.8,0.0,0.3,12,0.0,11,23.739000000000487,,5
2020,10,Sochi,8,Romain Grosjean,Haas F1 Team,16,20,0.789473684210526315789474,0,18,-2,4,94.592,94.97999999999999,107.21425,14.602747101715718,3.2879999999999967,272.0,314.0,170.0,323.0,2,1,16.0,15.8,2.273599999999996,28.80606060606062,40.342424242424265,51.36287878787878,1012.878787878789,1.428787878787879,3.2,27.6,30.5,0,0.00000,12,0.0,0,80.0,13.0,14.8,2.9495762407505253,0.0,0.0,0.0,0.8,0.0,9,15.166666666666666,16.1,0.0,0.3,17,0.0,5,27.163000000000466,,7
2020,11,Nürburgring,8,Romain Grosjean,Haas F1 Team,16,20,0.789473684210526315789474,0,15,1,8,87.118,88.97,100.406375,13.929745182137603,1.8489999999999895,268.0,238.0,257.0,309.0,2,1,15.666666666666666,16.2,2.511199999999994,9.499999999999998,16.36020408163265,59.40408163265304,947.35918367347,1.6173469387755104,3.1,8.9,9.9,1,0.02041,17,0.0,0,80.0,13.666666666666666,15.0,3.082207001484488,0.0,0.0,0.0,1.2,0.0,10,14.666666666666666,15.4,0.0,0.2,9,2.0,16,23.634999999999764,,4
2020,12,Portimão,8,Romain Grosjean,Haas F1 Team,18,20,0.894736842105263157894737,0,19,-1,10,78.364,79.846,87.6373,10.302664380850441,1.8979999999999961,276.0,195.0,306.0,322.0,2,1,15.666666666666666,16.0,2.379999999999993,20.505468749999977,25.71562499999998,67.52812500000002,1007.3406250000008,4.0406249999999995,7.0,20.0,21.0,0,0.00000,9,2.0,0,80.0,12.666666666666666,13.0,3.082207001484488,0.4,2.0,0.0,3.0,2.0,11,13.166666666666666,14.2,0.4,0.2,17,0.0,10,26.954000000000633,,8
2020,13,Imola,8,Romain Grosjean,Haas F1 Team,16,20,0.789473684210526315789474,0,17,-1,8,75.918,76.571,89.870125,15.45947200574549,2.3090000000000117,229.0,262.0,282.0,295.0,2,1,16.666666666666668,16.2,2.242399999999995,18.030400000000004,23.26079999999999,71.13680000000001,1017.8919999999997,1.3415999999999992,3.1,16.9,18.5,0,0.00000,17,0.0,0,80.0,14.333333333333334,13.4,3.507135583350036,0.4,2.0,0.0,2.8,2.0,12,14.0,14.3,0.4,0.2,14,0.0,3,30.101000000000113,,-1
2020,14,Istanbul,8,Romain Grosjean,Haas F1 Team,19,20,0.947368421052631578947368,0,16,3,2,132.909,132.909,135.4035,3.527755731339689,25.14399999999999,202.0,243.0,170.0,199.0,1,1,16.666666666666668,16.2,2.2537999999999982,13.095683453237404,15.20575539568346,80.16115107913672,1008.4964028776968,1.066187050359712,2.7,12.1,13.8,1,0.04317,14,0.0,0,80.0,13.333333333333334,13.8,3.420526275297414,0.4,2.0,0.0,2.4,2.0,13,14.5,14.4,0.4,0.2,18,0.0,5,26.65099999999984,,3
2020,15,Sakhir,8,Romain Grosjean,Haas F1 Team,19,20,0.947368421052631578947368,0,18,1,4,90.138,90.554,103.38125000000002,15.161170169768122,2.8740000000000094,244.0,270.0,290.0,319.0,2,1,17.666666666666668,17.0,6.897599999999997,25.09907407407409,27.54814814814815,67.8472222222222,1015.8972222222209,0.8430555555555546,1.8,24.4,26.6,0,0.00000,18,0.0,1,80.0,16.333333333333332,15.0,3.6742346141747673,0.4,2.0,0.2,1.6,2.0,14,16.666666666666668,15.1,0.4,0.3,20,0.0,0,,,2
2020,1,Spielberg,5,Sebastian Vettel,Ferrari,11,20,0.526315789473684210526316,0,7,4,9,64.206,74.30199999999999,79.66633333333334,18.39493526082655,1.267000000000003,314.0,250.0,287.0,313.0,4,1,3.0,2.6,0.2224000000000018,28.68416666666667,52.02499999999999,33.8325,938.7708333333335,1.8874999999999997,3.6,26.9,30.0,0,0.00000,,,,89.0,,,,,,,,,0,,,,,10,1.0,11,19.231000000000677,,10
2020,2,Spielberg,5,Sebastian Vettel,Ferrari,10,20,0.473684210526315789473684,1,11,-1,28,79.545,83.834,87.34864285714286,10.933988866575248,1.7199999999999989,289.0,217.0,262.0,290.0,5,1,6.0,4.6,0.4758000000000024,20.822499999999994,39.92,34.005,945.9099999999996,2.228333333333333,4.5,19.4,22.1,1,0.01667,10,1.0,0,89.0,10.0,10.0,,1.0,1.0,0.0,1.0,1.0,1,6.0,6.0,19.0,0.0,20,0.0,0,,,21
2020,3,Budapest,5,Sebastian Vettel,Ferrari,5,20,0.210526315789473684210526,1,6,-1,13,74.774,81.905,86.79476923076922,13.20356162905705,1.3269999999999982,283.0,259.0,259.0,303.0,6,1,8.666666666666666,6.0,0.7374000000000009,20.74179104477611,27.12985074626864,77.19253731343284,986.3149253731342,1.5597014925373138,2.8,19.9,21.8,1,0.01493,20,0.0,1,89.0,15.0,15.0,7.0710678118654755,0.5,1.0,0.5,-4.5,1.0,2,12.75,12.75,9.5,0.5,6,8.0,8,21.880999999999403,,24
2020,4,Silverstone,5,Sebastian Vettel,Ferrari,10,20,0.473684210526315789473684,1,4,6,13,86.077,87.023,99.33130769230772,17.248817695640355,1.774000000000001,314.0,265.0,257.0,316.0,6,2,8.666666666666666,6.6,1.0004000000000004,21.291406249999998,40.63281250000001,44.16796875,998.40859375,3.114062500000001,4.7,20.8,22.1,0,0.00000,6,8.0,0,89.0,12.0,12.0,7.211102550927978,3.0,9.0,0.3333333333333333,-3.3333333333333335,9.0,3,11.333333333333334,11.333333333333334,9.0,0.3333333333333333,10,1.0,2,29.43199999999979,,4
2020,5,Silverstone,5,Sebastian Vettel,Ferrari,12,20,0.578947368421052631578947,0,8,4,9,87.078,88.287,99.11655555555554,14.145497809472023,1.9240000000000066,316.0,269.0,252.0,331.0,4,2,8.333333333333334,8.2,1.3296000000000006,25.28706896551725,43.22758620689654,58.55603448275865,1000.9508620689652,2.236206896551725,4.3,23.5,26.8,0,0.00000,10,1.0,0,89.0,12.0,11.5,5.972157622389639,2.5,10.0,0.25,-2.5,10.0,4,11.5,10.125,10.75,0.25,12,0.0,15,28.140000000000327,,15
2020,6,Barcelona,5,Sebastian Vettel,Ferrari,11,20,0.526315789473684210526316,0,9,2,8,77.168,77.9,88.59525000000001,12.147611378961942,1.5840000000000032,288.0,301.0,286.0,319.0,4,1,9.0,9.6,1.6024000000000016,29.796899224806182,47.55581395348835,56.38449612403102,997.7038759689932,1.5449612403100779,2.9,28.6,30.7,0,0.00000,12,0.0,0,89.0,9.333333333333334,11.6,5.176871642217914,2.0,10.0,0.2,-2.2,10.0,5,7.666666666666667,9.7,11.0,0.2,7,6.0,10,21.842000000000553,,8
2020,7,Spa-Francorchamps,5,Sebastian Vettel,Ferrari,14,20,0.684210526315789473684211,0,13,1,8,103.261,104.554,118.89349999999999,17.240022074894714,2.008999999999986,331.0,215.0,226.0,308.0,4,1,11.0,9.6,1.6658000000000015,18.568595041322304,29.82396694214875,54.85289256198344,962.4297520661155,1.4652892561983484,3.3,17.4,20.1,0,0.00000,7,6.0,0,89.0,9.666666666666666,11.0,5.5677643628300215,3.0,15.0,0.2,-1.6,16.0,6,9.333333333333334,11.2,8.4,0.3,13,0.0,3,22.994000000000142,,1
2020,8,Monza,5,Sebastian Vettel,Ferrari,17,20,0.842105263157894736842105,0,13,4,3,81.151,86.944,90.601,11.714725733025078,2.263999999999996,329.0,340.0,309.0,334.0,2,1,12.333333333333334,10.4,1.723599999999999,28.090909090909104,41.20139860139859,40.12447552447552,990.7804195804187,1.5209790209790213,3.1,27.3,28.9,0,0.00000,13,0.0,0,89.0,10.666666666666666,9.6,3.0495901363953815,3.0,15.0,0.0,0.6,16.0,7,11.666666666666666,10.0,8.4,0.1,20,0.0,1,,,7
2020,9,Mugello,5,Sebastian Vettel,Ferrari,14,20,0.684210526315789473684211,0,5,9,7,76.858,77.343,98.72999999999999,28.638422867422943,1.7139999999999986,276.0,257.0,304.0,308.0,4,1,14.0,12.8,1.9109999999999985,30.169886363636337,43.10227272727272,39.94431818181818,993.6153409090938,2.36477272727273,4.4,29.6,30.7,0,0.00000,20,0.0,1,89.0,13.333333333333334,12.4,4.8270073544588685,1.4,7.0,0.2,0.2,16.0,8,15.333333333333334,12.1,6.8,0.3,10,1.0,9,17.524999999999636,,2
2020,10,Sochi,5,Sebastian Vettel,Ferrari,15,20,0.736842105263157894736842,0,11,4,6,93.60900000000001,94.72999999999999,108.11916666666666,15.409606346907978,2.305000000000007,269.0,314.0,170.0,320.0,3,1,15.0,13.6,1.898999999999998,28.80606060606062,40.342424242424265,51.36287878787878,1012.878787878789,1.428787878787879,3.2,27.6,30.5,0,0.00000,10,1.0,0,89.0,14.333333333333334,12.4,4.8270073544588685,1.4,7.0,0.2,1.0,17.0,9,13.833333333333334,12.6,4.6,0.3,13,0.0,7,29.342000000000553,,3
2020,11,Nürburgring,5,Sebastian Vettel,Ferrari,11,20,0.526315789473684210526316,0,4,7,12,86.738,87.826,101.68633333333334,15.445325973388922,1.468999999999994,269.0,240.0,258.0,310.0,4,2,15.333333333333334,14.2,1.975199999999998,9.499999999999998,16.36020408163265,59.40408163265304,947.35918367347,1.6173469387755104,3.1,8.9,9.9,1,0.02041,13,0.0,0,89.0,14.333333333333334,12.6,4.8270073544588685,1.4,7.0,0.2,1.4,17.0,10,12.5,12.9,3.8,0.3,11,0.0,15,22.567000000000007,,15
2020,12,Portimão,5,Sebastian Vettel,Ferrari,15,20,0.736842105263157894736842,0,4,11,16,77.446,90.28,89.28724999999999,9.67480365692245,0.9799999999999898,279.0,201.0,307.0,325.0,4,2,13.333333333333334,14.2,1.9521999999999964,20.505468749999977,25.71562499999998,67.52812500000002,1007.3406250000008,4.0406249999999995,7.0,20.0,21.0,0,0.00000,11,0.0,0,89.0,11.333333333333334,13.4,3.9115214431215892,0.2,1.0,0.2,0.6,17.0,11,9.166666666666666,12.0,3.8,0.2,10,1.0,11,24.006000000000313,,2
2020,13,Imola,5,Sebastian Vettel,Ferrari,14,20,0.684210526315789473684211,0,7,7,16,75.274,76.475,88.81693750000001,14.062322271321332,1.6650000000000063,234.0,261.0,282.0,296.0,4,2,13.666666666666666,14.4,1.746399999999997,18.030400000000004,23.26079999999999,71.13680000000001,1017.8919999999997,1.3415999999999992,3.1,16.9,18.5,0,0.00000,10,1.0,0,89.0,11.333333333333334,12.8,4.207136793592526,0.4,2.0,0.2,1.4,18.0,12,8.5,10.7,6.4,0.2,12,0.0,10,29.8799999999992,,6
2020,14,Istanbul,5,Sebastian Vettel,Ferrari,12,20,0.578947368421052631578947,0,14,-2,12,115.169,123.30799999999999,124.01700000000001,6.692712169353926,7.403999999999996,251.0,268.0,207.0,240.0,3,2,13.333333333333334,13.8,1.6265999999999992,13.095683453237404,15.20575539568346,80.16115107913672,1008.4964028776968,1.066187050359712,2.7,12.1,13.8,1,0.04317,12,0.0,0,89.0,11.0,11.2,1.30384048104053,0.4,2.0,0.0,2.4,18.0,13,8.166666666666666,8.6,8.4,0.0,3,15.0,7,24.031999999999698,,4
2020,15,Sakhir,5,Sebastian Vettel,Ferrari,11,20,0.526315789473684210526316,0,12,-1,6,89.142,89.718,104.48533333333334,16.891789682170053,1.8780000000000001,244.0,271.0,292.0,318.0,3,2,13.666666666666666,13.4,2.764599999999999,25.09907407407409,27.54814814814815,67.8472222222222,1015.8972222222209,0.8430555555555546,1.8,24.4,26.6,0,0.00000,3,15.0,0,89.0,8.333333333333334,9.8,3.96232255123179,3.2,16.0,0.0,3.2,33.0,14,6.333333333333333,7.5,12.8,0.0,13,0.0,12,25.496000000001004,,16
2020,16,Sakhir,5,Sebastian Vettel,Ferrari,13,20,0.631578947368421052631579,0,4,9,12,54.175,58.382,64.97783333333332,10.541855717552625,0.7979999999999947,289.0,269.0,296.0,326.0,5,2,12.333333333333334,12.6,2.679199999999997,20.947244094488184,23.46929133858268,58.16929133858269,1015.9417322834645,1.9480314960629923,3.4,20.4,22.0,0,0.00000,13,0.0,0,89.0,9.333333333333334,9.8,3.96232255123179,3.2,16.0,0.0,2.6,33.0,15,7.833333333333333,7.9,11.4,0.0,12,0.0,7,24.902000000000044,,5
2020,17,Yas Island,5,Sebastian Vettel,Ferrari,13,20,0.631578947368421052631579,0,9,4,8,96.631,97.063,111.73325,16.456567371200386,1.384999999999991,283.0,314.0,224.0,318.0,4,2,12.0,13.0,2.5449999999999973,23.121481481481517,27.980000000000008,55.44666666666665,1015.8474074074076,2.5044444444444425,4.0,22.1,23.7,0,0.00000,12,0.0,0,89.0,9.333333333333334,10.0,4.06201920231798,3.2,16.0,0.0,2.8,33.0,16,10.333333333333334,9.3,10.2,0.1,14,0.0,3,22.03099999999995,,5
2021,1,Sakhir,5,Sebastian Vettel,Aston Martin,18,20,0.894736842105263157894737,0,10,8,4,92.056,92.06700000000001,105.58550000000001,15.858509566370566,3.0589999999999975,242.0,267.0,290.0,323.0,2,1,12.333333333333334,12.6,2.6259999999999977,20.538345864661654,27.627819548872182,54.51729323308271,1014.9105263157908,0.8872180451127818,1.4,20.4,20.9,0,0.00000,14,0.0,0,89.0,13.0,10.8,4.43846820423443,3.0,15.0,0.0,1.6,,17,,,,,15,0.0,11,24.60400000000027,,5
2021,2,Imola,5,Sebastian Vettel,Aston Martin,13,20,0.631578947368421052631579,0,10,3,8,75.394,75.917,85.7345,10.902175444771167,0.9830000000000041,232.0,262.0,288.0,292.0,4,1,14.666666666666666,13.4,2.904799999999996,10.621118012422354,16.827329192546586,69.48881987577641,1011.2527950310558,0.4788819875776397,1.1,9.2,12.3,1,0.40994,15,0.0,0,89.0,13.666666666666666,11.4,4.8270073544588685,3.0,15.0,0.0,2.2,0.0,18,12.5,12.5,1.0,0.0,15,0.0,10,31.49000000000069,,14
2021,3,Portimão,5,Sebastian Vettel,Aston Martin,10,20,0.473684210526315789473684,1,17,-7,15,78.97,80.186,88.18293333333334,9.68843758940571,1.0019999999999953,290.0,199.0,295.0,321.0,6,1,14.666666666666666,13.6,1.6205999999999974,19.39253731343283,38.9507462686567,39.40373134328356,1004.8134328358209,0.8373134328358207,1.4,18.1,20.0,0,0.00000,15,0.0,1,89.0,14.666666666666666,13.8,1.3038404810405297,0.0,0.0,0.2,0.75,0.0,19,12.0,12.0,2.5,0.25,13,0.0,5,21.103999999999814,,12
2021,4,Barcelona,5,Sebastian Vettel,Aston Martin,13,20,0.631578947368421052631579,0,11,2,8,78.07900000000001,78.895,90.92362500000002,13.79178150657122,1.338000000000008,289.0,302.0,286.0,319.0,4,1,13.666666666666666,13.4,1.4453999999999965,22.203076923076917,32.92230769230769,57.55307692307693,993.5746153846156,0.4576923076923076,0.9,21.3,23.5,0,0.00000,13,0.0,0,89.0,14.333333333333334,13.8,1.30384048104053,0.0,0.0,0.2,0.5,0.0,20,12.5,12.5,1.6666666666666667,0.16666666666666666,13,0.0,10,21.842999999999847,,10
2021,5,Monte Carlo,5,Sebastian Vettel,Aston Martin,8,19,0.388888888888888888888889,1,13,-5,21,71.309,79.76,82.4782380952381,10.751190705706794,0.9629999999999939,220.0,209.0,275.0,286.0,5,1,12.0,13.4,1.5533999999999992,20.760740740740758,37.59555555555557,61.42444444444447,1015.5711111111107,0.31629629629629613,0.6,20.3,21.5,0,0.00000,13,0.0,0,89.0,13.666666666666666,14.0,0.9999999999999998,0.0,0.0,0.2,0.25,0.0,21,12.333333333333334,12.375,1.25,0.125,5,10.0,2,24.347999999999956,,9
2021,6,Baku,5,Sebastian Vettel,Aston Martin,11,20,0.526315789473684210526316,0,19,-8,7,102.22399999999999,103.02799999999999,114.9282857142857,15.980157912385035,1.005999999999986,223.0,221.0,330.0,317.0,3,1,10.333333333333334,12.4,1.4689999999999999,24.170930232558128,38.31453488372088,55.805232558139544,1014.7308139534875,0.2837209302325581,0.8,22.9,25.5,0,0.00000,5,10.0,0,89.0,10.333333333333334,12.2,4.147288270665544,2.0,10.0,0.2,1.25,10.0,22,10.666666666666666,11.2,3.8,0.1,2,18.0,11,14.920000000000073,,11
2021,7,Le Castellet,5,Sebastian Vettel,Aston Martin,12,20,0.578947368421052631578947,0,19,-7,6,91.767,92.74199999999999,112.49833333333333,22.98365540697708,1.777000000000001,123.0,281.0,303.0,323.0,4,2,10.666666666666666,11.0,1.0583999999999976,25.314399999999992,35.22879999999999,58.63039999999999,960.6376,1.1655999999999997,1.8,23.8,27.4,0,0.00000,2,18.0,0,89.0,6.666666666666667,9.6,5.727128425310541,5.6,28.0,0.2,2.25,28.0,23,9.666666666666666,10.8,7.2,0.2,9,2.0,8,31.311000000000604,,4
2021,8,Spielberg,5,Sebastian Vettel,Aston Martin,14,20,0.684210526315789473684211,0,10,4,11,64.711,80.932,81.10063636363635,17.562383393336606,0.8699999999999974,316.0,247.0,289.0,312.0,4,1,10.333333333333334,10.8,1.217199999999997,26.692372881355922,52.352542372881345,33.24661016949152,938.4771186440671,0.3677966101694914,1.2,26.0,27.3,0,0.00000,9,2.0,0,89.0,5.333333333333333,8.4,4.878524367060187,6.0,30.0,0.0,2.4,30.0,24,8.833333333333334,10.4,7.0,0.1,12,0.0,7,21.238000000000284,,3
2021,9,Spielberg,5,Sebastian Vettel,Aston Martin,8,20,0.368421052631578947368421,1,10,-2,13,64.493,81.344,79.81176923076922,16.861172093273183,0.7729999999999961,316.0,249.0,289.0,314.0,6,2,12.333333333333334,11.6,1.1907999999999972,20.966025641025656,33.18397435897434,49.730769230769255,934.7211538461531,0.348076923076923,0.9,19.0,22.6,1,0.03846,12,0.0,0,89.0,7.666666666666667,8.2,4.658325879540846,6.0,30.0,0.0,3.4,30.0,25,10.0,9.7,7.8,0.1,17,0.0,11,20.564000000000306,,32
2021,10,Silverstone,5,Sebastian Vettel,Aston Martin,10,20,0.473684210526315789473684,1,15,-5,10,87.10300000000001,88.327,99.64389999999999,13.29891002592986,1.0800000000000125,318.0,272.0,254.0,328.0,5,1,11.333333333333334,10.6,1.077799999999995,29.4,50.931521739130446,37.20217391304347,1007.2461956521738,0.317934782608696,0.8,28.4,30.1,0,0.00000,17,0.0,1,89.0,12.666666666666666,9.0,5.873670062235365,6.0,30.0,0.2,2.2,30.0,26,11.5,10.3,7.8,0.2,19,0.0,2,28.48199999999997,,21
2021,11,Budapest,5,Sebastian Vettel,Aston Martin,10,20,0.473684210526315789473684,1,12,-2,9,76.75,77.666,87.99244444444444,13.142969499994198,1.331000000000003,282.0,253.0,260.0,304.0,5,1,10.666666666666666,11.0,1.1011999999999986,27.22670157068063,37.82251308900524,68.61570680628276,977.6308900523562,0.5675392670157061,1.2,25.7,29.1,1,0.30366,19,0.0,1,89.0,16.0,11.8,6.760177512462229,4.0,20.0,0.4,-0.6,30.0,27,12.833333333333334,11.7,5.8,0.3,20,0.0,3,22.691999999999098,,24
2021,12,Spa-Francorchamps,5,Sebastian Vettel,Aston Martin,5,20,0.210526315789473684210526,1,15,-10,13,116.814,126.051,129.71184615384615,11.261161528650536,0.7889999999999873,309.0,187.0,218.0,305.0,5,2,9.333333333333334,10.8,1.1662000000000021,13.012413793103491,15.258620689655164,96.4358620689655,970.2217241379296,0.5113793103448276,1.0,12.4,13.4,1,0.84138,20,0.0,1,89.0,18.666666666666668,15.4,4.722287581247038,0.4,2.0,0.6,-4.4,30.0,28,16.0,13.5,2.2,0.4,5,5.0,0,15379.164,,16
2021,13,Zandvoort,5,Sebastian Vettel,Aston Martin,17,20,0.842105263157894736842105,0,12,5,5,70.731,84.169,89.1794,19.514982841396506,1.8459999999999894,276.0,288.0,303.0,316.0,2,1,8.333333333333334,9.4,0.9685999999999992,21.50443037974685,36.10569620253166,54.10822784810126,1021.5056962025316,0.442405063291139,0.9,20.4,22.4,0,0.00000,5,5.0,0,89.0,14.666666666666666,14.6,6.18869937870632,1.0,5.0,0.6,-5.0,35.0,29,15.166666666666666,14.1,2.6,0.4,13,0.0,9,17.073999999999614,,1
2021,14,Monza,5,Sebastian Vettel,Aston Martin,11,20,0.526315789473684210526316,0,12,-1,10,80.913,86.468,97.1684,18.58893638819727,1.3579999999999899,317.0,327.0,308.0,334.0,4,1,10.666666666666666,10.0,1.1637999999999977,28.885234899328868,43.52751677852349,33.2758389261745,994.4879194630865,0.3429530201342281,0.7,27.8,29.6,0,0.00000,13,0.0,0,89.0,12.666666666666666,14.8,6.099180272790763,1.0,5.0,0.6,-5.0,35.0,30,14.833333333333334,14.6,1.8,0.4,12,0.0,2,24.853000000000065,,4
2021,15,Sochi,5,Sebastian Vettel,Aston Martin,11,20,0.526315789473684210526316,0,8,3,16,106.57300000000001,111.009,117.37068750000002,12.014500287673222,4.5800000000000125,255.0,297.0,150.0,298.0,2,1,11.0,10.6,1.2807999999999964,19.13860759493674,21.75696202531647,61.94746835443034,1023.1310126582275,0.29050632911392416,0.9,17.4,19.5,1,0.10127,12,0.0,0,89.0,10.0,13.8,6.058052492344385,1.0,5.0,0.4,-4.0,35.0,31,11.5,13.5,3.0,0.3,12,0.0,11,29.238000000000284,,13
2021,16,Istanbul,5,Sebastian Vettel,Aston Martin,11,20,0.526315789473684210526316,0,9,2,15,84.795,96.146,97.13086666666666,11.358362991122233,1.9270000000000067,280.0,295.0,254.0,327.0,4,2,13.0,10.8,1.9807999999999963,15.825477707006387,18.180891719745237,93.52484076433116,1006.4101910828001,0.4866242038216559,0.8,15.5,16.1,0,0.00000,12,0.0,0,89.0,12.333333333333334,12.4,5.319774431308154,1.0,5.0,0.2,-2.2,35.0,32,11.166666666666666,13.1,2.2,0.2,18,0.0,2,23.493000000000393,,16
2021,17,Austin,5,Sebastian Vettel,Aston Martin,12,20,0.578947368421052631578947,0,16,-4,6,95.281,95.712,106.81466666666665,12.481632868606042,2.3710000000000093,231.0,194.0,214.0,319.0,3,1,11.0,11.0,2.099999999999997,28.148447204968935,37.470807453416164,61.19254658385094,992.1298136645961,0.8540372670807448,1.5,26.4,29.5,0,0.00000,18,0.0,0,89.0,14.0,12.0,4.636809247747852,1.0,5.0,0.0,-1.8,35.0,33,11.5,11.9,2.6,0.0,10,1.0,14,23.875999999999294,,11
2021,18,Mexico City,5,Sebastian Vettel,Aston Martin,11,20,0.526315789473684210526316,0,20,-9,10,77.502,78.799,87.40259999999999,10.430958890618719,1.6269999999999953,316.0,298.0,257.0,346.0,5,2,11.333333333333334,12.4,2.4164000000000017,21.20670731707316,47.57926829268294,31.2109756097561,784.2134146341465,0.3664634146341462,0.8,19.2,23.2,0,0.00000,10,1.0,0,89.0,13.333333333333334,13.0,3.0,0.2,1.0,0.0,-0.2,36.0,34,12.0,11.6,1.8,0.0,7,6.0,5,22.590000000000146,,3
2021,19,São Paulo,5,Sebastian Vettel,Aston Martin,12,20,0.578947368421052631578947,0,16,-4,11,69.399,86.806,83.89390909090908,14.633179404726409,1.4650000000000034,318.0,263.0,321.0,316.0,4,1,11.333333333333334,11.2,2.372600000000003,23.137341772151892,51.56139240506331,60.10126582278483,926.9303797468358,0.39177215189873377,0.8,22.5,24.0,0,0.00000,7,6.0,0,89.0,11.666666666666666,11.8,4.024922359499621,1.4,7.0,0.0,-0.2,42.0,35,11.666666666666666,11.2,3.0,0.0,11,0.0,7,18.13299999999981,,5
2021,20,Lusail,5,Sebastian Vettel,Aston Martin,10,20,0.473684210526315789473684,1,12,-2,15,82.146,114.521,106.07546666666666,23.307282304239674,1.3190000000000026,251.0,280.0,318.0,322.0,5,1,11.666666666666666,11.4,2.3940000000000055,26.41513157894735,30.603289473684203,75.54013157894735,1012.3072368421057,0.4230263157894732,0.8,26.0,27.4,1,0.01974,11,0.0,0,89.0,9.333333333333334,11.6,4.03732584763727,1.4,7.0,0.0,-0.4,42.0,36,12.333333333333334,12.4,1.8,0.1,10,1.0,15,25.729999999999563,,17
2021,21,Jeddah,5,Sebastian Vettel,Aston Martin,17,20,0.842105263157894736842105,0,18,-1,8,89.19800000000001,90.389,110.316875,25.53979089542714,1.6870000000000118,291.0,315.0,304.0,320.0,2,1,11.0,11.2,1.7418000000000036,28.816062176165733,31.684974093264252,76.20310880829015,1013.7974093264247,0.2715025906735748,0.6,28.5,29.2,0,0.00000,10,1.0,0,89.0,9.333333333333334,11.2,4.086563348340509,1.6,8.0,0.0,0.0,43.0,37,11.333333333333334,11.7,3.6,0.1,16,0.0,3,1012.3229999999994,,1
2021,22,Yas Island,5,Sebastian Vettel,Aston Martin,15,20,0.736842105263157894736842,0,13,2,13,84.225,111.251,102.94584615384616,15.97798007074191,2.1159999999999854,288.0,318.0,225.0,321.0,4,1,13.0,12.4,1.6938000000000044,24.51910828025481,28.46560509554141,59.05477707006371,1017.7108280254776,0.41464968152866166,0.7,23.5,25.7,0,0.00000,16,0.0,1,89.0,12.333333333333334,10.8,3.2710854467592254,1.6,8.0,0.2,1.8,43.0,38,12.333333333333334,11.7,3.2,0.2,11,0.0,10,21.23700000000008,,2
2022,3,Melbourne,5,Sebastian Vettel,Aston Martin,18,20,0.894736842105263157894737,0,20,-2,2,81.149,81.149,94.7595,19.248153690679015,3.281000000000006,279.0,299.0,299.0,313.0,1,1,14.0,13.0,1.6427999999999998,26.697435897435888,37.40833333333329,43.65384615384615,1014.2461538461532,1.8128205128205122,4.4,25.8,27.4,0,0.00000,11,0.0,0,85.0,12.333333333333334,11.0,3.2403703492039297,1.4,7.0,0.2,1.0,,39,13.0,12.1,1.8,0.1,19,0.0,7,,,9
2022,4,Imola,5,Sebastian Vettel,Aston Martin,9,20,0.421052631578947368421053,1,15,-6,13,79.957,92.494,91.64853846153845,8.495744568266561,1.2789999999999964,220.0,259.0,274.0,296.0,6,2,16.666666666666668,14.4,1.9736000000000018,12.899367088607601,17.418987341772137,83.17088607594937,1001.0386075949358,1.4822784810126568,2.5,11.1,14.2,0,0.00000,19,0.0,1,85.0,15.333333333333334,13.4,3.9115214431215892,0.2,1.0,0.4,0.2,0.0,40,14.166666666666666,13.6,0.0,0.2,8,4.0,2,30.485999999999876,,6
2022,5,Miami,5,Sebastian Vettel,Aston Martin,13,20,0.631578947368421052631579,0,10,3,10,90.214,92.212,106.31799999999998,17.577526029943275,1.4180000000000064,224.0,192.0,287.0,325.0,5,1,14.0,13.8,1.9364000000000003,30.61728395061729,42.81975308641976,58.858024691358025,1009.3049382716049,2.26728395061728,5.0,29.4,32.3,1,0.05556,8,4.0,0,85.0,12.666666666666666,12.8,4.54972526643093,1.0,5.0,0.4,1.6,4.0,41,12.333333333333334,12.7,1.0,0.1,17,0.0,12,19.860999999999876,,20
2022,6,Barcelona,5,Sebastian Vettel,Aston Martin,16,20,0.789473684210526315789474,0,18,-2,4,80.95400000000001,81.271,93.73325,14.5892075949998,2.2040000000000077,289.0,297.0,279.0,318.0,2,1,13.333333333333334,14.4,1.9562000000000013,36.56585365853659,48.95731707317072,7.109756097560975,996.0158536585362,3.4884146341463396,5.5,35.9,37.2,0,0.00000,17,0.0,1,85.0,14.666666666666666,14.2,4.54972526643093,0.8,4.0,0.6,2.0,4.0,42,12.666666666666666,13.0,1.2,0.2,11,0.0,16,22.46900000000005,,6
2022,7,Monaco,5,Sebastian Vettel,Aston Martin,9,20,0.421052631578947368421053,1,18,-9,21,72.613,86.47,86.31266666666667,11.734202880184633,1.2369999999999948,214.0,202.0,272.0,284.0,7,1,12.666666666666666,14.2,2.0596000000000005,22.274693877550995,31.038367346938788,75.66530612244898,1002.9922448979627,0.9902040816326523,3.2,20.9,24.3,1,0.43673,11,0.0,0,85.0,12.0,13.2,4.604345773288535,0.8,4.0,0.4,3.0,4.0,43,11.833333333333334,12.7,1.2,0.2,10,1.0,7,24.94499999999971,,12
2022,8,Baku,5,Sebastian Vettel,Aston Martin,9,20,0.421052631578947368421053,1,19,-10,12,103.09100000000001,109.666,122.347,19.04002373470637,1.7319999999999993,217.0,238.0,342.0,323.0,5,1,12.666666666666666,13.0,1.8838000000000021,25.435403726708074,47.149689440993804,59.49068322981366,1009.9012422360254,1.5291925465838494,2.9,24.9,26.1,0,0.00000,10,1.0,0,85.0,12.666666666666666,13.0,4.743416490252569,1.0,5.0,0.4,1.75,5.0,44,12.833333333333334,12.6,1.4,0.2,6,8.0,6,20.217000000000553,,10
2022,9,Montréal,5,Sebastian Vettel,Aston Martin,17,20,0.842105263157894736842105,0,18,-1,11,94.512,99.503,103.469,9.892890245019398,13.212999999999994,207.0,267.0,270.0,297.0,2,1,11.333333333333334,11.2,1.574000000000001,20.762962962962966,41.261111111111084,28.925925925925927,1012.4012345679009,3.5524691358024683,5.6,18.8,22.3,0,0.00000,6,8.0,0,85.0,9.0,10.4,4.159326868617084,2.6,13.0,0.2,3.0,13.0,45,12.0,11.7,3.0,0.2,12,0.0,8,23.40099999999984,,-2
2022,10,Silverstone,5,Sebastian Vettel,Aston Martin,18,20,0.894736842105263157894737,0,20,-2,7,102.666,105.741,114.52885714285715,15.60916192954821,3.537000000000006,291.0,241.0,227.0,294.0,2,1,11.666666666666666,12.8,3.9608000000000003,18.253201970443335,30.026108374384233,59.748768472906406,1002.3581280788169,1.4561576354679806,3.9,17.5,19.2,1,0.04433,12,0.0,0,85.0,9.333333333333334,11.2,3.96232255123179,1.8,9.0,0.2,2.75,13.0,46,11.333333333333334,12.1,2.2,0.2,9,2.0,9,28.584000000000742,,-7
2022,11,Spielberg,5,Sebastian Vettel,Aston Martin,20,20,1.000000000000000000000000,0,17,3,10,66.652,85.351,86.6944,19.395511492209856,1.6680000000000064,307.0,244.0,282.0,316.0,2,1,14.666666666666666,13.8,4.384600000000001,20.255921052631592,30.74671052631582,35.13815789473684,939.7124999999984,1.2552631578947366,3.9,19.7,21.1,0,0.00000,9,2.0,0,85.0,9.0,9.6,2.3021728866442674,2.2,11.0,0.0,4.0,15.0,47,10.666666666666666,11.4,2.4,0.1,17,0.0,17,21.35900000000038,,11
2022,12,Le Castellet,5,Sebastian Vettel,Aston Martin,14,20,0.684210526315789473684211,0,17,-3,7,93.27600000000001,93.898,107.97699999999999,24.592491455726886,2.4040000000000106,115.0,280.0,299.0,329.0,4,1,18.333333333333332,14.6,4.2774,30.164843750000003,54.46171874999998,47.734375,967.9078124999985,1.9460937500000002,4.0,29.1,30.8,0,0.00000,17,0.0,0,85.0,12.666666666666666,10.8,4.08656334834051,2.2,11.0,0.0,3.2,15.0,48,12.0,11.8,2.4,0.1,11,0.0,3,36.639000000000124,,-3
2022,13,Budapest,5,Sebastian Vettel,Aston Martin,18,20,0.894736842105263157894737,0,14,4,8,79.273,80.797,97.5065,22.470482949861132,1.8960000000000008,281.0,247.0,255.0,300.0,2,1,17.333333333333332,15.6,4.510800000000003,18.55988023952095,26.72095808383233,69.31736526946108,985.5814371257485,4.034131736526945,5.8,17.8,19.4,1,0.27545,11,0.0,0,85.0,12.333333333333334,11.0,4.06201920231798,2.0,10.0,0.0,3.6,15.0,49,11.833333333333334,11.5,2.4,0.1,10,1.0,15,21.355999999999767,,0
2022,14,Spa-Francorchamps,5,Sebastian Vettel,Aston Martin,16,20,0.789473684210526315789474,0,14,2,4,106.344,106.543,121.676,17.832607306093333,2.679000000000002,327.0,205.0,223.0,308.0,2,1,17.333333333333332,17.4,4.543600000000003,21.78717948717949,36.083974358974366,40.51923076923077,971.0519230769214,1.5192307692307678,3.5,20.7,22.5,0,0.00000,10,1.0,0,85.0,12.666666666666666,11.8,3.1144823004794873,0.6,3.0,0.0,4.6,16.0,50,12.0,11.4,1.0,0.0,8,4.0,8,22.860999999999876,,-4
2022,15,Zandvoort,5,Sebastian Vettel,Aston Martin,19,20,0.947368421052631578947368,0,10,9,6,72.391,86.502,97.55283333333334,28.51704686966493,2.0490000000000066,281.0,284.0,310.0,319.0,3,1,16.0,17.2,2.436800000000005,22.730061349693237,33.44601226993866,75.38036809815951,1017.1098159509202,1.0619631901840485,2.0,22.3,23.3,0,0.00000,8,4.0,0,85.0,9.666666666666666,11.0,3.5355339059327378,1.4,7.0,0.0,4.2,20.0,51,10.166666666666666,11.1,1.6,0.0,14,0.0,11,14.3650000000016,,1
2022,16,Monza,5,Sebastian Vettel,Aston Martin,17,20,0.842105263157894736842105,0,18,-1,5,82.636,113.642,103.65699999999997,18.825812718180323,2.4749999999999943,317.0,329.0,308.0,334.0,2,1,17.666666666666668,17.4,2.139200000000005,27.734693877551035,43.138775510204084,33.14965986394558,993.340136054421,1.3612244897959178,2.7,26.4,28.5,0,0.00000,14,0.0,0,85.0,10.666666666666666,12.0,3.5355339059327378,1.0,5.0,0.0,3.4,20.0,52,10.666666666666666,11.5,1.4,0.0,20,0.0,0,,,6
2022,17,Marina Bay,5,Sebastian Vettel,Aston Martin,14,20,0.684210526315789473684211,0,12,2,10,114.38,125.745,127.1783,10.868257614110304,4.967999999999989,291.0,265.0,245.0,282.0,4,2,17.333333333333332,16.8,2.300600000000003,26.232549019607895,28.973333333333354,87.44705882352942,1008.1439215686289,0.929803921568626,2.7,24.3,27.7,1,0.18039,20,0.0,1,85.0,14.0,12.6,4.669047011971501,1.0,5.0,0.2,1.4,20.0,53,13.5,12.3,1.4,0.2,8,4.0,3,29.691000000000713,,-5
2022,18,Suzuka,5,Sebastian Vettel,Aston Martin,9,20,0.421052631578947368421053,1,19,-10,10,90.554,91.884,102.63149999999999,12.630004620831386,1.25,276.0,296.0,264.0,296.0,5,1,16.666666666666668,16.8,2.813399999999999,16.717647058823538,19.930588235294138,86.21176470588236,1015.7062745098052,2.040784313725487,4.0,15.8,19.0,1,0.98039,8,4.0,0,85.0,14.0,12.0,5.0990195135927845,1.8,9.0,0.2,2.2,24.0,54,12.666666666666666,11.6,3.6,0.2,6,8.0,6,24.295000000000073,,10
2022,19,Austin,5,Sebastian Vettel,Aston Martin,12,20,0.578947368421052631578947,0,7,5,8,96.398,97.167,108.26212500000001,12.37961868138226,2.0420000000000016,225.0,192.0,207.0,315.0,4,1,13.333333333333334,15.0,2.6841999999999984,29.28529411764708,35.52352941176471,49.62352941176471,991.1994117647055,5.487058823529408,10.1,28.3,30.7,0,0.00000,6,8.0,0,85.0,11.333333333333334,11.2,5.761944116355173,3.2,16.0,0.2,1.2,32.0,55,11.666666666666666,11.3,5.0,0.2,8,4.0,12,24.34400000000005,,8
2022,20,Mexico City,5,Sebastian Vettel,Aston Martin,17,20,0.842105263157894736842105,0,18,-1,8,80.419,93.455,94.14599999999999,12.190034911469988,2.6439999999999912,310.0,289.0,250.0,344.0,2,1,11.666666666666666,14.2,2.556799999999998,24.312727272727287,41.68909090909089,34.442424242424245,780.4072727272716,1.3369696969696967,4.0,22.8,25.5,0,0.00000,8,4.0,0,85.0,7.333333333333333,11.2,5.761944116355173,3.2,16.0,0.2,1.2,36.0,56,9.666666666666666,12.0,5.0,0.3,14,0.0,8,22.541000000000167,,2
2022,21,São Paulo,5,Sebastian Vettel,Aston Martin,13,20,0.631578947368421052631579,0,15,-2,21,71.678,80.751,86.51038095238097,12.617946637532553,0.796999999999997,318.0,258.0,319.0,325.0,4,2,12.666666666666666,13.8,2.6757999999999953,23.01077844311378,46.04910179640717,76.07784431137725,922.1604790419151,1.4443113772455085,2.9,20.9,25.1,0,0.00000,14,0.0,0,85.0,9.333333333333334,11.2,5.761944116355173,3.2,16.0,0.2,0.6,36.0,57,12.166666666666666,12.5,4.8,0.3,11,0.0,11,24.110999999999876,,7
2022,22,Yas Island,5,Sebastian Vettel,Aston Martin,9,20,0.421052631578947368421053,1,14,-5,13,84.961,106.479,103.44246153846153,19.770095062220378,1.1370000000000005,287.0,315.0,220.0,319.0,5,1,14.0,13.0,2.340199999999996,28.57548387096773,34.31032258064516,61.68387096774194,1013.5206451612893,2.608387096774191,4.1,27.8,29.7,0,0.00000,11,0.0,0,85.0,11.0,9.4,3.1304951684997055,3.2,16.0,0.0,2.0,36.0,58,12.666666666666666,10.8,5.0,0.1,10,1.0,13,23.201000000000022,,18
2020,1,Spielberg,11,Sergio Perez,Racing Point,6,20,0.263157894736842105263158,1,9,-3,12,63.86,69.803,74.65641666666667,10.496029071279837,0.9209999999999994,323.0,249.0,289.0,321.0,6,1,15.0,14.6,2.5403999999999995,28.68416666666667,52.02499999999999,33.8325,938.7708333333335,1.8874999999999997,3.6,26.9,30.0,0,0.00000,,,,85.0,,,,,,,,,0,,,,,6,8.0,10,16.921000000000276,,23
2020,2,Spielberg,11,Sergio Perez,Racing Point,17,20,0.842105263157894736842105,0,13,4,10,81.607,84.172,86.82039999999999,7.063610348508442,3.7819999999999965,294.0,216.0,266.0,295.0,2,1,10.666666666666666,12.4,2.068599999999999,20.822499999999994,39.92,34.005,945.9099999999996,2.228333333333333,4.5,19.4,22.1,1,0.01667,6,8.0,0,85.0,6.0,6.0,,8.0,8.0,0.0,0.0,8.0,1,12.0,12.0,8.0,0.5,6,8.0,13,22.75500000000011,,-1
2020,3,Budapest,11,Sergio Perez,Racing Point,4,20,0.157894736842105263157895,1,3,1,15,74.545,78.55799999999999,85.48086666666664,12.174688713337467,1.097999999999999,287.0,264.0,265.0,313.0,6,2,11.333333333333334,13.6,2.4391999999999983,20.74179104477611,27.12985074626864,77.19253731343284,986.3149253731342,1.5597014925373138,2.8,19.9,21.8,1,0.01493,6,8.0,0,85.0,6.0,6.0,0.0,8.0,16.0,0.0,5.5,16.0,2,9.25,9.25,11.0,0.25,7,6.0,9,22.067000000000007,,28
2020,6,Barcelona,11,Sergio Perez,Racing Point,4,20,0.157894736842105263157895,1,5,-1,9,76.482,77.117,88.74588888888889,14.852687748724508,0.8979999999999961,295.0,298.0,290.0,325.0,5,1,9.0,10.6,1.9029999999999987,29.796899224806182,47.55581395348835,56.38449612403102,997.7038759689932,1.5449612403100779,2.9,28.6,30.7,0,0.00000,7,6.0,0,85.0,6.333333333333333,6.333333333333333,0.5773502691896258,7.333333333333333,22.0,0.0,2.6666666666666665,22.0,3,8.833333333333334,9.0,11.2,0.2,5,10.0,4,22.941000000000713,,23
2020,7,Spa-Francorchamps,11,Sergio Perez,Racing Point,8,20,0.368421052631578947368421,1,9,-1,10,102.532,103.50999999999999,120.07549999999999,18.149166587844558,1.279999999999987,334.0,212.0,229.0,311.0,5,2,8.333333333333334,8.4,1.7761999999999987,18.568595041322304,29.82396694214875,54.85289256198344,962.4297520661155,1.4652892561983484,3.3,17.4,20.1,0,0.00000,5,10.0,0,85.0,6.0,6.0,0.8164965809277259,8.0,32.0,0.0,1.75,32.0,4,8.5,7.5,14.0,0.1,10,1.0,9,23.40599999999995,,17
2020,8,Monza,11,Sergio Perez,Racing Point,4,20,0.157894736842105263157895,1,8,-4,11,79.718,80.679,90.67554545454544,12.644632105076337,0.8310000000000031,333.0,339.0,319.0,348.0,5,1,5.333333333333333,7.8,1.5957999999999957,28.090909090909104,41.20139860139859,40.12447552447552,990.7804195804187,1.5209790209790213,3.1,27.3,28.9,0,0.00000,10,1.0,0,85.0,7.333333333333333,6.8,1.9235384061671346,6.6,33.0,0.0,1.0,33.0,5,6.833333333333333,8.1,11.8,0.1,10,1.0,4,26.67699999999968,,24
2020,9,Mugello,11,Sergio Perez,Racing Point,6,20,0.263157894736842105263158,1,7,-1,10,76.311,77.008,98.0081,22.91493721692371,1.1670000000000016,280.0,260.0,309.0,316.0,5,1,5.333333333333333,7.4,1.5777999999999963,30.169886363636337,43.10227272727272,39.94431818181818,993.6153409090938,2.36477272727273,4.4,29.6,30.7,0,0.00000,10,1.0,0,85.0,8.333333333333334,7.6,2.3021728866442674,5.2,26.0,0.0,-0.2,34.0,6,6.833333333333333,8.3,11.4,0.1,5,10.0,7,17.615000000000236,,20
2020,10,Sochi,11,Sergio Perez,Racing Point,4,20,0.157894736842105263157895,1,13,-9,7,92.31700000000001,93.70400000000001,104.06814285714286,14.54760324393187,1.0130000000000052,275.0,321.0,173.0,328.0,5,1,6.0,5.2,1.0547999999999973,28.80606060606062,40.342424242424265,51.36287878787878,1012.878787878789,1.428787878787879,3.2,27.6,30.5,0,0.00000,5,10.0,0,85.0,8.333333333333334,7.4,2.5099800796022267,5.6,28.0,0.0,-2.0,44.0,7,8.333333333333334,7.2,13.0,0.1,4,12.0,5,29.875,,24
2020,11,Nürburgring,11,Sergio Perez,Racing Point,9,20,0.421052631578947368421053,1,20,-11,12,86.33,88.15,97.90783333333333,11.276441797218684,1.0609999999999928,270.0,240.0,262.0,321.0,5,2,4.666666666666667,5.2,1.0377999999999985,9.499999999999998,16.36020408163265,59.40408163265304,947.35918367347,1.6173469387755104,3.1,8.9,9.9,1,0.02041,4,12.0,0,85.0,6.333333333333333,6.8,2.949576240750525,6.8,34.0,0.0,-1.4,56.0,8,9.166666666666666,8.3,12.6,0.2,4,12.0,6,22.527999999999338,,10
2020,12,Portimão,11,Sergio Perez,Racing Point,5,20,0.210526315789473684210526,1,12,-7,15,77.129,81.69200000000001,87.28500000000001,11.010429231285348,0.6629999999999967,280.0,201.0,314.0,327.0,5,1,6.333333333333333,6.2,1.070399999999998,20.505468749999977,25.71562499999998,67.52812500000002,1007.3406250000008,4.0406249999999995,7.0,20.0,21.0,0,0.00000,4,12.0,0,85.0,4.333333333333333,6.6,3.1304951684997055,7.2,36.0,0.0,-0.2,68.0,9,9.0,8.6,11.4,0.2,7,6.0,14,26.125,,30
2020,13,Imola,11,Sergio Perez,Racing Point,11,20,0.526315789473684210526316,0,15,-4,12,75.061,87.753,89.04525000000001,13.426787621799528,1.4520000000000124,234.0,262.0,280.0,293.0,4,1,6.0,5.6,0.9469999999999998,18.030400000000004,23.26079999999999,71.13680000000001,1017.8919999999997,1.3415999999999992,3.1,16.9,18.5,0,0.00000,7,6.0,0,85.0,5.0,6.0,2.5495097567963922,8.2,41.0,0.0,-0.2,74.0,10,10.5,9.4,12.0,0.3,6,8.0,10,30.281999999999243,,8
2020,14,Istanbul,11,Sergio Perez,Racing Point,3,20,0.105263157894736842105263,1,1,2,16,109.321,117.398,121.78175,10.594703686276466,1.5559999999999974,261.0,276.0,223.0,248.0,4,2,8.333333333333334,7.0,1.0712000000000017,13.095683453237404,15.20575539568346,80.16115107913672,1008.4964028776968,1.066187050359712,2.7,12.1,13.8,1,0.04317,6,8.0,0,85.0,5.666666666666667,5.2,1.3038404810405297,9.6,48.0,0.0,2.0,82.0,11,9.666666666666666,10.0,10.4,0.3,2,18.0,4,25.13000000000011,,28
2020,15,Sakhir,11,Sergio Perez,Racing Point,5,20,0.210526315789473684210526,1,13,-8,11,88.322,95.985,101.41909090909093,13.3521151766643,1.058000000000007,247.0,273.0,294.0,324.0,6,2,6.333333333333333,6.4,1.149000000000001,25.09907407407409,27.54814814814815,67.8472222222222,1015.8972222222209,0.8430555555555546,1.8,24.4,26.6,0,0.00000,2,18.0,0,85.0,5.0,4.6,1.949358868961793,11.2,56.0,0.0,1.8,100.0,12,9.5,9.3,12.4,0.2,18,0.0,5,24.372000000001208,,37
2020,16,Sakhir,11,Sergio Perez,Racing Point,5,20,0.210526315789473684210526,1,10,-5,11,53.787,62.35,66.03345454545455,16.223800703679988,0.4099999999999966,299.0,274.0,299.0,342.0,5,1,6.333333333333333,6.6,1.1580000000000013,20.947244094488184,23.46929133858268,58.16929133858269,1015.9417322834645,1.9480314960629923,3.4,20.4,22.0,0,0.00000,18,0.0,1,85.0,8.666666666666666,7.4,6.2289646009589745,8.8,44.0,0.2,-0.8,100.0,13,11.166666666666666,10.6,10.0,0.3,1,25.0,18,23.635999999999967,,41
2020,17,Yas Island,11,Sergio Perez,Racing Point,15,20,0.736842105263157894736842,0,8,7,2,96.03399999999999,96.03399999999999,113.8475,25.192093293333134,0.7879999999999825,285.0,320.0,225.0,321.0,1,1,4.333333333333333,5.8,1.027800000000002,23.121481481481517,27.980000000000008,55.44666666666665,1015.8474074074076,2.5044444444444425,4.0,22.1,23.7,0,0.00000,1,25.0,0,85.0,7.0,6.8,6.760177512462229,11.4,57.0,0.2,-1.0,125.0,14,8.666666666666666,9.8,14.8,0.3,20,0.0,6,,,16
2021,1,Sakhir,11,Sergio Perez,Red Bull Racing,11,20,0.526315789473684210526316,0,1,10,7,90.65899999999999,115.279,107.04857142857144,15.30318533135224,1.661999999999992,244.0,270.0,290.0,311.0,4,2,8.333333333333334,7.8,1.052799999999999,20.538345864661654,27.627819548872182,54.51729323308271,1014.9105263157908,0.8872180451127818,1.4,20.4,20.9,0,0.00000,20,0.0,1,86.0,13.0,9.4,8.988882021697693,10.2,51.0,0.4,-0.8,,15,5.833333333333333,8.0,18.6,0.2,5,10.0,18,23.190999999999804,,16
2021,2,Imola,11,Sergio Perez,Red Bull Racing,2,20,0.052631578947368421052632,1,3,-1,11,74.446,75.744,84.64572727272729,11.356074040714155,0.03499999999999659,236.0,262.0,290.0,290.0,5,1,10.333333333333334,7.8,1.094799999999995,10.621118012422354,16.827329192546586,69.48881987577641,1011.2527950310558,0.4788819875776397,1.1,9.2,12.3,1,0.40994,5,10.0,0,86.0,8.666666666666666,9.2,9.093954035511725,10.6,53.0,0.4,-2.25,10.0,16,6.166666666666667,5.5,24.2,0.1,11,0.0,3,44.676000000000386,,30
2021,3,Portimão,11,Sergio Perez,Red Bull Racing,4,20,0.157894736842105263157895,1,3,1,16,78.845,92.455,90.96806249999999,10.847661071824039,0.8769999999999953,290.0,199.0,293.0,311.0,5,2,9.333333333333334,7.6,0.7905999999999949,19.39253731343283,38.9507462686567,39.40373134328356,1004.8134328358209,0.8373134328358207,1.4,18.1,20.0,0,0.00000,11,0.0,0,86.0,12.0,11.0,8.154753215150045,7.0,35.0,0.4,-4.75,10.0,17,4.0,5.4,26.4,0.1,4,12.0,4,21.97900000000027,,23
2021,4,Barcelona,11,Sergio Perez,Red Bull Racing,8,20,0.368421052631578947368421,1,2,6,11,77.669,96.88,98.72390909090906,22.846865362471696,0.9279999999999973,289.0,306.0,284.0,314.0,5,1,5.666666666666667,7.4,0.7543999999999926,22.203076923076917,32.92230769230769,57.55307692307693,993.5746153846156,0.4576923076923076,0.9,21.3,23.5,0,0.00000,4,12.0,0,86.0,6.666666666666667,8.2,7.52994023880668,9.4,47.0,0.2,-1.5,22.0,18,4.166666666666667,5.5,25.6,0.1,5,10.0,4,21.381999999999607,,11
2021,5,Monte Carlo,11,Sergio Perez,Red Bull Racing,9,19,0.444444444444444444444444,1,2,7,21,71.019,81.404,83.78652380952383,11.863448797120709,0.6730000000000018,222.0,207.0,273.0,281.0,5,1,4.666666666666667,8.0,0.8579999999999928,20.760740740740758,37.59555555555557,61.42444444444447,1015.5711111111107,0.31629629629629613,0.6,20.3,21.5,0,0.00000,5,10.0,0,86.0,6.666666666666667,9.0,6.745368781616021,6.4,32.0,0.2,-1.75,32.0,19,4.166666666666667,3.7,29.8,0.0,4,12.0,4,24.297999999999774,,8
2021,6,Baku,11,Sergio Perez,Red Bull Racing,7,20,0.315789473684210526315789,1,3,4,7,101.63,105.11500000000001,114.44157142857145,14.804012708914914,0.41199999999999193,232.0,245.0,329.0,313.0,4,1,7.0,6.8,0.8349999999999966,24.170930232558128,38.31453488372088,55.805232558139544,1014.7308139534875,0.2837209302325581,0.8,22.9,25.5,0,0.00000,4,12.0,0,86.0,4.333333333333333,5.8,2.949576240750525,8.8,44.0,0.0,-0.25,44.0,20,3.0,3.7,29.8,0.0,1,25.0,5,15.344000000000051,,22
2021,7,Le Castellet,11,Sergio Perez,Red Bull Racing,4,20,0.157894736842105263157895,1,1,3,8,90.445,91.56,108.72912500000001,24.410086149771896,0.4549999999999983,122.0,285.0,303.0,327.0,5,2,8.0,6.0,0.5849999999999966,25.314399999999992,35.22879999999999,58.63039999999999,960.6376,1.1655999999999997,1.8,23.8,27.4,0,0.00000,1,25.0,0,86.0,3.3333333333333335,5.0,3.6742346141747673,11.8,59.0,0.0,0.8,69.0,21,5.166666666666667,4.9,29.2,0.1,3,15.0,5,29.731000000000677,,25
2021,8,Spielberg,11,Sergio Perez,Red Bull Racing,5,20,0.210526315789473684210526,1,1,4,14,64.168,65.359,82.07235714285714,22.271070906540974,0.3270000000000053,319.0,250.0,287.0,315.0,6,1,6.666666666666667,6.4,0.6689999999999969,26.692372881355922,52.352542372881345,33.24661016949152,938.4771186440671,0.3677966101694914,1.2,26.0,27.3,0,0.00000,3,15.0,0,86.0,2.6666666666666665,3.4,1.51657508881031,14.8,74.0,0.0,2.8,84.0,22,4.666666666666667,4.1,32.4,0.1,4,12.0,2,20.972000000000662,,18
2021,9,Spielberg,11,Sergio Perez,Red Bull Racing,3,20,0.105263157894736842105263,1,1,2,16,63.99,82.964,80.81175,16.96510092906415,0.2700000000000031,319.0,251.0,290.0,318.0,7,2,5.333333333333333,6.6,0.5589999999999989,20.966025641025656,33.18397435897434,49.730769230769255,934.7211538461531,0.348076923076923,0.9,19.0,22.6,1,0.03846,4,12.0,0,86.0,2.6666666666666665,3.4,1.51657508881031,14.8,74.0,0.0,2.8,96.0,23,4.666666666666667,4.0,33.8,0.1,6,8.0,9,21.712000000000444,,31
2021,10,Silverstone,11,Sergio Perez,Red Bull Racing,5,20,0.210526315789473684210526,1,2,3,12,86.813,88.056,100.93841666666667,15.896270531499084,0.7900000000000063,315.0,271.0,252.0,325.0,5,1,4.0,5.6,0.4274000000000001,29.4,50.931521739130446,37.20217391304347,1007.2461956521738,0.317934782608696,0.8,28.4,30.1,0,0.00000,6,8.0,0,86.0,4.333333333333333,3.6,1.816590212458495,14.4,72.0,0.0,1.6,104.0,24,2.6666666666666665,4.0,34.8,0.1,16,0.0,16,27.89099999999962,1,49
2021,11,Budapest,11,Sergio Perez,Red Bull Racing,4,20,0.157894736842105263157895,1,3,1,10,76.42099999999999,77.3,92.1055,20.384895438916423,1.0019999999999953,281.0,252.0,260.0,306.0,4,2,4.333333333333333,4.8,0.450800000000001,27.22670157068063,37.82251308900524,68.61570680628276,977.6308900523562,0.5675392670157061,1.2,25.7,29.1,1,0.30366,16,0.0,0,86.0,8.666666666666666,6.0,5.873670062235365,12.0,60.0,0.0,0.75,104.0,25,8.0,7.1,27.4,0.2,17,0.0,0,,,33
2021,12,Spa-Francorchamps,11,Sergio Perez,Red Bull Racing,7,20,0.315789473684210526315789,1,1,6,14,116.886,122.112,126.93414285714286,9.908539656875183,0.86099999999999,312.0,190.0,217.0,292.0,4,2,4.0,4.2,0.5688000000000016,13.012413793103491,15.258620689655164,96.4358620689655,970.2217241379296,0.5113793103448276,1.0,12.4,13.4,1,0.84138,17,0.0,1,86.0,13.0,9.2,6.760177512462229,7.0,35.0,0.2,-3.75,104.0,26,11.5,7.8,22.8,0.2,19,0.0,0,15431.788,,28
2021,13,Zandvoort,11,Sergio Perez,Red Bull Racing,16,20,0.789473684210526315789474,0,1,15,7,70.53,95.676,91.82214285714288,20.726454122116266,1.644999999999996,276.0,288.0,305.0,310.0,2,1,5.333333333333333,4.8,0.65,21.50443037974685,36.10569620253166,54.10822784810126,1021.5056962025316,0.442405063291139,0.9,20.4,22.4,0,0.00000,19,0.0,0,86.0,17.333333333333332,12.4,6.877499545619759,4.0,20.0,0.2,-5.333333333333333,104.0,27,13.666666666666666,9.4,17.1,0.2,8,4.0,15,18.590000000000146,,3
2021,14,Monza,11,Sergio Perez,Red Bull Racing,9,20,0.421052631578947368421053,1,3,6,13,80.611,81.733,95.49484615384617,17.132808340754462,1.0559999999999974,324.0,332.0,318.0,336.0,6,1,9.0,7.0,0.9135999999999982,28.885234899328868,43.52751677852349,33.2758389261745,994.4879194630865,0.3429530201342281,0.7,27.8,29.6,0,0.00000,8,4.0,0,86.0,14.666666666666666,13.2,5.805170109479997,2.4,12.0,0.2,-8.0,108.0,28,9.166666666666666,9.8,15.5,0.2,5,10.0,6,23.884000000000015,,10
2021,15,Sochi,11,Sergio Perez,Red Bull Racing,9,20,0.421052631578947368421053,1,20,-11,18,105.337,112.279,116.25783333333331,10.165383990606088,3.3440000000000083,254.0,302.0,150.0,304.0,4,2,10.666666666666666,8.2,1.070799999999997,19.13860759493674,21.75696202531647,61.94746835443034,1023.1310126582275,0.29050632911392416,0.9,17.4,19.5,1,0.10127,5,10.0,0,86.0,10.666666666666666,13.0,6.123724356957945,2.8,14.0,0.2,-5.0,118.0,29,8.666666666666666,11.4,10.7,0.3,9,2.0,9,32.3130000000001,,13
2021,16,Istanbul,11,Sergio Perez,Red Bull Racing,7,20,0.315789473684210526315789,1,3,4,17,83.706,93.77199999999999,97.26035294117645,14.245544790131651,0.8380000000000081,282.0,293.0,253.0,324.0,6,2,11.333333333333334,9.0,1.5815999999999975,15.825477707006387,18.180891719745237,93.52484076433116,1006.4101910828001,0.4866242038216559,0.8,15.5,16.1,0,0.00000,9,2.0,0,86.0,7.333333333333333,11.6,6.06630035524124,3.2,16.0,0.2,-3.6666666666666665,120.0,30,7.166666666666667,8.9,14.7,0.2,3,15.0,3,22.452000000000226,,14
2021,17,Austin,11,Sergio Perez,Red Bull Racing,3,20,0.105263157894736842105263,1,1,2,11,93.134,94.575,105.53263636363636,13.683351258173026,0.22400000000000375,236.0,194.0,214.0,318.0,5,2,8.333333333333334,9.6,1.5488,28.148447204968935,37.470807453416164,61.19254658385094,992.1298136645961,0.8540372670807448,1.5,26.4,29.5,0,0.00000,3,15.0,0,86.0,5.666666666666667,8.8,6.180614856144977,6.2,31.0,0.0,1.6666666666666667,135.0,31,6.5,6.8,20.9,0.1,3,15.0,2,23.60699999999997,,25
2021,18,Mexico City,11,Sergio Perez,Red Bull Racing,4,20,0.157894736842105263157895,1,3,1,10,76.342,86.53999999999999,91.59869999999998,14.36516371914284,0.46699999999999875,315.0,297.0,256.0,338.0,4,2,6.333333333333333,8.8,1.4214000000000027,21.20670731707316,47.57926829268294,31.2109756097561,784.2134146341465,0.3664634146341462,0.8,19.2,23.2,0,0.00000,3,15.0,0,86.0,5.0,5.6,2.7928480087537886,9.2,46.0,0.0,1.25,150.0,32,3.3333333333333335,5.2,26.4,0.1,3,15.0,2,22.02099999999973,,22
2021,19,São Paulo,11,Sergio Perez,Red Bull Racing,4,20,0.157894736842105263157895,1,2,2,15,68.483,69.591,81.71499999999999,14.65523382374268,0.5490000000000066,320.0,264.0,316.0,318.0,6,1,4.666666666666667,6.4,1.1858000000000033,23.137341772151892,51.56139240506331,60.10126582278483,926.9303797468358,0.39177215189873377,0.8,22.5,24.0,0,0.00000,3,15.0,0,86.0,3.0,4.6,2.6076809620810595,11.4,57.0,0.0,1.2,165.0,33,2.1666666666666665,4.7,28.6,0.1,4,13.0,5,18.58600000000024,1,29
2021,20,Lusail,11,Sergio Perez,Red Bull Racing,11,20,0.526315789473684210526316,0,2,9,8,82.346,83.224,106.814875,26.456437307055207,1.5190000000000055,251.0,277.0,312.0,320.0,3,2,3.6666666666666665,5.4,1.0844000000000051,26.41513157894735,30.603289473684203,75.54013157894735,1012.3072368421057,0.4230263157894732,0.8,26.0,27.4,1,0.01974,4,13.0,0,86.0,3.3333333333333335,4.4,2.6076809620810595,12.0,60.0,0.0,0.6,178.0,34,2.3333333333333335,3.0,32.8,0.0,4,12.0,14,25.336999999999534,,12
2021,21,Jeddah,11,Sergio Perez,Red Bull Racing,5,20,0.210526315789473684210526,1,3,2,19,87.946,107.24600000000001,106.61073684210527,19.186573542865577,0.4350000000000023,297.0,319.0,311.0,322.0,4,2,6.333333333333333,5.8,0.7194000000000045,28.816062176165733,31.684974093264252,76.20310880829015,1013.7974093264247,0.2715025906735748,0.6,28.5,29.2,0,0.00000,4,12.0,0,86.0,3.6666666666666665,3.4,0.5477225575051661,14.0,70.0,0.0,2.2,190.0,35,2.6666666666666665,2.5,35.0,0.0,17,0.0,0,20.70600000000013,,30
2021,22,Yas Island,11,Sergio Perez,Red Bull Racing,4,20,0.157894736842105263157895,1,1,3,18,82.947,97.306,100.33761111111112,18.347631336589437,0.8379999999999939,297.0,323.0,228.0,327.0,7,2,6.666666666666667,5.4,0.6388000000000034,24.51910828025481,28.46560509554141,59.05477707006371,1017.7108280254776,0.41464968152866166,0.7,23.5,25.7,0,0.00000,17,0.0,1,86.0,8.333333333333334,6.2,6.058052492344384,11.0,55.0,0.2,-0.8,190.0,36,5.166666666666667,3.9,32.0,0.1,15,0.0,4,21.394000000000233,,33
2022,1,Sakhir,11,Sergio Perez,Red Bull Racing,4,20,0.157894736842105263157895,1,2,2,11,90.92099999999999,92.38300000000001,101.12036363636365,11.602939776390528,0.36299999999999955,241.0,270.0,290.0,323.0,6,1,6.666666666666667,5.6,0.7616000000000014,23.617791411042962,28.610429447852766,29.49079754601227,1010.3858895705521,0.3049079754601232,0.8,22.3,25.7,0,0.00000,15,0.0,1,88.0,12.0,8.6,6.8044103344816,8.0,40.0,0.4,-3.0,,37,6.833333333333333,5.1,29.2,0.2,18,0.0,8,24.149000000000342,,43
2022,2,Jeddah,11,Sergio Perez,Red Bull Racing,1,20,0E-24,1,4,-3,12,88.2,92.29599999999999,105.65491666666668,19.05406160213299,14.530000000000001,290.0,330.0,309.0,335.0,5,1,4.333333333333333,5.6,0.7408000000000016,25.42039473684213,28.4092105263158,59.66447368421053,1012.7776315789473,2.3592105263157874,4.0,25.3,25.6,0,0.00000,18,0.0,1,88.0,16.666666666666668,11.6,7.021395872616784,5.0,25.0,0.6,-6.0,0.0,38,12.0,8.4,21.2,0.4,4,12.0,1,20.478000000000065,,29
2022,3,Melbourne,11,Sergio Perez,Red Bull Racing,3,20,0.105263157894736842105263,1,2,1,17,78.24,94.407,94.3114117647059,17.167493552710393,0.3719999999999999,284.0,307.0,305.0,322.0,4,1,3.0,5.0,3.5370000000000004,26.697435897435888,37.40833333333329,43.65384615384615,1014.2461538461532,1.8128205128205122,4.4,25.8,27.4,0,0.00000,4,12.0,0,88.0,12.333333333333334,11.6,7.021395872616783,4.8,24.0,0.6,-6.6,12.0,39,9.666666666666666,8.3,22.4,0.4,2,18.0,7,17.414999999999964,,31
2022,4,Imola,11,Sergio Perez,Red Bull Racing,7,20,0.315789473684210526315789,1,1,6,13,79.29599999999999,89.80799999999999,89.906,8.661601093331416,0.617999999999995,222.0,260.0,276.0,296.0,5,2,2.6666666666666665,3.4,3.3075999999999994,12.899367088607601,17.418987341772137,83.17088607594937,1001.0386075949358,1.4822784810126568,2.5,11.1,14.2,0,0.00000,2,18.0,0,88.0,8.0,11.2,7.5960516059331775,6.0,30.0,0.6,-7.8,30.0,40,10.333333333333334,9.7,19.8,0.5,2,18.0,1,29.736000000000786,,13
2022,5,Miami,11,Sergio Perez,Red Bull Racing,4,20,0.157894736842105263157895,1,3,1,13,89.036,91.16499999999999,102.11169230769232,13.641108211240361,0.2400000000000091,223.0,192.0,288.0,334.0,6,1,3.6666666666666665,3.8,3.344199999999998,30.61728395061729,42.81975308641976,58.858024691358025,1009.3049382716049,2.26728395061728,5.0,29.4,32.3,1,0.05556,2,18.0,0,88.0,2.6666666666666665,8.2,7.694153624668537,9.6,48.0,0.4,-5.2,48.0,41,4.666666666666667,8.1,25.0,0.4,4,12.0,1,18.46600000000035,,20
2022,6,Barcelona,11,Sergio Perez,Red Bull Racing,5,20,0.210526315789473684210526,1,2,3,11,79.42,95.55,98.72709090909092,23.58653465625904,0.6700000000000017,291.0,307.0,286.0,323.0,6,1,4.666666666666667,3.8,3.224600000000001,36.56585365853659,48.95731707317072,7.109756097560975,996.0158536585362,3.4884146341463396,5.5,35.9,37.2,0,0.00000,4,12.0,0,88.0,2.6666666666666665,6.0,6.782329983125268,12.0,60.0,0.2,-3.0,60.0,42,4.666666666666667,7.0,27.4,0.3,2,19.0,6,21.592000000000553,1,29
2022,7,Monaco,11,Sergio Perez,Red Bull Racing,3,20,0.105263157894736842105263,1,4,-1,19,71.629,86.0,84.37557894736841,12.002154294198785,0.2530000000000001,218.0,203.0,272.0,284.0,6,1,5.333333333333333,4.0,3.2860000000000014,22.274693877550995,31.038367346938788,75.66530612244898,1002.9922448979627,0.9902040816326523,3.2,20.9,24.3,1,0.43673,2,19.0,0,88.0,2.6666666666666665,2.8,1.0954451150103321,15.8,79.0,0.0,0.4,79.0,43,1.8333333333333333,3.6,36.2,0.1,1,25.0,3,24.27100000000064,,32
2022,8,Baku,11,Sergio Perez,Red Bull Racing,2,20,0.052631578947368421052632,1,3,-1,13,101.64099999999999,119.934,117.39138461538462,15.482335991587647,0.28199999999998226,237.0,241.0,343.0,320.0,4,1,4.0,4.4,0.43060000000000115,25.435403726708074,47.149689440993804,59.49068322981366,1009.9012422360254,1.5291925465838494,2.9,24.9,26.1,0,0.00000,1,25.0,0,88.0,2.3333333333333335,2.2,1.0954451150103321,18.4,92.0,0.0,1.4,104.0,44,2.0,3.5,36.8,0.1,2,19.0,1,22.34099999999944,1,33
2022,9,Montréal,11,Sergio Perez,Red Bull Racing,13,20,0.631578947368421052631579,0,1,12,12,93.12700000000001,96.741,100.40458333333333,11.926242732717494,11.828000000000003,214.0,270.0,268.0,302.0,2,2,3.3333333333333335,4.2,0.41259999999999764,20.762962962962966,41.261111111111084,28.925925925925927,1012.4012345679009,3.5524691358024683,5.6,18.8,22.3,0,0.00000,2,19.0,0,88.0,1.6666666666666667,2.2,1.0954451150103321,18.6,93.0,0.0,1.2,123.0,45,1.6666666666666667,1.8,42.0,0.0,20,0.0,1,,,15
2022,10,Silverstone,11,Sergio Perez,Red Bull Racing,4,20,0.157894736842105263157895,1,2,2,22,100.521,104.809,109.73872727272727,10.32012257301617,1.3920000000000101,296.0,242.0,229.0,298.0,4,1,6.0,5.4,2.6545999999999994,18.253201970443335,30.026108374384233,59.748768472906406,1002.3581280788169,1.4561576354679806,3.9,17.5,19.2,1,0.04433,20,0.0,1,88.0,7.666666666666667,5.8,8.01249024960405,15.0,75.0,0.2,-0.4,123.0,46,4.666666666666667,3.6,38.2,0.1,2,18.0,13,28.171000000000276,,34
2022,11,Spielberg,11,Sergio Perez,Red Bull Racing,13,20,0.631578947368421052631579,0,1,12,17,65.404,81.78,80.99470588235293,17.17909501314281,0.4200000000000017,318.0,249.0,285.0,320.0,6,1,6.333333333333333,5.4,2.8849999999999993,20.255921052631592,30.74671052631582,35.13815789473684,939.7124999999984,1.2552631578947366,3.9,19.7,21.1,0,0.00000,2,18.0,0,88.0,8.0,5.4,8.17312669668102,16.2,81.0,0.2,0.0,141.0,47,5.5,4.0,35.4,0.1,20,0.0,0,23.673999999999978,,14
2022,12,Le Castellet,11,Sergio Perez,Red Bull Racing,3,20,0.105263157894736842105263,1,2,1,7,91.33500000000001,92.245,100.34214285714287,21.820775646377093,0.46300000000000807,116.0,284.0,303.0,339.0,6,1,10.0,7.0,2.8349999999999995,30.164843750000003,54.46171874999998,47.734375,967.9078124999985,1.9460937500000002,4.0,29.1,30.8,0,0.00000,20,0.0,1,88.0,14.0,9.0,10.04987562112089,12.4,62.0,0.4,-3.6,141.0,48,8.666666666666666,5.9,30.4,0.2,4,12.0,2,38.1279999999997,,24
2022,13,Budapest,11,Sergio Perez,Red Bull Racing,11,20,0.526315789473684210526316,0,10,1,12,78.51599999999999,79.839,96.54108333333333,21.40505696604653,1.1389999999999958,281.0,248.0,256.0,304.0,4,1,6.666666666666667,7.0,2.877000000000001,18.55988023952095,26.72095808383233,69.31736526946108,985.5814371257485,4.034131736526945,5.8,17.8,19.4,1,0.27545,4,12.0,0,88.0,8.666666666666666,9.6,9.528903399657276,9.8,49.0,0.4,-4.2,153.0,49,6.0,6.0,29.8,0.2,5,10.0,11,21.11999999999989,,9
2022,14,Spa-Francorchamps,11,Sergio Perez,Red Bull Racing,3,20,0.105263157894736842105263,1,1,2,7,104.462,105.37700000000001,123.38314285714284,27.895499974180858,0.7970000000000113,342.0,204.0,224.0,312.0,4,1,9.0,8.8,3.0484000000000036,21.78717948717949,36.083974358974366,40.51923076923077,971.0519230769214,1.5192307692307678,3.5,20.7,22.5,0,0.00000,5,10.0,0,88.0,9.666666666666666,10.2,9.011104260855047,8.0,40.0,0.4,-3.0,163.0,50,5.5,6.3,28.0,0.2,2,18.0,3,22.35199999999986,,27
2022,15,Zandvoort,11,Sergio Perez,Red Bull Racing,5,20,0.210526315789473684210526,1,1,4,12,71.077,90.999,92.56,17.901033616678525,0.7349999999999994,287.0,287.0,318.0,330.0,6,1,5.666666666666667,6.8,0.8422000000000054,22.730061349693237,33.44601226993866,75.38036809815951,1017.1098159509202,1.0619631901840485,2.0,22.3,23.3,0,0.00000,2,18.0,0,88.0,3.6666666666666665,6.6,7.602631123499285,11.6,58.0,0.2,-1.6,181.0,51,2.3333333333333335,4.5,31.8,0.1,5,10.0,5,14.113999999999578,,21
2022,16,Monza,11,Sergio Perez,Red Bull Racing,4,20,0.157894736842105263157895,1,2,2,10,81.206,82.08500000000001,96.824,17.373094306362862,1.0450000000000017,318.0,338.0,309.0,343.0,4,1,6.333333333333333,7.0,0.7108000000000032,27.734693877551035,43.138775510204084,33.14965986394558,993.340136054421,1.3612244897959178,2.7,26.4,28.5,0,0.00000,5,10.0,0,88.0,4.0,7.2,7.259476565152615,10.0,50.0,0.2,-2.0,191.0,52,2.5,4.2,34.2,0.1,6,9.0,12,23.30199999999968,1,36
2022,17,Marina Bay,11,Sergio Perez,Red Bull Racing,2,20,0.052631578947368421052632,1,8,-6,12,109.434,115.668,121.54433333333334,13.351830411345603,0.02199999999999136,294.0,266.0,253.0,287.0,3,2,4.0,5.2,0.8358000000000032,26.232549019607895,28.973333333333354,87.44705882352942,1008.1439215686289,0.929803921568626,2.7,24.3,27.7,1,0.18039,6,9.0,0,88.0,4.333333333333333,4.4,1.51657508881031,11.8,59.0,0.0,2.4,200.0,53,2.6666666666666665,2.7,37.2,0.0,1,25.0,0,29.540999999999258,,32
2022,18,Suzuka,11,Sergio Perez,Red Bull Racing,4,20,0.157894736842105263157895,1,1,3,10,89.709,90.702,107.16480000000001,18.313720052948767,0.40500000000000114,282.0,304.0,266.0,303.0,5,1,3.6666666666666665,5.0,0.7475999999999999,16.717647058823538,19.930588235294138,86.21176470588236,1015.7062745098052,2.040784313725487,4.0,15.8,19.0,1,0.98039,1,25.0,0,88.0,4.0,3.8,2.16794833886788,14.4,72.0,0.0,2.8,225.0,54,3.5,3.0,36.0,0.0,2,18.0,2,25.608000000000175,,23
2022,19,Austin,11,Sergio Perez,Red Bull Racing,4,20,0.157894736842105263157895,1,3,1,8,94.64500000000001,96.163,111.82537499999998,17.65539549209087,0.2890000000000157,226.0,192.0,210.0,323.0,4,1,3.3333333333333335,3.6,0.600800000000001,29.28529411764708,35.52352941176471,49.62352941176471,991.1994117647055,5.487058823529408,10.1,28.3,30.7,0,0.00000,2,18.0,0,88.0,3.0,3.2,2.16794833886788,16.0,80.0,0.0,2.0,243.0,55,3.0,2.7,37.6,0.0,4,12.0,10,23.396999999999935,,29
2022,20,Mexico City,11,Sergio Perez,Red Bull Racing,4,20,0.157894736842105263157895,1,1,3,11,78.128,80.408,89.82800000000002,13.034167506979491,0.35299999999999443,314.0,296.0,253.0,350.0,6,1,3.3333333333333335,3.8,0.49920000000000186,24.312727272727287,41.68909090909089,34.442424242424245,780.4072727272716,1.3369696969696967,4.0,22.8,25.5,0,0.00000,4,12.0,0,88.0,2.3333333333333335,3.6,2.073644135332772,14.8,74.0,0.0,3.0,255.0,56,2.6666666666666665,2.9,36.2,0.0,3,15.0,3,24.831999999999425,,23
2022,21,São Paulo,11,Sergio Perez,Red Bull Racing,9,20,0.421052631578947368421053,1,2,7,20,71.456,79.72,88.71209999999999,15.925964493307944,0.5750000000000028,330.0,260.0,328.0,334.0,5,2,4.0,3.6,0.42280000000000084,23.01077844311378,46.04910179640717,76.07784431137725,922.1604790419151,1.4443113772455085,2.9,20.9,25.1,0,0.00000,3,15.0,0,88.0,3.0,3.2,1.9235384061671346,15.8,79.0,0.0,3.2,270.0,57,2.0,2.7,37.0,0.0,7,6.0,4,22.953999999999724,,8
2022,22,Yas Island,11,Sergio Perez,Red Bull Racing,2,20,0.052631578947368421052632,1,1,1,12,84.05199999999999,84.985,98.7395,15.086876594034843,0.22799999999999443,291.0,326.0,219.0,331.0,6,1,5.666666666666667,4.6,0.3288000000000011,28.57548387096773,34.31032258064516,61.68387096774194,1013.5206451612893,2.608387096774191,4.1,27.8,29.7,0,0.00000,7,6.0,0,88.0,4.666666666666667,3.4,2.3021728866442674,15.2,76.0,0.0,1.2,276.0,58,3.6666666666666665,3.3,33.0,0.0,3,15.0,6,21.34900000000016,,32
2023,1,Sakhir,11,Sergio Perez,Red Bull Racing,2,20,0.052631578947368421052632,1,1,1,9,89.846,115.991,108.78544444444444,17.778080423031554,0.13800000000000523,241.0,271.0,289.0,325.0,5,1,5.0,4.6,0.3700000000000017,27.43167701863353,31.01180124223602,21.496894409937887,1016.863975155279,0.6832298136645952,2.2,26.2,29.8,0,0.00000,3,15.0,0,87.0,4.333333333333333,3.8,1.9235384061671346,13.2,66.0,0.0,0.8,,59,3.5,2.9,34.8,0.0,2,18.0,3,24.28099999999995,,30
2023,2,Jeddah,11,Sergio Perez,Red Bull Racing,1,20,0E-24,1,15,-14,11,88.265,109.12,106.56436363636364,17.90141147101383,0.0,294.0,331.0,311.0,337.0,6,1,4.333333333333333,4.2,0.31660000000000255,26.09189189189191,31.792567567567573,57.79054054054054,1010.9297297297305,1.7722972972972975,3.7,25.8,26.4,0,0.00000,2,18.0,0,87.0,4.0,3.8,1.9235384061671346,13.2,66.0,0.0,0.4,18.0,60,3.3333333333333335,2.9,34.8,0.0,1,25.0,1,20.671000000000276,,36
2023,3,Melbourne,11,Sergio Perez,Red Bull Racing,20,20,1.000000000000000000000000,0,1,19,1,100.187,100.187,100.187,,23.455,267.0,282.0,309.0,205.0,1,1,1.6666666666666667,3.6,0.25879999999999936,17.449549549549555,30.139639639639615,54.15765765765766,1018.3666666666695,1.1270270270270264,5.0,16.8,18.1,0,0.00000,1,25.0,0,87.0,2.0,3.2,2.280350850198276,15.8,79.0,0.0,-0.6,43.0,61,1.6666666666666667,2.7,36.2,0.0,5,11.0,13,17.71900000000005,1,-2
2026,1,Melbourne,11,Sergio Perez,Cadillac,18,19,0.944444444444444444444444,0,19,-1,4,82.605,83.56700000000001,101.17850000000001,23.504982868886906,4.087000000000003,260.0,299.0,301.0,301.0,2,1,7.666666666666667,6.8,4.8792,24.23445945945945,36.13445945945945,53.97297297297296,1012.5608108108116,2.5614864864864857,4.6,23.1,25.3,0,0.00000,20,0.0,1,85.0,15.666666666666666,15.0,4.301162633521313,0.2,1.0,0.6,-2.2,,105,,,,,16,0.0,3,19.33600000000024,,-1
2026,2,Shanghai,11,Sergio Perez,Cadillac,22,22,1.000000000000000000000000,0,20,2,4,96.906,97.524,108.26149999999998,13.408671858167008,4.842000000000013,277.0,263.0,263.0,313.0,2,1,13.0,8.6,5.5816,15.572368421052628,22.616447368421053,54.99802631578948,1024.481578947368,2.1934210526315794,4.5,14.9,16.4,0,0.00000,16,0.0,1,85.0,17.666666666666668,14.8,4.207136793592526,0.2,1.0,0.6,-2.0,0.0,106,17.5,17.5,0.0,1.0,15,0.0,8,26.240999999999985,,-6
2026,3,Suzuka,11,Sergio Perez,Cadillac,19,22,0.857142857142857142857143,0,20,-1,4,92.206,92.788,104.54124999999999,14.67983545264274,3.4280000000000115,279.0,328.0,256.0,283.0,2,1,20.0,12.6,6.504400000000004,18.556410256410274,34.1429487179487,52.49551282051283,1011.7987179487181,1.9506410256410254,3.7,17.3,19.5,0,0.00000,15,0.0,1,85.0,17.0,15.6,3.646916505762094,0.2,1.0,0.8,-1.0,0.0,107,15.75,15.75,0.0,1.0,17,0.0,3,27.381999999999607,,-1
2026,4,Miami Gardens,11,Sergio Perez,Cadillac,20,22,0.904761904761904761904762,0,19,1,6,91.967,98.22399999999999,107.32033333333334,15.751351747283998,4.168999999999997,220.0,191.0,271.0,318.0,3,1,19.666666666666668,16.0,7.162400000000005,27.125595238095247,37.01190476190477,70.44821428571433,1015.6476190476195,1.1517857142857149,4.8,25.7,28.1,1,0.01786,17,0.0,0,85.0,16.0,17.0,1.8708286933869709,0.0,0.0,0.8,-1.6,0.0,108,16.5,16.5,0.0,0.8333333333333334,16,0.0,3,23.184000000000196,,-5
2026,5,Montréal,11,Sergio Perez,Cadillac,20,22,0.904761904761904761904762,0,22,-2,9,75.429,91.66,90.21499999999999,13.278559729880346,2.850999999999999,245.0,285.0,277.0,321.0,2,1,20.333333333333332,19.8,7.996200000000004,12.848750000000004,17.82749999999999,71.69499999999992,1024.2043749999991,3.0156249999999987,6.2,12.1,13.7,0,0.00000,16,0.0,1,85.0,16.0,16.8,1.9235384061671346,0.0,0.0,0.8,0.8,0.0,109,16.333333333333332,16.625,0.0,0.875,17,0.0,7,25.034999999999854,,1
2026,6,Monte Carlo,11,Sergio Perez,Cadillac,18,22,0.809523809523809523809524,0,20,-2,7,74.747,77.246,80.41642857142857,6.160455201177449,2.695999999999998,217.0,195.0,264.0,282.0,2,1,19.666666666666668,19.8,3.875400000000005,23.677403846153872,37.976923076923086,62.198557692307695,1021.4403846153845,0.8418269230769228,3.5,22.6,24.5,0,0.00000,17,0.0,1,85.0,16.666666666666668,16.2,0.8366600265340756,0.0,0.0,0.8,3.4,0.0,110,17.166666666666668,16.6,0.0,0.9,15,0.0,5,19.781000000000404,,-1
2026,7,Barcelona,11,Sergio Perez,Cadillac,19,22,0.857142857142857142857143,0,20,-1,4,77.545,78.13,91.70625,16.029582202394838,2.8659999999999997,279.0,289.0,298.0,334.0,2,1,19.333333333333332,19.8,3.5972000000000035,30.529333333333362,50.28666666666666,28.866000000000017,1000.5366666666639,2.5713333333333326,5.2,29.8,31.1,0,0.00000,15,0.0,0,85.0,16.0,16.0,1.0,0.0,0.0,0.6,3.6,0.0,111,17.166666666666668,16.7,0.0,0.8,14,0.0,8,23.847999999999956,,-2
2020,1,Spielberg,77,Valtteri Bottas,Mercedes,1,20,0E-24,1,2,-1,12,62.939,81.533,76.14608333333334,11.782654905783666,0.0,323.0,253.0,289.0,321.0,6,1,2.6666666666666665,3.4,0.2748000000000019,28.68416666666667,52.02499999999999,33.8325,938.7708333333335,1.8874999999999997,3.6,26.9,30.0,0,0.00000,,,,90.0,,,,,,,,,0,,,,,1,25.0,10,16.40899999999965,,45
2020,2,Spielberg,77,Valtteri Bottas,Mercedes,4,20,0.157894736842105263157895,1,1,3,29,78.657,83.305,84.04834482758619,4.931821152155388,0.8319999999999936,294.0,219.0,267.0,297.0,3,1,2.6666666666666665,3.0,0.2289999999999992,20.822499999999994,39.92,34.005,945.9099999999996,2.228333333333333,4.5,19.4,22.1,1,0.01667,1,25.0,0,90.0,1.0,1.0,,25.0,25.0,0.0,0.0,25.0,1,2.5,2.5,37.0,0.0,2,18.0,4,21.377000000000407,,25
2020,3,Budapest,77,Valtteri Bottas,Mercedes,2,20,0.052631578947368421052632,1,1,1,14,73.554,76.005,86.28792857142857,12.398342435517403,0.10699999999999932,286.0,265.0,264.0,312.0,6,2,2.3333333333333335,2.6,0.27939999999999826,20.74179104477611,27.12985074626864,77.19253731343284,986.3149253731342,1.5597014925373138,2.8,19.9,21.8,1,0.01493,2,18.0,0,90.0,1.5,1.5,0.7071067811865476,21.5,43.0,0.0,1.0,43.0,2,2.0,2.0,40.0,0.0,3,15.0,6,21.087000000000444,,32
2020,4,Silverstone,77,Valtteri Bottas,Mercedes,2,20,0.052631578947368421052632,1,1,1,11,84.616,86.51,99.23627272727272,18.503289291857865,0.3130000000000024,318.0,273.0,256.0,318.0,5,2,2.3333333333333335,2.8,0.3007999999999981,21.291406249999998,40.63281250000001,44.16796875,998.40859375,3.114062500000001,4.7,20.8,22.1,0,0.00000,3,15.0,0,90.0,2.0,2.0,1.0,19.333333333333332,58.0,0.0,0.3333333333333333,58.0,3,2.0,2.0,40.333333333333336,0.0,11,0.0,1,30.574999999999818,,28
2020,5,Silverstone,77,Valtteri Bottas,Mercedes,1,20,0E-24,1,2,-1,13,85.154,87.4,99.47861538461537,17.526921480674904,0.0,318.0,277.0,255.0,332.0,6,2,2.6666666666666665,2.2,0.28919999999999957,25.28706896551725,43.22758620689654,58.55603448275865,1000.9508620689652,2.236206896551725,4.3,23.5,26.8,0,0.00000,11,0.0,0,90.0,5.333333333333333,4.25,4.573474244670748,14.5,58.0,0.0,-2.0,58.0,4,3.1666666666666665,3.0,36.5,0.0,3,15.0,4,28.13000000000011,,33
2020,6,Barcelona,77,Valtteri Bottas,Mercedes,2,20,0.052631578947368421052632,1,1,1,9,75.643,77.413,89.106,15.219690938057845,0.0589999999999975,291.0,307.0,289.0,319.0,5,1,1.6666666666666667,2.0,0.25039999999999907,29.796899224806182,47.55581395348835,56.38449612403102,997.7038759689932,1.5449612403100779,2.9,28.6,30.7,0,0.00000,3,15.0,0,90.0,5.666666666666667,4.0,4.0,14.6,73.0,0.0,-2.0,73.0,5,3.5,2.9,36.0,0.0,3,16.0,3,22.121000000000095,1,34
2020,7,Spa-Francorchamps,77,Valtteri Bottas,Mercedes,2,20,0.052631578947368421052632,1,1,1,9,101.763,103.459,113.67766666666667,14.052226976532937,0.5109999999999957,331.0,217.0,229.0,308.0,6,2,1.6666666666666667,2.2,0.26219999999999855,18.568595041322304,29.82396694214875,54.85289256198344,962.4297520661155,1.4652892561983484,3.3,17.4,20.1,0,0.00000,3,16.0,0,90.0,5.666666666666667,4.4,3.714835124201342,12.8,64.0,0.0,-2.2,89.0,6,3.5,2.8,36.8,0.0,2,18.0,0,25.4670000000001,,27
2020,8,Monza,77,Valtteri Bottas,Mercedes,2,20,0.052631578947368421052632,1,1,1,11,78.952,79.996,91.74118181818181,14.56098362624024,0.06499999999999773,325.0,331.0,317.0,337.0,6,2,1.6666666666666667,1.8,0.19799999999999898,28.090909090909104,41.20139860139859,40.12447552447552,990.7804195804187,1.5209790209790213,3.1,27.3,28.9,0,0.00000,2,18.0,0,90.0,2.6666666666666665,4.4,3.714835124201342,12.8,64.0,0.0,-2.6,107.0,7,2.0,2.8,36.8,0.0,5,10.0,4,24.389000000000124,,29
2020,9,Mugello,77,Valtteri Bottas,Mercedes,2,20,0.052631578947368421052632,1,1,1,7,75.203,127.974,111.301,34.10378797631333,0.0589999999999975,283.0,258.0,305.0,313.0,4,1,2.0,1.8,0.18959999999999866,30.169886363636337,43.10227272727272,39.94431818181818,993.6153409090938,2.36477272727273,4.4,29.6,30.7,0,0.00000,5,10.0,0,90.0,3.3333333333333335,4.8,3.6331804249169903,11.8,59.0,0.0,-3.0,117.0,8,3.1666666666666665,3.6,32.0,0.0,2,18.0,3,17.47400000000016,,30
2020,10,Sochi,77,Valtteri Bottas,Mercedes,3,20,0.105263157894736842105263,1,1,2,9,91.956,93.056,101.82277777777779,12.13803833798709,0.652000000000001,280.0,324.0,167.0,333.0,7,2,2.0,1.8,0.13879999999999768,28.80606060606062,40.342424242424265,51.36287878787878,1012.878787878789,1.428787878787879,3.2,27.6,30.5,0,0.00000,2,18.0,0,90.0,3.0,3.0,1.2247448713915892,15.4,77.0,0.0,-1.2,135.0,9,3.0,2.7,35.8,0.0,1,26.0,1,29.72400000000016,1,35
2020,11,Nürburgring,77,Valtteri Bottas,Mercedes,1,20,0E-24,1,2,-1,14,85.269,86.95400000000001,100.62778571428571,15.305159397448909,0.0,271.0,242.0,261.0,318.0,5,2,2.3333333333333335,2.2,0.2691999999999979,9.499999999999998,16.36020408163265,59.40408163265304,947.35918367347,1.6173469387755104,3.1,8.9,9.9,1,0.02041,1,26.0,0,90.0,2.6666666666666665,2.6,1.51657508881031,17.6,88.0,0.0,-0.4,161.0,10,3.1666666666666665,2.6,37.2,0.0,19,0.0,1,22.626000000000204,,47
2020,12,Portimão,77,Valtteri Bottas,Mercedes,2,20,0.052631578947368421052632,1,1,1,11,76.46600000000001,77.604,86.07918181818182,10.813189814464387,0.0,280.0,201.0,308.0,325.0,5,2,2.0,2.0,0.2573999999999984,20.505468749999977,25.71562499999998,67.52812500000002,1007.3406250000008,4.0406249999999995,7.0,20.0,21.0,0,0.00000,19,0.0,1,90.0,7.333333333333333,5.8,7.52994023880668,14.4,72.0,0.2,-3.8,161.0,11,4.5,4.2,34.0,0.1,2,18.0,2,26.503999999999905,,29
2020,13,Imola,77,Valtteri Bottas,Mercedes,1,20,0E-24,1,2,-1,15,73.609,79.03399999999999,86.36073333333333,13.23693154703734,0.0,234.0,266.0,286.0,299.0,6,2,2.0,2.0,0.15519999999999926,18.030400000000004,23.26079999999999,71.13680000000001,1017.8919999999997,1.3415999999999992,3.1,16.9,18.5,0,0.00000,2,18.0,0,90.0,7.333333333333333,5.8,7.52994023880668,14.4,72.0,0.2,-3.8,179.0,12,4.5,4.2,34.2,0.1,2,18.0,1,29.57900000000018,,31
2020,14,Istanbul,77,Valtteri Bottas,Mercedes,9,20,0.421052631578947368421053,1,6,3,15,113.25800000000001,124.06700000000001,124.04286666666667,8.493042336160196,5.493000000000009,254.0,273.0,219.0,251.0,5,2,1.3333333333333333,1.8,0.14219999999999972,13.095683453237404,15.20575539568346,80.16115107913672,1008.4964028776968,1.066187050359712,2.7,12.1,13.8,1,0.04317,2,18.0,0,90.0,7.666666666666667,5.2,7.726577508832744,16.0,80.0,0.2,-3.4,197.0,13,4.333333333333333,3.3,39.6,0.1,14,0.0,12,22.789999999999964,,24
2020,15,Sakhir,77,Valtteri Bottas,Mercedes,2,20,0.052631578947368421052632,1,1,1,9,87.553,98.02000000000001,101.24688888888889,14.409625198495316,0.2890000000000015,247.0,271.0,293.0,320.0,5,2,4.0,3.2,1.229000000000002,25.09907407407409,27.54814814814815,67.8472222222222,1015.8972222222209,0.8430555555555546,1.8,24.4,26.6,0,0.00000,14,0.0,0,90.0,6.0,7.6,8.324662155306966,12.4,62.0,0.2,-4.4,197.0,14,3.5,4.5,35.8,0.1,8,4.0,16,24.6820000000007,,41
2020,16,Sakhir,77,Valtteri Bottas,Mercedes,1,20,0E-24,1,2,-1,17,53.377,68.32300000000001,64.97188235294118,9.76931101640715,0.0,293.0,274.0,302.0,330.0,7,2,4.0,3.0,1.156400000000002,20.947244094488184,23.46929133858268,58.16929133858269,1015.9417322834645,1.9480314960629923,3.4,20.4,22.0,0,0.00000,8,4.0,0,90.0,8.0,9.0,7.483314773547883,8.0,40.0,0.2,-6.0,201.0,15,4.5,5.0,33.4,0.1,8,4.0,3,24.631999999999607,,31
2020,17,Yas Island,77,Valtteri Bottas,Mercedes,2,20,0.052631578947368421052632,1,3,-1,12,95.271,96.907,110.03024999999998,15.328601739736555,0.024999999999991473,287.0,321.0,227.0,322.0,6,2,4.0,3.0,1.156400000000002,23.121481481481517,27.980000000000008,55.44666666666665,1015.8474074074076,2.5044444444444425,4.0,22.1,23.7,0,0.00000,8,4.0,0,90.0,10.0,6.8,5.019960159204453,8.8,44.0,0.0,-3.8,205.0,16,6.833333333333333,4.7,29.8,0.0,2,18.0,0,21.63000000000011,,27
2021,1,Sakhir,77,Valtteri Bottas,Mercedes,3,20,0.105263157894736842105263,1,2,1,11,89.586,111.11699999999999,104.72609090909091,14.051153628471543,0.5889999999999986,245.0,271.0,291.0,313.0,6,2,1.6666666666666667,3.0,1.1614000000000004,20.538345864661654,27.627819548872182,54.51729323308271,1014.9105263157908,0.8872180451127818,1.4,20.4,20.9,0,0.00000,2,18.0,0,90.0,6.0,6.8,5.019960159204453,8.8,44.0,0.0,-3.8,,17,5.166666666666667,4.9,27.6,0.0,3,16.0,6,24.244000000000142,1,34
2021,2,Imola,77,Valtteri Bottas,Mercedes,8,20,0.368421052631578947368421,1,1,7,13,74.672,82.648,85.35292307692308,11.408325727741843,0.2609999999999957,235.0,262.0,287.0,291.0,6,2,2.0,3.4,1.2792000000000001,10.621118012422354,16.827329192546586,69.48881987577641,1011.2527950310558,0.4788819875776397,1.1,9.2,12.3,1,0.40994,3,16.0,0,90.0,4.333333333333333,7.0,4.795831523312719,8.4,42.0,0.0,-3.6,16.0,18,4.333333333333333,5.0,27.0,0.0,18,0.0,3,30.14800000000014,,26
2021,3,Portimão,77,Valtteri Bottas,Mercedes,1,20,0E-24,1,2,-1,16,78.348,83.166,87.44937499999997,9.407915432407613,0.37999999999999545,288.0,198.0,299.0,311.0,6,2,4.333333333333333,3.2,0.23279999999999745,19.39253731343283,38.9507462686567,39.40373134328356,1004.8134328358209,0.8373134328358207,1.4,18.1,20.0,0,0.00000,18,0.0,1,90.0,7.666666666666667,7.8,6.340346993658943,8.4,42.0,0.2,-4.6,16.0,19,4.833333333333333,5.5,25.8,0.1,3,16.0,1,21.347999999999956,,30
2021,4,Barcelona,77,Valtteri Bottas,Mercedes,3,20,0.105263157894736842105263,1,1,2,10,76.873,78.005,92.3913,19.107154343915848,0.132000000000005,287.0,304.0,286.0,315.0,5,2,4.0,3.0,0.2509999999999962,22.203076923076917,32.92230769230769,57.55307692307693,993.5746153846156,0.4576923076923076,0.9,21.3,23.5,0,0.00000,3,16.0,0,90.0,8.0,6.8,6.685805860178712,10.8,54.0,0.2,-3.8,32.0,20,4.666666666666667,5.0,28.2,0.1,3,15.0,5,20.791000000000167,,28
2021,5,Monte Carlo,77,Valtteri Bottas,Mercedes,3,19,0.111111111111111111111111,1,7,-4,23,70.601,82.02199999999999,81.53904347826085,9.355546194046223,0.25499999999999545,226.0,210.0,273.0,286.0,5,1,4.0,3.4,0.27739999999999726,20.760740740740758,37.59555555555557,61.42444444444447,1015.5711111111107,0.31629629629629613,0.6,20.3,21.5,0,0.00000,3,15.0,0,90.0,8.0,5.8,6.833739825307955,13.0,65.0,0.2,-2.4,47.0,21,4.666666666666667,3.7,34.8,0.1,19,0.0,1,,,41
2021,6,Baku,77,Valtteri Bottas,Mercedes,10,20,0.473684210526315789473684,1,2,8,10,102.106,116.081,115.4835,10.790046877150775,0.887999999999991,231.0,246.0,327.0,310.0,3,1,2.3333333333333335,3.6,0.323399999999998,24.170930232558128,38.31453488372088,55.805232558139544,1014.7308139534875,0.2837209302325581,0.8,22.9,25.5,0,0.00000,19,0.0,1,90.0,8.333333333333334,9.2,8.497058314499201,9.4,47.0,0.4,-5.6,47.0,22,5.666666666666667,5.8,29.6,0.2,12,0.0,9,20.346000000000004,,14
2021,7,Le Castellet,77,Valtteri Bottas,Mercedes,3,20,0.105263157894736842105263,1,2,1,8,90.376,91.306,107.36625,23.351144026731173,0.3860000000000099,127.0,282.0,302.0,326.0,5,2,5.333333333333333,5.0,0.38319999999999654,25.314399999999992,35.22879999999999,58.63039999999999,960.6376,1.1655999999999997,1.8,23.8,27.4,0,0.00000,12,0.0,0,90.0,11.333333333333334,11.0,7.7781745930520225,6.2,31.0,0.4,-6.0,47.0,23,9.5,8.1,21.4,0.2,4,12.0,2,30.480999999999767,,24
2021,8,Spielberg,77,Valtteri Bottas,Mercedes,2,20,0.052631578947368421052632,1,3,-1,16,64.035,75.655,76.2909375,11.940181698610507,0.1939999999999955,316.0,250.0,287.0,314.0,6,2,5.333333333333333,4.0,0.40819999999999934,26.692372881355922,52.352542372881345,33.24661016949152,938.4771186440671,0.3677966101694914,1.2,26.0,27.3,0,0.00000,4,12.0,0,90.0,11.666666666666666,8.2,7.1203932475671605,8.6,43.0,0.2,-4.2,59.0,24,9.833333333333334,6.7,23.6,0.1,3,15.0,3,21.746000000000095,,29
2021,9,Spielberg,77,Valtteri Bottas,Mercedes,5,20,0.210526315789473684210526,1,4,1,12,64.049,64.812,74.89341666666667,11.428076696996053,0.32900000000000773,311.0,250.0,286.0,311.0,6,2,5.0,4.2,0.3709999999999994,20.966025641025656,33.18397435897434,49.730769230769255,934.7211538461531,0.348076923076923,0.9,19.0,22.6,1,0.03846,3,15.0,0,90.0,6.333333333333333,8.2,7.12039324756716,8.4,42.0,0.2,-3.4,74.0,25,6.333333333333333,6.8,22.2,0.1,2,18.0,3,21.063000000000102,,21
2021,10,Silverstone,77,Valtteri Bottas,Mercedes,3,20,0.105263157894736842105263,1,1,2,15,86.328,99.72,100.24546666666666,15.983517907370643,0.3050000000000068,316.0,271.0,255.0,329.0,6,1,3.3333333333333335,4.6,0.41039999999999993,29.4,50.931521739130446,37.20217391304347,1007.2461956521738,0.317934782608696,0.8,28.4,30.1,0,0.00000,2,18.0,0,90.0,3.0,8.0,7.314369419163897,9.0,45.0,0.2,-2.8,92.0,26,2.8333333333333335,7.0,20.2,0.1,3,15.0,3,28.91399999999976,,26
2021,11,Budapest,77,Valtteri Bottas,Mercedes,2,20,0.052631578947368421052632,1,1,1,11,75.734,77.083,88.33709090909092,14.123331840996627,0.3149999999999977,283.0,255.0,261.0,303.0,6,2,3.3333333333333335,4.6,0.4204000000000022,27.22670157068063,37.82251308900524,68.61570680628276,977.6308900523562,0.5675392670157061,1.2,25.7,29.1,1,0.30366,3,15.0,0,90.0,2.6666666666666665,4.8,4.08656334834051,12.0,60.0,0.0,0.4,107.0,27,2.5,4.8,26.8,0.0,16,0.0,0,,,37
2021,12,Spa-Francorchamps,77,Valtteri Bottas,Mercedes,8,20,0.368421052631578947368421,1,3,5,14,116.295,128.517,130.23328571428573,10.886214150358812,0.269999999999996,320.0,186.0,219.0,297.0,5,2,3.3333333333333335,3.0,0.3058000000000035,13.012413793103491,15.258620689655164,96.4358620689655,970.2217241379296,0.5113793103448276,1.0,12.4,13.4,1,0.84138,16,0.0,1,90.0,7.0,5.6,5.856620185738529,12.0,60.0,0.2,-2.0,107.0,28,4.666666666666667,3.9,30.4,0.1,12,0.0,0,15403.184,,11
2021,13,Zandvoort,77,Valtteri Bottas,Mercedes,3,20,0.105263157894736842105263,1,2,1,10,69.222,70.449,82.0289,13.761445341161581,0.3369999999999891,279.0,289.0,313.0,314.0,4,2,4.333333333333333,4.0,0.28260000000000074,21.50443037974685,36.10569620253166,54.10822784810126,1021.5056962025316,0.442405063291139,0.9,20.4,22.4,0,0.00000,12,0.0,0,90.0,10.333333333333334,7.2,6.3796551630946325,9.6,48.0,0.2,-1.6,107.0,29,6.166666666666667,4.8,25.9,0.1,3,15.0,2,18.988999999999578,,25
2021,14,Monza,77,Valtteri Bottas,Mercedes,1,20,0E-24,1,2,-1,12,79.555,80.804,93.41075000000001,14.841903425620803,0.0,322.0,331.0,314.0,338.0,6,1,4.333333333333333,4.2,0.3111999999999995,28.885234899328868,43.52751677852349,33.2758389261745,994.4879194630865,0.3429530201342281,0.7,27.8,29.6,0,0.00000,3,15.0,0,90.0,10.333333333333334,7.2,6.3796551630946325,9.6,48.0,0.2,-2.0,122.0,30,6.333333333333333,4.8,25.9,0.1,3,15.0,13,24.967999999999847,,42
2021,15,Sochi,77,Valtteri Bottas,Mercedes,7,20,0.315789473684210526315789,1,4,3,18,104.71000000000001,112.36699999999999,118.30961111111112,13.15326312069451,2.717000000000013,260.0,301.0,156.0,302.0,4,2,4.0,3.4,0.24539999999999793,19.13860759493674,21.75696202531647,61.94746835443034,1023.1310126582275,0.29050632911392416,0.9,17.4,19.5,1,0.10127,3,15.0,0,90.0,6.0,7.4,6.18869937870632,9.0,45.0,0.2,0.6,137.0,31,6.666666666666667,6.2,22.9,0.2,5,10.0,15,29.472999999999956,,25
2021,16,Istanbul,77,Valtteri Bottas,Mercedes,2,20,0.052631578947368421052632,1,1,1,22,82.998,93.174,95.0746818181818,11.214807627954865,0.13000000000000966,283.0,297.0,256.0,327.0,5,2,3.6666666666666665,4.2,0.7277999999999991,15.825477707006387,18.180891719745237,93.52484076433116,1006.4101910828001,0.4866242038216559,0.8,15.5,16.1,0,0.00000,5,10.0,0,90.0,3.6666666666666665,7.8,5.890670590009257,8.0,40.0,0.2,2.8,147.0,32,5.166666666666667,6.4,21.9,0.2,1,26.0,1,22.93199999999979,1,38
2021,17,Austin,77,Valtteri Bottas,Mercedes,4,20,0.157894736842105263157895,1,2,2,10,93.475,94.65899999999999,109.06290000000001,16.38991076817958,0.5649999999999977,236.0,196.0,216.0,322.0,5,2,3.3333333333333335,4.2,0.6908000000000015,28.148447204968935,37.470807453416164,61.19254658385094,992.1298136645961,0.8540372670807448,1.5,26.4,29.5,0,0.00000,1,26.0,0,90.0,3.0,4.8,4.266145801540309,13.2,66.0,0.0,5.6,173.0,33,5.333333333333333,5.2,25.5,0.1,6,8.0,8,23.631999999999607,,27
2021,18,Mexico City,77,Valtteri Bottas,Mercedes,1,20,0E-24,1,2,-1,16,75.875,95.309,92.3575625,16.005599440898802,0.0,317.0,299.0,258.0,349.0,5,2,4.333333333333333,3.4,0.7498000000000019,21.20670731707316,47.57926829268294,31.2109756097561,784.2134146341465,0.3664634146341462,0.8,19.2,23.2,0,0.00000,6,8.0,0,90.0,4.0,3.6,1.9493588689617927,14.8,74.0,0.0,6.0,181.0,34,3.3333333333333335,4.5,29.4,0.1,15,0.0,11,22.478000000000065,1,54
2021,19,São Paulo,77,Valtteri Bottas,Mercedes,3,20,0.105263157894736842105263,1,1,2,17,68.426,84.81,83.91835294117647,16.804962042285222,0.49200000000000443,322.0,266.0,320.0,322.0,6,1,2.3333333333333335,3.0,0.6824000000000041,23.137341772151892,51.56139240506331,60.10126582278483,926.9303797468358,0.39177215189873377,0.8,22.5,24.0,0,0.00000,15,0.0,0,90.0,7.333333333333333,6.0,5.385164807134504,11.8,59.0,0.0,3.2,181.0,35,5.166666666666667,5.7,26.2,0.1,3,15.0,4,18.162000000000262,,27
2021,20,Lusail,77,Valtteri Bottas,Mercedes,3,20,0.105263157894736842105263,1,1,2,13,81.47800000000001,82.98,105.64861538461537,27.721471325005044,0.6510000000000105,252.0,280.0,315.0,322.0,6,2,2.6666666666666665,3.4,0.7808000000000049,26.41513157894735,30.603289473684203,75.54013157894735,1012.3072368421057,0.4230263157894732,0.8,26.0,27.4,1,0.01974,3,15.0,0,90.0,8.0,6.0,5.385164807134504,11.8,59.0,0.0,-0.4,196.0,36,4.833333333333333,4.1,31.2,0.0,20,0.0,9,36.35500000000047,,51
2021,21,Jeddah,77,Valtteri Bottas,Mercedes,2,20,0.052631578947368421052632,1,1,1,21,87.622,106.48400000000001,107.14166666666667,18.699814371627685,0.1110000000000042,298.0,319.0,309.0,324.0,4,2,2.3333333333333335,2.6,0.3676000000000045,28.816062176165733,31.684974093264252,76.20310880829015,1013.7974093264247,0.2715025906735748,0.6,28.5,29.2,0,0.00000,20,0.0,1,90.0,12.666666666666666,9.0,8.154753215150045,9.8,49.0,0.2,-5.4,196.0,37,7.0,5.6,29.2,0.1,3,15.0,3,20.849999999999454,,29
2021,22,Yas Island,77,Valtteri Bottas,Mercedes,6,20,0.263157894736842105263158,1,2,4,14,83.036,83.367,96.43328571428573,15.809125278330047,0.9269999999999925,293.0,317.0,226.0,322.0,6,2,2.6666666666666665,2.6,0.36380000000000334,24.51910828025481,28.46560509554141,59.05477707006371,1017.7108280254776,0.41464968152866166,0.7,23.5,25.7,0,0.00000,3,15.0,0,90.0,8.666666666666666,9.4,7.700649323271382,7.6,38.0,0.2,-5.6,211.0,38,4.833333333333333,5.4,30.2,0.1,6,8.0,9,21.725999999999658,,22
2022,1,Sakhir,77,Valtteri Bottas,Alfa Romeo,6,20,0.263157894736842105263158,1,15,-9,9,91.56,92.459,101.15355555555554,11.046704328793169,1.0020000000000095,240.0,269.0,287.0,315.0,5,1,3.6666666666666665,3.0,0.4362000000000023,23.617791411042962,28.610429447852766,29.49079754601227,1010.3858895705521,0.3049079754601232,0.8,22.3,25.7,0,0.00000,6,8.0,0,88.0,9.666666666666666,9.4,7.700649323271382,7.6,38.0,0.2,-6.2,,39,,,,,6,8.0,17,25.136999999999716,,30
2022,2,Jeddah,77,Valtteri Bottas,Alfa Romeo,8,20,0.368421052631578947368421,1,13,-5,17,89.18299999999999,98.048,105.30005882352941,17.156690158180965,15.512999999999991,286.0,324.0,303.0,328.0,4,1,4.666666666666667,4.0,0.6366000000000043,25.42039473684213,28.4092105263158,59.66447368421053,1012.7776315789473,2.3592105263157874,4.0,25.3,25.6,0,0.00000,6,8.0,0,88.0,5.0,7.6,7.092249290598858,9.2,46.0,0.2,-3.4,8.0,40,8.0,8.0,9.0,0.0,15,0.0,2,22.567000000000007,,19
2022,3,Melbourne,77,Valtteri Bottas,Alfa Romeo,12,20,0.578947368421052631578947,0,14,-2,10,79.251,79.914,94.8061,18.3960781535993,1.3830000000000098,283.0,307.0,301.0,316.0,3,1,6.666666666666667,5.0,3.6408000000000014,26.697435897435888,37.40833333333329,43.65384615384615,1014.2461538461532,1.8128205128205122,4.4,25.8,27.4,0,0.00000,15,0.0,1,88.0,9.0,10.0,7.176350047203662,6.2,31.0,0.4,-4.4,8.0,41,10.5,10.5,4.5,0.25,8,4.0,10,18.413000000000466,,6
2022,4,Imola,77,Valtteri Bottas,Alfa Romeo,8,20,0.368421052631578947368421,1,14,-6,13,80.19200000000001,87.468,89.81007692307693,9.615194359810054,1.51400000000001,217.0,258.0,274.0,288.0,5,2,8.666666666666666,6.8,3.7872000000000012,12.899367088607601,17.418987341772137,83.17088607594937,1001.0386075949358,1.4822784810126568,2.5,11.1,14.2,0,0.00000,8,4.0,0,88.0,9.666666666666666,7.6,4.505552130427524,7.0,35.0,0.2,-0.8,12.0,42,10.166666666666666,10.166666666666666,4.333333333333333,0.16666666666666666,5,10.0,2,40.92700000000059,,9
2022,5,Miami,77,Valtteri Bottas,Alfa Romeo,5,20,0.210526315789473684210526,1,17,-12,14,89.475,90.939,102.84292857142859,13.481686104685673,0.679000000000002,225.0,194.0,286.0,326.0,5,1,9.333333333333334,8.0,4.067800000000003,30.61728395061729,42.81975308641976,58.858024691358025,1009.3049382716049,2.26728395061728,5.0,29.4,32.3,1,0.05556,5,10.0,0,88.0,9.333333333333334,8.0,4.06201920231798,6.0,30.0,0.2,-0.2,22.0,43,10.833333333333334,10.125,5.75,0.125,7,6.0,1,19.60699999999997,,17
2022,6,Barcelona,77,Valtteri Bottas,Alfa Romeo,7,20,0.315789473684210526315789,1,15,-8,11,79.608,80.47,91.66890909090911,13.299684503435003,0.8580000000000041,287.0,305.0,285.0,321.0,6,1,8.333333333333334,7.8,4.018200000000005,36.56585365853659,48.95731707317072,7.109756097560975,996.0158536585362,3.4884146341463396,5.5,35.9,37.2,0,0.00000,7,6.0,0,88.0,6.666666666666667,8.2,3.9623225512317894,5.6,28.0,0.2,-0.6,28.0,44,11.0,10.8,5.8,0.2,6,8.0,6,22.52599999999984,,16
2022,7,Monaco,77,Valtteri Bottas,Alfa Romeo,12,20,0.578947368421052631578947,0,20,-8,12,72.909,93.283,90.93575,17.047922833348885,1.5330000000000013,219.0,201.0,270.0,280.0,5,1,6.666666666666667,8.0,3.9894000000000034,22.274693877550995,31.038367346938788,75.66530612244898,1002.9922448979627,0.9902040816326523,3.2,20.9,24.3,1,0.43673,6,8.0,0,88.0,6.0,8.2,3.9623225512317903,5.6,28.0,0.2,-0.4,36.0,45,12.0,11.7,5.6,0.3,9,2.0,5,25.840000000000146,,1
2022,8,Baku,77,Valtteri Bottas,Alfa Romeo,15,20,0.736842105263157894736842,0,14,1,9,104.444,125.92699999999999,121.23533333333333,13.312303491507393,3.0849999999999937,225.0,223.0,334.0,316.0,3,1,8.0,8.8,1.1934000000000053,25.435403726708074,47.149689440993804,59.49068322981366,1009.9012422360254,1.5291925465838494,2.9,24.9,26.1,0,0.00000,9,2.0,0,88.0,7.333333333333333,7.0,1.5811388300841898,6.0,30.0,0.0,1.6,38.0,46,12.833333333333334,11.6,6.0,0.2,11,0.0,7,20.959000000000742,,-1
2022,9,Montréal,77,Valtteri Bottas,Alfa Romeo,11,20,0.526315789473684210526316,0,10,1,16,86.788,94.162,96.3831875,8.134253050885086,5.48899999999999,225.0,269.0,272.0,297.0,3,2,11.333333333333334,9.4,1.5338000000000023,20.762962962962966,41.261111111111084,28.925925925925927,1012.4012345679009,3.5524691358024683,5.6,18.8,22.3,0,0.00000,11,0.0,0,88.0,8.666666666666666,7.6,2.4083189157584592,5.2,26.0,0.0,1.6,38.0,47,13.166666666666666,12.6,5.2,0.3,7,6.0,5,26.006999999999607,,3
2022,10,Silverstone,77,Valtteri Bottas,Alfa Romeo,12,20,0.578947368421052631578947,0,9,3,18,101.396,107.703,110.5795,9.43152246614574,2.26700000000001,295.0,244.0,231.0,294.0,2,1,12.666666666666666,10.0,2.3287999999999984,18.253201970443335,30.026108374384233,59.748768472906406,1002.3581280788169,1.4561576354679806,3.9,17.5,19.2,1,0.04433,7,6.0,0,88.0,9.0,8.0,2.0,4.4,22.0,0.0,2.0,44.0,48,11.5,12.1,5.2,0.3,17,0.0,3,3055.836,,13
2022,11,Spielberg,77,Valtteri Bottas,Alfa Romeo,12,20,0.578947368421052631578947,0,18,-6,10,66.319,66.92,76.58489999999998,10.681810546178227,1.335000000000008,312.0,244.0,283.0,315.0,4,1,12.666666666666666,11.4,2.6464,20.255921052631592,30.74671052631582,35.13815789473684,939.7124999999984,1.2552631578947366,3.9,19.7,21.1,0,0.00000,17,0.0,1,88.0,11.666666666666666,10.0,4.358898943540674,3.2,16.0,0.2,1.4,44.0,49,13.333333333333334,13.0,4.0,0.4,11,0.0,14,22.278000000000247,,12
2022,12,Le Castellet,77,Valtteri Bottas,Alfa Romeo,13,20,0.631578947368421052631579,0,18,-5,5,93.03399999999999,93.531,104.5558,25.06618148422292,2.161999999999992,116.0,279.0,298.0,329.0,3,1,11.666666666666666,12.4,2.7418000000000005,30.164843750000003,54.46171874999998,47.734375,967.9078124999985,1.9460937500000002,4.0,29.1,30.8,0,0.00000,11,0.0,0,88.0,11.666666666666666,11.0,3.7416573867739413,1.6,8.0,0.2,1.5,44.0,50,12.666666666666666,13.0,2.4,0.3,14,0.0,8,36.28199999999924,,10
2022,13,Budapest,77,Valtteri Bottas,Alfa Romeo,8,20,0.368421052631578947368421,1,12,-4,13,78.157,79.93,91.04792307692307,14.974461751381574,0.7800000000000011,278.0,249.0,257.0,299.0,6,1,12.333333333333334,12.6,2.8675999999999986,18.55988023952095,26.72095808383233,69.31736526946108,985.5814371257485,4.034131736526945,5.8,17.8,19.4,1,0.27545,14,0.0,0,88.0,14.0,12.0,3.7416573867739418,1.2,6.0,0.2,0.0,44.0,51,15.166666666666666,13.5,2.0,0.3,20,0.0,9,22.28099999999995,,36
2022,14,Spa-Francorchamps,77,Valtteri Bottas,Alfa Romeo,20,20,1.000000000000000000000000,0,13,7,3,107.866,116.25200000000001,118.64933333333335,12.160539845472877,4.201000000000008,333.0,202.0,219.0,308.0,2,1,11.0,11.2,2.4066,21.78717948717949,36.083974358974366,40.51923076923077,971.0519230769214,1.5192307692307678,3.5,20.7,22.5,0,0.00000,20,0.0,1,88.0,15.0,13.8,5.06951674225463,1.2,6.0,0.4,-4.0,44.0,52,14.666666666666666,13.9,2.0,0.3,19,0.0,0,,,-2
2022,15,Zandvoort,77,Valtteri Bottas,Alfa Romeo,16,20,0.789473684210526315789474,0,14,2,6,71.961,72.895,84.577,13.70014989699018,1.6189999999999998,278.0,283.0,314.0,317.0,3,1,13.666666666666666,13.0,2.1490000000000036,22.730061349693237,33.44601226993866,75.38036809815951,1017.1098159509202,1.0619631901840485,2.0,22.3,23.3,0,0.00000,19,0.0,1,88.0,17.666666666666668,16.2,3.7013511046643495,0.0,0.0,0.6,-6.5,44.0,53,16.0,15.7,0.0,0.4,19,0.0,13,19.72400000000016,,19
2022,16,Monza,77,Valtteri Bottas,Alfa Romeo,12,20,0.578947368421052631578947,0,14,-2,8,82.235,82.911,95.526625,14.491948286031105,2.073999999999998,323.0,336.0,310.0,343.0,4,1,14.666666666666666,13.8,2.019400000000002,27.734693877551035,43.138775510204084,33.14965986394558,993.340136054421,1.3612244897959178,2.7,26.4,28.5,0,0.00000,19,0.0,1,88.0,19.333333333333332,16.6,3.9115214431215892,0.0,0.0,0.6,-6.0,44.0,54,16.833333333333332,15.6,0.0,0.3,13,0.0,13,24.72899999999936,,15
2022,17,Marina Bay,77,Valtteri Bottas,Alfa Romeo,16,20,0.789473684210526315789474,0,15,1,5,116.083,117.626,123.49659999999999,12.965819133398394,6.670999999999992,287.0,262.0,242.0,278.0,1,1,16.0,13.8,2.1672,26.232549019607895,28.973333333333354,87.44705882352942,1008.1439215686289,0.929803921568626,2.7,24.3,27.7,1,0.18039,13,0.0,0,88.0,17.0,17.0,3.24037034920393,0.0,0.0,0.6,-4.4,44.0,55,15.166666666666666,15.4,0.2,0.3,11,0.0,5,32.16400000000067,,-5
2022,18,Suzuka,77,Valtteri Bottas,Alfa Romeo,12,20,0.578947368421052631578947,0,14,-2,8,90.709,91.26,106.09975,16.442476123486646,1.4050000000000011,277.0,297.0,266.0,297.0,4,1,14.666666666666666,14.4,3.069,16.717647058823538,19.930588235294138,86.21176470588236,1015.7062745098052,2.040784313725487,4.0,15.8,19.0,1,0.98039,11,0.0,0,88.0,14.333333333333334,16.4,4.098780306383839,0.0,0.0,0.6,-3.0,44.0,56,14.833333333333334,15.5,0.2,0.4,15,0.0,5,25.178000000001703,,11
2022,19,Austin,77,Valtteri Bottas,Alfa Romeo,10,20,0.473684210526315789473684,1,14,-4,12,96.319,96.81700000000001,110.48166666666667,15.044029781298827,1.963000000000008,229.0,191.0,209.0,318.0,6,1,13.333333333333334,15.2,3.194,29.28529411764708,35.52352941176471,49.62352941176471,991.1994117647055,5.487058823529408,10.1,28.3,30.7,0,0.00000,15,0.0,0,88.0,13.0,15.4,3.5777087639996634,0.0,0.0,0.4,-1.2,44.0,57,14.166666666666666,15.3,0.2,0.3,19,0.0,2,24.99499999999989,,21
2022,20,Mexico City,77,Valtteri Bottas,Alfa Romeo,6,20,0.263157894736842105263158,1,12,-6,11,78.401,79.901,88.45554545454544,10.98550169417525,0.6259999999999906,313.0,293.0,251.0,346.0,6,1,12.666666666666666,13.2,2.7464,24.312727272727287,41.68909090909089,34.442424242424245,780.4072727272716,1.3369696969696967,4.0,22.8,25.5,0,0.00000,19,0.0,1,88.0,15.0,15.4,3.5777087639996634,0.0,0.0,0.4,-2.4,44.0,58,15.5,15.1,0.2,0.3,10,1.0,3,23.868999999999687,,17
2022,21,São Paulo,77,Valtteri Bottas,Alfa Romeo,18,20,0.894736842105263157894737,0,17,1,12,75.486,79.91499999999999,93.43191666666667,18.028109725236074,4.605000000000004,300.0,249.0,302.0,300.0,3,2,9.333333333333334,11.2,2.547799999999998,23.01077844311378,46.04910179640717,76.07784431137725,922.1604790419151,1.4443113772455085,2.9,20.9,25.1,0,0.00000,10,1.0,0,88.0,14.666666666666666,13.6,3.5777087639996634,0.2,1.0,0.2,-2.6,45.0,59,14.166666666666666,13.9,0.4,0.2,9,2.0,14,24.024999999999636,,-2
2022,22,Yas Island,77,Valtteri Bottas,Alfa Romeo,18,20,0.894736842105263157894737,0,15,3,4,85.892,86.5,103.12875,19.843927725713307,2.067999999999998,286.0,316.0,219.0,321.0,2,1,11.333333333333334,12.4,3.0539999999999994,28.57548387096773,34.31032258064516,61.68387096774194,1013.5206451612893,2.608387096774191,4.1,27.8,29.7,0,0.00000,9,2.0,0,88.0,12.666666666666666,12.8,4.147288270665544,0.6,3.0,0.2,-2.0,47.0,60,12.5,13.7,0.6,0.2,15,0.0,9,22.592999999999847,,3
2023,1,Sakhir,77,Valtteri Bottas,Alfa Romeo,12,20,0.578947368421052631578947,0,13,-1,8,91.443,92.17,107.541625,17.248545702153724,1.7349999999999994,240.0,268.0,282.0,318.0,4,1,14.0,12.8,2.1334000000000004,27.43167701863353,31.01180124223602,21.496894409937887,1016.863975155279,0.6832298136645952,2.2,26.2,29.8,0,0.00000,15,0.0,0,87.0,11.333333333333334,13.6,4.09878030638384,0.6,3.0,0.2,-2.2,,61,11.833333333333334,13.3,0.6,0.1,8,4.0,7,25.343000000000757,,3
2023,2,Jeddah,77,Valtteri Bottas,Alfa Romeo,14,20,0.684210526315789473684211,0,12,2,14,89.668,100.312,107.46657142857144,17.825648223036062,1.4030000000000058,289.0,321.0,307.0,330.0,4,1,16.0,12.8,2.1994,26.09189189189191,31.792567567567573,57.79054054054054,1010.9297297297305,1.7722972972972975,3.7,25.8,26.4,0,0.00000,8,4.0,0,87.0,10.666666666666666,12.2,4.658325879540846,1.4,7.0,0.2,-0.8,4.0,62,12.0,12.6,1.4,0.2,18,0.0,2,21.53099999999995,,10
2023,3,Melbourne,77,Valtteri Bottas,Alfa Romeo,19,20,0.947368421052631578947368,0,17,2,10,78.714,85.608,90.4752,12.323668652907976,1.9819999999999993,283.0,317.0,305.0,319.0,2,1,14.666666666666666,13.6,2.0873999999999997,17.449549549549555,30.139639639639615,54.15765765765766,1018.3666666666695,1.1270270270270264,5.0,16.8,18.1,0,0.00000,18,0.0,1,87.0,13.666666666666666,12.0,4.301162633521313,1.4,7.0,0.2,0.8,4.0,63,13.666666666666666,12.6,1.4,0.2,11,0.0,8,19.82799999999952,,-8
2026,1,Melbourne,77,Valtteri Bottas,Cadillac,19,19,1.000000000000000000000000,0,18,1,5,83.244,101.32300000000001,100.50159999999998,19.151073110925147,4.725999999999999,264.0,297.0,304.0,307.0,3,1,15.0,16.2,2.3586000000000014,24.23445945945945,36.13445945945945,53.97297297297296,1012.5608108108116,2.5614864864864857,4.6,23.1,25.3,0,0.00000,18,0.0,1,82.0,15.666666666666666,14.8,3.1144823004794873,0.0,0.0,0.6,-1.4,,107,,,,,19,0.0,3,30.686999999999898,,3
2026,2,Shanghai,77,Valtteri Bottas,Cadillac,20,22,0.904761904761904761904762,0,22,-2,6,95.436,96.968,107.95250000000003,13.402260760782113,3.372000000000014,280.0,275.0,265.0,312.0,3,1,17.333333333333332,16.4,2.3828000000000005,15.572368421052628,22.616447368421053,54.99802631578948,1024.481578947368,2.1934210526315794,4.5,14.9,16.4,0,0.00000,19,0.0,1,82.0,16.0,15.8,3.5637059362410923,0.0,0.0,0.6,-1.6,0.0,108,17.5,17.5,0.0,1.0,13,0.0,7,27.847000000000662,,-7
2026,3,Suzuka,77,Valtteri Bottas,Cadillac,20,22,0.904761904761904761904762,0,19,1,6,92.33,93.02799999999999,102.63466666666666,11.644968418448663,3.5520000000000067,282.0,331.0,270.0,286.0,3,1,19.333333333333332,16.8,2.6436000000000037,18.556410256410274,34.1429487179487,52.49551282051283,1011.7987179487181,1.9506410256410254,3.7,17.3,19.5,0,0.00000,13,0.0,1,82.0,16.666666666666668,15.8,3.5637059362410923,0.0,0.0,0.8,0.0,0.0,109,15.75,15.75,0.0,1.0,19,0.0,3,25.125,,1
2026,4,Miami Gardens,77,Valtteri Bottas,Cadillac,19,22,0.857142857142857142857143,0,20,-1,5,91.629,92.69800000000001,103.34760000000001,16.15578547455988,3.831000000000003,216.0,190.0,269.0,306.0,3,1,19.666666666666668,18.4,3.007000000000005,27.125595238095247,37.01190476190477,70.44821428571433,1015.6476190476195,1.1517857142857149,4.8,25.7,28.1,1,0.01786,19,0.0,1,82.0,17.0,16.0,3.7416573867739413,0.0,0.0,0.8,0.0,0.0,110,16.5,16.5,0.0,0.8333333333333334,18,0.0,2,17.01000000000022,,0
2026,5,Montréal,77,Valtteri Bottas,Cadillac,22,22,1.000000000000000000000000,0,20,2,8,76.27199999999999,89.605,91.682625,12.306459278856082,3.6939999999999884,245.0,282.0,275.0,315.0,2,1,19.666666666666668,19.4,3.4926000000000044,12.848750000000004,17.82749999999999,71.69499999999992,1024.2043749999991,3.0156249999999987,6.2,12.1,13.7,0,0.00000,18,0.0,1,82.0,16.666666666666668,17.4,2.5099800796022262,0.0,0.0,1.0,-0.2,0.0,111,16.333333333333332,16.625,0.0,0.875,16,0.0,6,24.39300000000003,,-6
2026,6,Monte Carlo,77,Valtteri Bottas,Cadillac,20,22,0.904761904761904761904762,0,18,2,10,75.283,81.756,85.70410000000001,9.432797610818684,3.2319999999999993,210.0,190.0,264.0,281.0,3,1,20.333333333333332,20.0,3.835000000000002,23.677403846153872,37.976923076923086,62.198557692307695,1021.4403846153845,0.8418269230769228,3.5,22.6,24.5,0,0.00000,16,0.0,1,82.0,17.666666666666668,17.0,2.5495097567963922,0.0,0.0,1.0,2.6,0.0,112,17.166666666666668,16.6,0.0,0.9,21,0.0,0,26.764999999999873,,2
2026,7,Barcelona,77,Valtteri Bottas,Cadillac,20,22,0.904761904761904761904762,0,19,1,6,77.757,79.105,90.10950000000001,13.602359321088377,3.078000000000003,272.0,283.0,293.0,334.0,3,1,20.333333333333332,20.2,3.5362000000000022,30.529333333333362,50.28666666666666,28.866000000000017,1000.5366666666639,2.5713333333333326,5.2,29.8,31.1,0,0.00000,21,0.0,1,82.0,18.333333333333332,17.4,3.0495901363953815,0.0,0.0,1.0,2.4,0.0,113,17.166666666666668,16.7,0.0,0.8,21,0.0,2,23.368999999999687,,4
2021,1,Sakhir,22,Yuki Tsunoda,AlphaTauri,13,20,0.631578947368421052631579,0,5,8,6,90.607,91.327,106.08050000000001,17.594525759451436,1.6099999999999994,245.0,273.0,290.0,318.0,3,2,,,,20.538345864661654,27.627819548872182,54.51729323308271,1014.9105263157908,0.8872180451127818,1.4,20.4,20.9,0,0.00000,,,,77.0,,,,,,,,,0,9.0,10.3,6.0,0.1,9,2.0,14,24.319000000000415,,8
2021,2,Imola,22,Yuki Tsunoda,AlphaTauri,20,20,1.000000000000000000000000,0,5,15,,,,,,,,,,,,,13.0,13.0,1.6099999999999994,10.621118012422354,16.827329192546586,69.48881987577641,1011.2527950310558,0.4788819875776397,1.1,9.2,12.3,1,0.40994,9,2.0,0,77.0,9.0,9.0,,2.0,2.0,0.0,4.0,2.0,1,10.5,10.5,4.0,0.1,12,0.0,8,30.695999999999913,,-8
2021,3,Portimão,22,Yuki Tsunoda,AlphaTauri,14,20,0.684210526315789473684211,0,9,5,13,79.463,91.258,93.56861538461537,12.381568038408687,1.4949999999999903,290.0,193.0,293.0,312.0,4,1,16.5,16.5,1.6099999999999994,19.39253731343283,38.9507462686567,39.40373134328356,1004.8134328358209,0.8373134328358207,1.4,18.1,20.0,0,0.00000,12,0.0,0,77.0,10.5,10.5,2.1213203435596424,1.0,2.0,0.0,6.0,2.0,2,10.666666666666666,9.9,5.2,0.1,15,0.0,6,22.167999999999665,,8
2021,4,Barcelona,22,Yuki Tsunoda,AlphaTauri,16,20,0.789473684210526315789474,0,12,4,4,78.556,78.648,103.4495,28.699429372956768,1.8149999999999977,288.0,304.0,283.0,310.0,2,1,15.666666666666666,15.666666666666666,1.5524999999999949,22.203076923076917,32.92230769230769,57.55307692307693,993.5746153846156,0.4576923076923076,0.9,21.3,23.5,0,0.00000,15,0.0,0,77.0,12.0,12.0,3.0,0.6666666666666666,2.0,0.0,3.6666666666666665,2.0,3,11.666666666666666,10.7,3.8,0.1,20,0.0,2,,,10
2021,5,Monte Carlo,22,Yuki Tsunoda,AlphaTauri,16,19,0.833333333333333333333333,0,6,10,11,72.096,91.87,84.98181818181818,11.547625338728146,1.75,221.0,202.0,276.0,282.0,2,1,16.666666666666668,15.75,1.639999999999996,20.760740740740758,37.59555555555557,61.42444444444447,1015.5711111111107,0.31629629629629613,0.6,20.3,21.5,0,0.00000,20,0.0,1,77.0,15.666666666666666,14.0,4.69041575982343,0.5,2.0,0.25,1.75,2.0,4,12.333333333333334,11.9,2.8,0.2,16,0.0,2,24.225999999999658,,2
2021,6,Baku,22,Yuki Tsunoda,AlphaTauri,8,20,0.368421052631578947368421,1,4,4,9,101.654,102.87700000000001,116.52655555555556,17.698517601137606,0.43599999999999284,243.0,236.0,331.0,312.0,3,1,15.333333333333334,15.8,1.6674999999999969,24.170930232558128,38.31453488372088,55.805232558139544,1014.7308139534875,0.2837209302325581,0.8,22.9,25.5,0,0.00000,16,0.0,0,77.0,17.0,14.4,4.159326868617084,0.4,2.0,0.2,1.4,2.0,5,12.833333333333334,12.2,3.6,0.2,7,6.0,6,14.938000000000102,,13
2021,7,Le Castellet,22,Yuki Tsunoda,AlphaTauri,20,20,1.000000000000000000000000,0,6,14,,,,,,,,,,,,,13.333333333333334,14.8,1.3739999999999952,25.314399999999992,35.22879999999999,58.63039999999999,960.6376,1.1655999999999997,1.8,23.8,27.4,0,0.00000,7,6.0,0,77.0,14.333333333333334,14.0,4.847679857416329,1.2,6.0,0.2,0.6,8.0,6,10.333333333333334,10.6,7.4,0.1,13,0.0,10,30.059999999999945,,-4
2021,8,Spielberg,22,Yuki Tsunoda,AlphaTauri,8,20,0.368421052631578947368421,1,6,2,14,64.514,65.136,79.88242857142858,17.26488198945739,0.6729999999999947,319.0,248.0,287.0,314.0,6,1,14.666666666666666,14.8,1.3739999999999952,26.692372881355922,52.352542372881345,33.24661016949152,938.4771186440671,0.3677966101694914,1.2,26.0,27.3,0,0.00000,13,0.0,0,77.0,12.0,14.2,4.764451699828638,1.2,6.0,0.2,-1.25,8.0,7,8.666666666666666,10.7,7.4,0.1,10,1.0,7,21.208000000000084,,15
2021,9,Spielberg,22,Yuki Tsunoda,AlphaTauri,7,20,0.315789473684210526315789,1,6,1,14,64.273,65.281,79.00292857142857,17.236853132680064,0.5529999999999973,320.0,250.0,289.0,318.0,6,2,12.0,13.6,1.1684999999999963,20.966025641025656,33.18397435897434,49.730769230769255,934.7211538461531,0.348076923076923,0.9,19.0,22.6,1,0.03846,10,1.0,0,77.0,10.0,13.2,5.06951674225463,1.4,7.0,0.2,-0.75,9.0,8,10.0,11.2,7.4,0.2,12,0.0,11,21.161000000000058,,25
2021,10,Silverstone,22,Yuki Tsunoda,AlphaTauri,16,20,0.789473684210526315789474,0,12,4,8,88.043,88.502,104.84724999999999,18.55354057662772,2.0200000000000102,316.0,268.0,255.0,327.0,2,1,11.666666666666666,11.8,0.8529999999999962,29.4,50.931521739130446,37.20217391304347,1007.2461956521738,0.317934782608696,0.8,28.4,30.1,0,0.00000,12,0.0,0,77.0,11.666666666666666,11.6,3.361547262794322,1.4,7.0,0.0,-1.0,9.0,9,11.833333333333334,10.3,7.6,0.1,10,1.0,10,29.144000000000233,,-1
2021,11,Budapest,22,Yuki Tsunoda,AlphaTauri,16,20,0.789473684210526315789474,0,5,11,6,77.919,92.888,98.19233333333334,19.348932225491584,2.5,278.0,249.0,258.0,297.0,2,1,10.333333333333334,11.8,0.9204999999999988,27.22670157068063,37.82251308900524,68.61570680628276,977.6308900523562,0.5675392670157061,1.2,25.7,29.1,1,0.30366,10,1.0,0,77.0,10.666666666666666,10.4,2.3021728866442674,1.6,8.0,0.0,0.5,10.0,10,12.0,10.2,6.2,0.1,6,8.0,4,21.04399999999987,,-8
2021,12,Spa-Francorchamps,22,Yuki Tsunoda,AlphaTauri,17,20,0.842105263157894736842105,0,6,11,7,122.413,131.949,132.80942857142855,8.78968950640736,6.387999999999991,309.0,181.0,215.0,286.0,2,2,13.0,13.4,1.4365000000000006,13.012413793103491,15.258620689655164,96.4358620689655,970.2217241379296,0.5113793103448276,1.0,12.4,13.4,1,0.84138,6,8.0,0,77.0,9.333333333333334,10.2,2.6832815729997477,2.0,10.0,0.0,3.0,18.0,11,8.833333333333334,10.3,5.8,0.1,15,0.0,0,15418.998,,-4
2021,13,Zandvoort,22,Yuki Tsunoda,AlphaTauri,15,20,0.736842105263157894736842,0,4,11,10,70.462,71.98,82.6476,13.344062809604377,1.5769999999999982,276.0,288.0,301.0,309.0,4,1,16.333333333333332,12.8,2.4267999999999987,21.50443037974685,36.10569620253166,54.10822784810126,1021.5056962025316,0.442405063291139,0.9,20.4,22.4,0,0.00000,15,0.0,0,77.0,10.333333333333334,10.6,3.286335345030997,2.0,10.0,0.0,2.6,18.0,12,8.833333333333334,10.4,5.4,0.1,19,0.0,5,19.85400000000027,,13
2021,14,Monza,22,Yuki Tsunoda,AlphaTauri,17,20,0.842105263157894736842105,0,6,11,6,81.711,82.703,94.177,13.75975861706883,2.1559999999999917,315.0,330.0,307.0,332.0,3,1,16.0,14.2,2.6075999999999993,28.885234899328868,43.52751677852349,33.2758389261745,994.4879194630865,0.3429530201342281,0.7,27.8,29.6,0,0.00000,19,0.0,1,77.0,13.333333333333334,12.4,4.9295030175464944,1.8,9.0,0.2,1.4,18.0,13,9.166666666666666,9.7,7.6,0.1,20,0.0,,,,6
2021,15,Sochi,22,Yuki Tsunoda,AlphaTauri,13,20,0.631578947368421052631579,0,12,1,17,106.751,110.794,118.39635294117647,12.548352859744066,4.75800000000001,252.0,302.0,152.0,301.0,3,1,16.333333333333332,16.2,2.928199999999998,19.13860759493674,21.75696202531647,61.94746835443034,1023.1310126582275,0.29050632911392416,0.9,17.4,19.5,1,0.10127,20,0.0,1,77.0,18.0,14.0,5.958187643906492,1.8,9.0,0.4,3.0,18.0,14,13.833333333333334,11.5,7.2,0.3,17,0.0,5,30.014000000000124,,13
2021,16,Istanbul,22,Yuki Tsunoda,AlphaTauri,10,20,0.473684210526315789473684,1,5,5,17,84.054,99.938,100.98282352941177,17.493065155352618,1.186000000000007,282.0,293.0,253.0,325.0,6,2,15.0,15.6,3.4757999999999982,15.825477707006387,18.180891719745237,93.52484076433116,1006.4101910828001,0.4866242038216559,0.8,15.5,16.1,0,0.00000,17,0.0,0,77.0,18.666666666666668,15.4,5.594640292279745,1.6,8.0,0.4,0.25,18.0,15,15.333333333333334,12.4,7.0,0.3,14,0.0,1,23.064000000000306,,10
2021,17,Austin,22,Yuki Tsunoda,AlphaTauri,10,20,0.473684210526315789473684,1,9,1,12,94.918,96.47999999999999,109.25000000000001,15.081239501748218,2.0080000000000098,235.0,192.0,212.0,321.0,6,1,13.333333333333334,14.4,3.2129999999999996,28.148447204968935,37.470807453416164,61.19254658385094,992.1298136645961,0.8540372670807448,1.5,26.4,29.5,0,0.00000,14,0.0,0,77.0,17.0,17.0,2.5495097567963922,0.0,0.0,0.4,-3.5,18.0,16,14.833333333333334,13.3,4.8,0.3,9,2.0,6,23.453999999999724,,7
2021,18,Mexico City,22,Yuki Tsunoda,AlphaTauri,9,20,0.421052631578947368421053,1,5,4,10,76.701,93.92,92.97679999999998,14.204839228625964,0.8259999999999934,318.0,298.0,255.0,342.0,5,1,11.0,13.0,2.3370000000000033,21.20670731707316,47.57926829268294,31.2109756097561,784.2134146341465,0.3664634146341462,0.8,19.2,23.2,0,0.00000,9,2.0,0,77.0,13.333333333333334,15.8,4.43846820423443,0.4,2.0,0.4,-3.5,20.0,17,13.166666666666666,14.1,4.4,0.4,20,0.0,0,,,24
2021,19,São Paulo,22,Yuki Tsunoda,AlphaTauri,13,20,0.631578947368421052631579,0,5,8,6,69.35,69.515,82.21483333333333,14.099765436583214,1.4159999999999968,320.0,265.0,327.0,319.0,3,1,9.666666666666666,11.8,2.1868000000000025,23.137341772151892,51.56139240506331,60.10126582278483,926.9303797468358,0.39177215189873377,0.8,22.5,24.0,0,0.00000,20,0.0,1,77.0,14.333333333333334,16.0,4.636809247747852,0.4,2.0,0.4,-3.0,20.0,18,12.166666666666666,14.2,4.4,0.4,15,0.0,13,17.679000000000087,,17
2021,20,Lusail,22,Yuki Tsunoda,AlphaTauri,8,20,0.368421052631578947368421,1,4,4,11,81.881,82.922,103.6170909090909,25.04459636510257,1.054000000000002,252.0,280.0,313.0,319.0,6,1,10.666666666666666,11.0,2.0388000000000033,26.41513157894735,30.603289473684203,75.54013157894735,1012.3072368421057,0.4230263157894732,0.8,26.0,27.4,1,0.01974,15,0.0,0,77.0,14.666666666666666,15.0,4.06201920231798,0.4,2.0,0.2,-2.4,20.0,19,12.5,12.5,5.6,0.2,13,0.0,12,25.681000000000495,,25
2021,21,Jeddah,22,Yuki Tsunoda,AlphaTauri,8,20,0.368421052631578947368421,1,6,2,21,88.22200000000001,107.17,110.32966666666665,22.937927162961635,0.7110000000000127,292.0,314.0,309.0,318.0,6,2,10.0,10.0,1.2980000000000018,28.816062176165733,31.684974093264252,76.20310880829015,1013.7974093264247,0.2715025906735748,0.6,28.5,29.2,0,0.00000,13,0.0,0,77.0,16.0,14.2,3.96232255123179,0.4,2.0,0.2,-2.4,20.0,20,11.666666666666666,11.9,5.6,0.2,14,0.0,6,27.81999999999971,,21
2021,22,Yas Island,22,Yuki Tsunoda,AlphaTauri,8,20,0.368421052631578947368421,1,12,-4,16,83.011,95.788,101.66643749999999,19.805703303068206,0.9019999999999868,291.0,312.0,228.0,324.0,6,2,9.666666666666666,9.6,1.203000000000003,24.51910828025481,28.46560509554141,59.05477707006371,1017.7108280254776,0.41464968152866166,0.7,23.5,25.7,0,0.00000,14,0.0,0,77.0,14.0,14.2,3.9623225512317894,0.4,2.0,0.2,-2.6,20.0,21,11.0,11.9,5.6,0.2,4,12.0,11,21.865999999999985,,18
2022,1,Sakhir,22,Yuki Tsunoda,AlphaTauri,16,20,0.789473684210526315789474,0,10,6,5,92.75,105.096,102.06320000000001,8.319803946007381,2.1920000000000073,235.0,267.0,286.0,318.0,3,1,8.0,9.2,0.9817999999999983,23.617791411042962,28.610429447852766,29.49079754601227,1010.3858895705521,0.3049079754601232,0.8,22.3,25.7,0,0.00000,4,12.0,0,,10.333333333333334,13.2,5.805170109479997,2.4,12.0,0.2,-2.0,,22,8.833333333333334,9.9,9.6,0.1,8,4.0,15,24.159999999999854,,3
2022,2,Jeddah,22,Yuki Tsunoda,AlphaTauri,20,20,1.000000000000000000000000,0,9,11,,,,,,,,,,,,,10.666666666666666,10.6,1.2550000000000012,25.42039473684213,28.4092105263158,59.66447368421053,1012.7776315789473,2.3592105263157874,4.0,25.3,25.6,0,0.00000,8,4.0,0,,8.666666666666666,10.8,4.658325879540846,3.2,16.0,0.0,0.2,4.0,23,9.5,10.3,8.0,0.1,19,0.0,,,,-2
2022,3,Melbourne,22,Yuki Tsunoda,AlphaTauri,13,20,0.631578947368421052631579,0,11,2,12,79.424,102.15100000000001,102.92366666666668,19.398823255470155,1.5560000000000116,281.0,303.0,300.0,317.0,5,1,14.666666666666666,12.0,1.2147500000000022,26.697435897435888,37.40833333333329,43.65384615384615,1014.2461538461532,1.8128205128205122,4.4,25.8,27.4,0,0.00000,19,0.0,1,,10.333333333333334,11.6,5.770615218501403,3.2,16.0,0.2,0.2,4.0,24,10.666666666666666,10.8,7.6,0.2,15,0.0,5,18.414999999999964,,9
2022,4,Imola,22,Yuki Tsunoda,AlphaTauri,16,20,0.789473684210526315789474,0,17,-1,8,80.474,84.575,93.08787500000001,12.4296813364221,1.7960000000000065,218.0,258.0,272.0,290.0,2,2,16.333333333333332,13.0,1.3402500000000046,12.899367088607601,17.418987341772137,83.17088607594937,1001.0386075949358,1.4822784810126568,2.5,11.1,14.2,0,0.00000,15,0.0,0,,14.0,12.0,5.958187643906492,3.2,16.0,0.2,0.8,4.0,25,13.166666666666666,10.8,8.0,0.2,7,6.0,4,30.358000000000175,,-8
2022,5,Miami,22,Yuki Tsunoda,AlphaTauri,9,20,0.421052631578947368421053,1,7,2,13,89.932,91.944,101.86884615384614,13.319634065582493,1.13600000000001,223.0,191.0,286.0,327.0,6,1,16.333333333333332,14.6,1.611500000000003,30.61728395061729,42.81975308641976,58.858024691358025,1009.3049382716049,2.26728395061728,5.0,29.4,32.3,1,0.05556,7,6.0,0,,13.666666666666666,10.6,6.188699378706321,4.4,22.0,0.2,3.0,10.0,26,11.666666666666666,10.7,7.6,0.2,12,0.0,7,18.847999999999956,,15
2022,6,Barcelona,22,Yuki Tsunoda,AlphaTauri,13,20,0.631578947368421052631579,0,14,-1,10,80.639,81.836,90.37020000000001,9.788203703097588,1.8889999999999958,290.0,305.0,285.0,322.0,5,1,12.666666666666666,14.8,1.6700000000000088,36.56585365853659,48.95731707317072,7.109756097560975,996.0158536585362,3.4884146341463396,5.5,35.9,37.2,0,0.00000,12,0.0,0,,11.333333333333334,12.2,4.969909455915671,2.0,10.0,0.2,1.6,10.0,27,12.166666666666666,12.8,3.2,0.3,10,1.0,10,22.336999999999534,,5
2022,7,Monaco,22,Yuki Tsunoda,AlphaTauri,11,20,0.526315789473684210526316,0,17,-6,15,72.797,92.144,88.17486666666667,15.000108951350354,1.4209999999999923,215.0,201.0,270.0,283.0,5,1,12.666666666666666,14.2,1.594250000000006,22.274693877550995,31.038367346938788,75.66530612244898,1002.9922448979627,0.9902040816326523,3.2,20.9,24.3,1,0.43673,10,1.0,0,,9.666666666666666,12.6,4.61519230368573,1.4,7.0,0.2,0.6,11.0,28,12.0,12.3,2.6,0.2,17,0.0,3,24.77599999999984,,15
2022,8,Baku,22,Yuki Tsunoda,AlphaTauri,8,20,0.368421052631578947368421,1,6,2,13,103.056,118.15,118.95584615384617,17.575525344666815,1.6969999999999885,224.0,237.0,337.0,314.0,6,1,11.0,12.4,1.5596000000000032,25.435403726708074,47.149689440993804,59.49068322981366,1009.9012422360254,1.5291925465838494,2.9,24.9,26.1,0,0.00000,17,0.0,0,,13.0,12.2,3.96232255123179,1.4,7.0,0.0,-0.6,11.0,29,13.5,12.4,1.8,0.1,13,0.0,7,23.077000000000226,,20
2022,9,Montréal,22,Yuki Tsunoda,AlphaTauri,20,20,1.000000000000000000000000,0,16,4,3,96.575,98.494,112.246,25.49912423986362,15.275999999999996,194.0,267.0,266.0,295.0,1,1,10.666666666666666,11.4,1.5877999999999985,20.762962962962966,41.261111111111084,28.925925925925927,1012.4012345679009,3.5524691358024683,5.6,18.8,22.3,0,0.00000,13,0.0,0,,13.333333333333334,11.8,3.7013511046643495,1.4,7.0,0.0,-1.2,11.0,30,11.5,11.8,3.4,0.1,18,0.0,6,23.269999999999527,,2
2022,10,Silverstone,22,Yuki Tsunoda,AlphaTauri,13,20,0.631578947368421052631579,0,11,2,17,101.893,109.563,114.14452941176472,12.288218616410841,2.76400000000001,293.0,243.0,227.0,295.0,3,1,13.0,12.2,4.283799999999997,18.253201970443335,30.026108374384233,59.748768472906406,1002.3581280788169,1.4561576354679806,3.9,17.5,19.2,1,0.04433,18,0.0,1,,16.0,14.0,3.391164991562634,0.2,1.0,0.2,-1.8,11.0,31,13.0,13.1,2.2,0.2,14,0.0,8,29.461999999999534,,10
2022,11,Spielberg,22,Yuki Tsunoda,AlphaTauri,14,20,0.684210526315789473684211,0,10,4,13,66.463,80.951,78.92853846153845,13.661648354764177,1.4789999999999992,311.0,243.0,283.0,315.0,6,1,13.666666666666666,13.0,4.609399999999996,20.255921052631592,30.74671052631582,35.13815789473684,939.7124999999984,1.2552631578947366,3.9,19.7,21.1,0,0.00000,14,0.0,0,,15.0,14.4,3.2093613071762426,0.2,1.0,0.2,-1.4,11.0,32,13.333333333333334,13.1,2.2,0.2,16,0.0,16,21.453999999999724,,20
2022,12,Le Castellet,22,Yuki Tsunoda,AlphaTauri,8,20,0.368421052631578947368421,1,16,-8,8,92.78,93.47200000000001,100.181,19.144762857166526,1.9080000000000013,121.0,280.0,300.0,334.0,6,1,15.666666666666666,13.2,4.527399999999997,30.164843750000003,54.46171874999998,47.734375,967.9078124999985,1.9460937500000002,4.0,29.1,30.8,0,0.00000,16,0.0,0,,16.0,15.6,2.073644135332772,0.0,0.0,0.2,-2.0,11.0,33,15.5,13.9,2.0,0.2,20,0.0,3,37.60199999999986,,30
2022,13,Budapest,22,Yuki Tsunoda,AlphaTauri,16,20,0.789473684210526315789474,0,19,-3,6,79.24,80.58,90.31433333333335,13.554830764958544,1.8629999999999995,280.0,249.0,256.0,301.0,3,1,11.666666666666666,12.6,4.624799999999999,18.55988023952095,26.72095808383233,69.31736526946108,985.5814371257485,4.034131736526945,5.8,17.8,19.4,1,0.27545,20,0.0,1,,16.666666666666668,16.2,2.8635642126552705,0.0,0.0,0.4,-3.2,11.0,34,15.5,14.3,2.0,0.3,19,0.0,10,21.590000000000146,,16
2022,14,Spa-Francorchamps,22,Yuki Tsunoda,AlphaTauri,19,20,0.947368421052631578947368,0,12,7,4,106.69200000000001,108.0,121.51975,16.90449317735771,3.0270000000000152,334.0,204.0,222.0,307.0,2,1,12.666666666666666,14.2,4.658000000000001,21.78717948717949,36.083974358974366,40.51923076923077,971.0519230769214,1.5192307692307678,3.5,20.7,22.5,0,0.00000,19,0.0,0,,18.333333333333332,17.4,2.4083189157584592,0.0,0.0,0.4,-2.8,11.0,35,15.666666666666666,15.6,0.0,0.3,13,0.0,17,24.235999999999876,,5
2022,15,Zandvoort,22,Yuki Tsunoda,AlphaTauri,9,20,0.421052631578947368421053,1,11,-2,13,71.42699999999999,73.384,83.11723076923077,12.561090114276483,1.0849999999999937,281.0,284.0,313.0,323.0,7,1,14.333333333333334,14.0,2.208200000000005,22.730061349693237,33.44601226993866,75.38036809815951,1017.1098159509202,1.0619631901840485,2.0,22.3,23.3,0,0.00000,13,0.0,0,,17.333333333333332,16.4,3.0495901363953806,0.0,0.0,0.2,-4.0,11.0,36,14.166666666666666,14.6,0.4,0.2,20,0.0,4,18.782999999999447,,28
2022,16,Monza,22,Yuki Tsunoda,AlphaTauri,15,20,0.736842105263157894736842,0,9,6,4,82.02,82.762,90.077,8.881467183598295,1.8589999999999947,316.0,335.0,307.0,342.0,2,1,14.666666666666666,13.2,1.8724000000000018,27.734693877551035,43.138775510204084,33.14965986394558,993.340136054421,1.3612244897959178,2.7,26.4,28.5,0,0.00000,20,0.0,1,,17.333333333333332,17.6,3.0495901363953806,0.0,0.0,0.4,-6.5,11.0,37,14.0,14.7,0.4,0.2,14,0.0,11,23.916000000000167,,9
2022,17,Marina Bay,22,Yuki Tsunoda,AlphaTauri,10,20,0.473684210526315789473684,1,7,3,15,111.983,118.72399999999999,127.34966666666666,14.506533949848098,2.570999999999998,293.0,265.0,250.0,283.0,6,2,14.333333333333334,13.4,1.9484000000000008,26.232549019607895,28.973333333333354,87.44705882352942,1008.1439215686289,0.929803921568626,2.7,24.3,27.7,1,0.18039,14,0.0,0,,15.666666666666666,17.2,3.4205262752974144,0.0,0.0,0.4,-5.0,11.0,38,12.5,13.8,1.2,0.2,15,0.0,0,31.306000000000495,,11
2022,18,Suzuka,22,Yuki Tsunoda,AlphaTauri,13,20,0.631578947368421052631579,0,17,-4,10,90.80799999999999,92.53,104.3933,14.21091319334859,1.5039999999999907,281.0,302.0,265.0,301.0,5,1,11.333333333333334,13.8,2.0810000000000004,16.717647058823538,19.930588235294138,86.21176470588236,1015.7062745098052,2.040784313725487,4.0,15.8,19.0,1,0.98039,15,0.0,1,,16.333333333333332,16.2,3.114482300479487,0.0,0.0,0.4,-3.25,11.0,39,13.0,13.1,1.4,0.2,13,0.0,5,23.756999999999607,,5
2022,19,Austin,22,Yuki Tsunoda,AlphaTauri,15,20,0.736842105263157894736842,0,13,2,8,96.439,97.249,110.24999999999999,14.679753199560276,2.0829999999999984,225.0,188.0,209.0,320.0,4,1,12.666666666666666,13.2,2.0091999999999985,29.28529411764708,35.52352941176471,49.62352941176471,991.1994117647055,5.487058823529408,10.1,28.3,30.7,0,0.00000,13,0.0,0,,14.0,15.0,2.9154759474226504,0.0,0.0,0.4,-2.5,11.0,40,13.0,13.1,1.4,0.2,10,1.0,12,23.25500000000011,,3
2022,20,Mexico City,22,Yuki Tsunoda,AlphaTauri,13,20,0.631578947368421052631579,0,14,-1,9,79.589,91.685,93.66233333333334,14.920667545388174,1.813999999999993,313.0,295.0,252.0,347.0,4,1,12.666666666666666,12.4,1.8203999999999951,24.312727272727287,41.68909090909089,34.442424242424245,780.4072727272716,1.3369696969696967,4.0,22.8,25.5,0,0.00000,10,1.0,0,,12.666666666666666,14.4,3.6469165057620936,0.2,1.0,0.4,-0.2,12.0,41,13.333333333333334,13.3,1.2,0.2,20,0.0,5,22.493000000000393,,19
2022,21,São Paulo,22,Yuki Tsunoda,AlphaTauri,19,20,0.947368421052631578947368,0,12,7,11,76.264,98.095,99.58645454545454,23.883539793605287,5.382999999999996,304.0,244.0,300.0,300.0,3,2,13.666666666666666,13.2,1.9661999999999948,23.01077844311378,46.04910179640717,76.07784431137725,922.1604790419151,1.4443113772455085,2.9,20.9,25.1,0,0.00000,20,0.0,1,,14.333333333333334,14.4,3.6469165057620936,0.2,1.0,0.4,0.6,12.0,42,14.333333333333334,13.3,1.2,0.2,17,0.0,13,23.35400000000027,,9
2022,22,Yas Island,22,Yuki Tsunoda,AlphaTauri,12,20,0.578947368421052631578947,0,17,-5,10,85.219,86.135,95.92490000000001,11.556743769091899,1.394999999999996,289.0,323.0,218.0,328.0,5,1,15.666666666666666,14.0,2.670999999999995,28.57548387096773,34.31032258064516,61.68387096774194,1013.5206451612893,2.608387096774191,4.1,27.8,29.7,0,0.00000,17,0.0,0,,15.666666666666666,15.0,3.8078865529319543,0.2,1.0,0.4,-0.75,12.0,43,14.333333333333334,14.2,0.4,0.2,11,0.0,9,21.587000000000444,,7
2023,1,Sakhir,22,Yuki Tsunoda,AlphaTauri,14,20,0.684210526315789473684211,0,19,-5,9,91.4,92.72,104.69255555555556,16.665940898364475,1.6920000000000073,240.0,270.0,290.0,320.0,5,1,14.666666666666666,14.4,2.4357999999999946,27.43167701863353,31.01180124223602,21.496894409937887,1016.863975155279,0.6832298136645952,2.2,26.2,29.8,0,0.00000,11,0.0,0,83.0,16.0,14.2,4.207136793592526,0.2,1.0,0.2,0.5,,44,14.5,14.2,0.2,0.1,11,0.0,11,24.390000000000327,,5
2023,2,Jeddah,22,Yuki Tsunoda,AlphaTauri,16,20,0.789473684210526315789474,0,18,-2,8,89.939,114.167,110.27912500000002,17.169277890111076,1.6739999999999924,289.0,322.0,303.0,326.0,2,1,15.0,14.6,2.473399999999998,26.09189189189191,31.792567567567573,57.79054054054054,1010.9297297297305,1.7722972972972975,3.7,25.8,26.4,0,0.00000,11,0.0,0,83.0,13.0,13.8,4.43846820423443,0.2,1.0,0.2,1.25,0.0,45,13.5,13.6,0.2,0.2,11,0.0,7,21.40599999999995,,-3
2023,3,Melbourne,22,Yuki Tsunoda,AlphaTauri,12,20,0.578947368421052631578947,0,15,-3,17,78.099,99.521,95.75282352941176,16.603655976302683,1.3670000000000044,282.0,316.0,304.0,321.0,4,1,14.0,14.8,2.391599999999997,17.449549549549555,30.139639639639615,54.15765765765766,1018.3666666666695,1.1270270270270264,5.0,16.8,18.1,0,0.00000,11,0.0,0,83.0,11.0,14.0,4.242640687119285,0.0,0.0,0.2,0.25,0.0,46,12.5,13.7,0.0,0.2,10,1.0,6,18.23400000000038,,3
2025,1,Melbourne,22,Yuki Tsunoda,Racing Bulls,5,20,0.210526315789473684210526,1,11,-6,11,75.67,76.752,95.267,22.086396754563655,0.5739999999999981,291.0,330.0,311.0,330.0,6,1,14.0,14.6,2.302199999999999,15.707865168539323,18.942134831460663,78.42134831460675,1009.9016853932579,3.475280898876404,6.9,15.1,16.6,1,0.32584,12,0.0,1,77.0,11.333333333333334,12.2,4.969909455915671,1.6,8.0,0.4,-3.0,,90,,,,,12,0.0,2,13.554000000000087,,22
2025,2,Shanghai,22,Yuki Tsunoda,Racing Bulls,9,20,0.421052631578947368421053,1,7,2,12,91.238,102.292,105.60183333333332,13.863462710785255,0.5970000000000084,285.0,279.0,273.0,333.0,7,1,11.0,11.8,1.3403999999999996,27.215584415584427,35.81688311688313,18.233766233766232,1010.4227272727292,2.18831168831169,4.3,26.4,28.1,0,0.00000,12,0.0,0,77.0,12.333333333333334,10.6,2.5099800796022267,1.6,8.0,0.2,-2.6,0.0,91,16.0,16.0,0.0,0.5,16,0.0,7,22.47099999999955,,23
2025,3,Suzuka,22,Yuki Tsunoda,Red Bull Racing,15,20,0.736842105263157894736842,0,1,14,8,87.967,88.654,105.58999999999999,18.83492728189535,0.9839999999999947,285.0,297.0,270.0,296.0,4,1,8.666666666666666,11.2,1.180800000000002,14.42999999999999,20.514285714285716,76.37142857142857,1009.3171428571422,1.2021428571428572,2.4,14.2,14.7,0,0.00000,16,0.0,1,77.0,13.333333333333334,12.4,2.5099800796022262,0.4,2.0,0.4,-3.2,0.0,92,9.833333333333334,9.2,14.8,0.3,12,0.0,5,24.078999999999724,,-1
2025,4,Sakhir,22,Yuki Tsunoda,Red Bull Racing,10,20,0.473684210526315789473684,1,7,3,9,91.22800000000001,92.096,103.09755555555556,14.536994506354393,1.3870000000000005,242.0,272.0,286.0,315.0,5,1,9.666666666666666,11.4,1.0391999999999997,27.05253164556961,31.87025316455695,45.32911392405063,1008.1253164556957,2.105696202531645,3.6,26.6,27.9,0,0.00000,12,0.0,0,77.0,13.333333333333334,13.0,1.732050807568877,0.0,0.0,0.4,-2.4,0.0,93,7.666666666666667,9.0,17.6,0.3,9,2.0,12,24.795000000000073,,13
2025,5,Jeddah,22,Yuki Tsunoda,Red Bull Racing,8,20,0.368421052631578947368421,1,1,7,9,87.99,88.424,102.76655555555557,17.650779955225143,0.695999999999998,297.0,332.0,312.0,336.0,5,1,11.333333333333334,10.2,0.9818000000000012,29.483802816901413,37.81971830985914,62.725352112676056,1006.7661971830992,1.026056338028169,2.2,28.3,31.7,0,0.00000,9,2.0,0,77.0,12.333333333333334,12.2,2.489979919597747,0.4,2.0,0.4,-2.4,2.0,94,7.333333333333333,8.7,14.6,0.2,19,0.0,0,,,25
2025,6,Miami Gardens,22,Yuki Tsunoda,Red Bull Racing,10,20,0.473684210526315789473684,1,1,9,12,86.943,87.658,98.31666666666666,14.242639185547633,0.7389999999999901,223.0,191.0,286.0,339.0,7,1,11.0,9.4,0.8475999999999999,26.573154362416098,38.69060402684562,63.02013422818792,1012.2959731543626,1.0469798657718126,2.4,25.9,28.0,1,0.03356,19,0.0,1,77.0,13.333333333333334,13.6,3.9115214431215897,0.4,2.0,0.4,-4.4,2.0,95,8.166666666666666,8.2,16.6,0.2,10,1.0,5,22.58100000000013,,7
2025,7,Imola,22,Yuki Tsunoda,Red Bull Racing,20,20,1.000000000000000000000000,0,2,18,,,,,,,,,,,,,9.333333333333334,10.4,0.8805999999999983,23.964666666666666,42.66399999999999,38.306666666666665,1009.7999999999994,3.2479999999999993,5.0,23.4,24.3,0,0.00000,10,1.0,0,77.0,12.666666666666666,13.2,4.207136793592526,0.6,3.0,0.4,-3.0,3.0,96,8.333333333333334,7.9,15.6,0.1,10,1.0,12,29.970000000000255,,-7
2025,8,Monaco,22,Yuki Tsunoda,Red Bull Racing,12,20,0.578947368421052631578947,0,5,7,16,71.41499999999999,87.851,88.31418749999999,14.555301010141747,1.4609999999999843,223.0,209.0,270.0,280.0,4,1,12.666666666666666,12.6,0.9514999999999958,22.20937500000001,43.31749999999996,52.51875,1016.7837499999993,0.9793749999999999,2.2,21.3,22.9,0,0.00000,10,1.0,0,77.0,13.0,12.0,4.06201920231798,0.8,4.0,0.2,0.4,4.0,97,7.666666666666667,7.4,18.4,0.1,17,0.0,5,23.891999999999825,,15
2025,9,Barcelona,22,Yuki Tsunoda,Red Bull Racing,20,20,1.000000000000000000000000,0,3,17,4,73.385,73.847,88.52149999999999,17.503756672973566,1.8390000000000128,290.0,308.0,292.0,323.0,2,1,14.0,12.0,1.0707499999999932,29.11999999999999,48.54322580645158,54.6258064516129,1002.7716129032251,1.6329032258064524,3.5,28.1,30.0,0,0.00000,17,0.0,1,77.0,12.333333333333334,13.0,4.636809247747852,0.8,4.0,0.4,-1.0,4.0,98,7.666666666666667,8.2,15.8,0.2,13,0.0,18,21.80999999999949,,4
2025,10,Montréal,22,Yuki Tsunoda,Red Bull Racing,11,20,0.526315789473684210526316,0,2,9,10,72.102,73.287,87.09859999999999,16.85380060797366,1.203000000000003,263.0,285.0,298.0,336.0,5,1,17.333333333333332,14.0,1.1837499999999963,24.036526946107763,49.25329341317365,27.976047904191617,1018.9281437125736,1.0377245508982031,2.9,22.8,25.6,1,0.00599,13,0.0,0,77.0,13.333333333333334,13.8,4.08656334834051,0.4,2.0,0.4,0.0,4.0,99,9.166666666666666,9.0,14.0,0.2,12,0.0,11,18.247000000001208,,13
2025,11,Spielberg,22,Yuki Tsunoda,Red Bull Racing,18,20,0.894736842105263157894737,0,7,11,4,65.369,65.386,83.7875,22.93071655371168,1.3979999999999961,319.0,248.0,287.0,321.0,2,1,14.333333333333334,14.6,1.3104999999999976,30.347826086956506,49.16645962732919,31.981366459627328,943.3447204968951,1.6180124223602488,3.7,29.1,31.3,0,0.00000,12,0.0,1,77.0,14.0,12.4,2.8809720581775866,0.4,2.0,0.4,3.4,4.0,100,9.666666666666666,8.3,14.0,0.2,16,0.0,8,21.563999999999396,,4
2025,12,Silverstone,22,Yuki Tsunoda,Red Bull Racing,12,20,0.578947368421052631578947,0,1,11,9,85.826,103.906,101.36333333333332,14.809775867649044,0.9339999999999975,324.0,272.0,258.0,326.0,4,1,16.333333333333332,16.2,1.475249999999999,17.917419354838703,23.578709677419354,78.3741935483871,988.7767741935467,1.4832258064516135,5.8,16.0,19.6,1,0.18065,16,0.0,1,77.0,13.666666666666666,13.6,2.8809720581775866,0.2,1.0,0.6,3.8,4.0,101,11.833333333333334,10.3,11.4,0.4,15,0.0,7,28.611000000000786,,13
2025,13,Spa-Francorchamps,22,Yuki Tsunoda,Red Bull Racing,7,20,0.315789473684210526315789,1,4,3,9,101.245,102.381,117.96588888888891,19.64731654351584,0.6830000000000069,342.0,217.0,228.0,315.0,6,1,13.666666666666666,14.6,1.3669999999999987,17.03004484304933,24.090134529147992,84.4439461883408,965.0475336322884,1.446188340807175,3.2,14.5,19.0,1,0.45740,15,0.0,1,77.0,14.333333333333334,14.6,2.073644135332772,0.0,0.0,0.8,1.0,4.0,102,11.333333333333334,11.2,8.2,0.5,13,0.0,3,23.20299999999952,,19
2025,14,Budapest,22,Yuki Tsunoda,Red Bull Racing,16,20,0.789473684210526315789474,0,8,8,4,75.899,76.53399999999999,91.08200000000001,17.16762781128094,1.0090000000000003,285.0,257.0,261.0,311.0,2,1,12.333333333333334,13.6,1.2114000000000034,22.08216560509553,32.7299363057325,57.24203821656051,987.1401273885358,2.1509554140127394,3.7,21.6,22.5,0,0.00000,13,0.0,0,77.0,14.666666666666666,13.8,1.6431676725154984,0.0,0.0,0.6,0.8,4.0,103,11.833333333333334,10.8,8.2,0.4,17,0.0,12,21.32800000000043,,14
2025,15,Zandvoort,22,Yuki Tsunoda,Red Bull Racing,12,20,0.578947368421052631578947,0,3,9,10,69.622,70.661,82.93299999999999,14.73031323495872,0.9599999999999937,292.0,281.0,323.0,332.0,5,1,11.666666666666666,12.8,1.0454000000000008,20.077358490566034,27.963522012578633,71.17610062893081,1006.205660377358,2.170440251572328,3.9,19.4,20.7,0,0.00000,17,0.0,1,77.0,15.0,14.6,2.073644135332772,0.0,0.0,0.8,0.2,4.0,104,10.5,11.1,8.4,0.5,9,2.0,8,18.32300000000032,,4
2025,16,Monza,22,Yuki Tsunoda,Red Bull Racing,10,20,0.473684210526315789473684,1,1,9,11,79.43299999999999,80.039,92.81618181818182,15.562918414090474,0.6409999999999911,323.0,341.0,315.0,348.0,6,1,11.666666666666666,13.0,0.9967999999999989,26.761111111111102,43.28819444444442,42.604166666666664,996.7527777777791,1.960416666666666,4.0,25.9,27.4,0,0.00000,9,2.0,0,77.0,13.0,14.0,3.1622776601683795,0.4,2.0,0.6,-0.4,6.0,105,9.0,10.8,8.8,0.4,13,0.0,5,24.32300000000032,,12
2025,17,Baku,22,Yuki Tsunoda,Red Bull Racing,6,20,0.263157894736842105263158,1,1,5,9,101.788,102.878,114.65955555555554,16.557683753405176,0.6710000000000065,224.0,225.0,339.0,321.0,5,2,12.666666666666666,11.4,0.8453999999999979,20.551923076923092,26.107051282051287,59.833333333333336,1021.1160256410266,1.5070512820512825,2.9,20.3,21.1,0,0.00000,13,0.0,0,77.0,13.0,13.4,2.9664793948382653,0.4,2.0,0.4,-1.6,6.0,106,8.5,8.8,13.8,0.2,6,8.0,4,20.264000000000124,,17
2025,18,Marina Bay,22,Yuki Tsunoda,Red Bull Racing,13,20,0.631578947368421052631579,0,2,11,8,90.35300000000001,91.745,108.03912500000001,18.690894188175466,1.1950000000000074,312.0,279.0,260.0,303.0,4,1,9.333333333333334,10.2,0.7927999999999997,29.072049689440938,33.852173913043515,74.36024844720497,1010.7776397515512,1.1111801242236026,2.2,28.5,29.5,1,0.03727,6,8.0,0,77.0,9.333333333333334,11.6,4.219004621945797,2.0,10.0,0.2,-0.8,14.0,107,5.333333333333333,7.5,18.4,0.1,12,0.0,9,24.498999999999796,,7
2025,19,Austin,22,Yuki Tsunoda,Red Bull Racing,13,20,0.631578947368421052631579,0,1,12,8,93.46600000000001,94.22200000000001,106.64525,14.75925186596045,0.9560000000000173,237.0,192.0,212.0,326.0,4,1,9.666666666666666,11.4,0.8951999999999998,28.267532467532465,45.04480519480521,22.532467532467532,1001.1077922077926,2.082467532467532,4.9,26.4,29.3,0,0.00000,12,0.0,1,77.0,10.333333333333334,11.4,4.159326868617084,2.0,10.0,0.4,0.6,14.0,108,5.833333333333333,7.2,19.6,0.2,7,6.0,5,24.161999999999352,,-1
2025,20,Mexico City,22,Yuki Tsunoda,Red Bull Racing,11,20,0.526315789473684210526316,0,5,6,8,76.816,77.669,92.314125,17.12607317544551,1.230000000000004,318.0,298.0,254.0,349.0,4,1,10.666666666666666,10.8,0.8846000000000032,26.405555555555555,50.58827160493828,23.234567901234566,780.8888888888889,1.8475308641975292,3.9,25.4,27.1,0,0.00000,7,6.0,0,77.0,8.333333333333334,9.4,3.049590136395381,3.2,16.0,0.2,1.2,20.0,109,4.833333333333333,5.4,25.4,0.1,11,0.0,8,31.721999999999753,,8
2025,21,São Paulo,22,Yuki Tsunoda,Red Bull Racing,19,19,1.000000000000000000000000,0,16,3,7,70.711,87.926,88.31585714285714,17.477209974025904,1.2000000000000028,325.0,265.0,333.0,338.0,2,1,12.333333333333334,10.6,0.9386000000000052,17.34802631578948,30.69276315789474,70.57236842105263,929.708552631579,1.5098684210526314,2.9,16.6,18.0,0,0.00000,11,0.0,0,77.0,10.0,9.8,3.1144823004794873,2.8,14.0,0.2,0.4,20.0,110,6.0,5.7,24.4,0.1,17,0.0,14,23.039999999999964,,10
2025,22,Las Vegas,22,Yuki Tsunoda,Red Bull Racing,19,20,0.947368421052631578947368,0,2,17,7,116.798,122.504,126.95442857142858,11.362035114907052,8.864000000000004,143.0,182.0,288.0,219.0,1,1,14.333333333333334,12.4,1.0504000000000075,16.73404255319152,19.529787234042566,37.765957446808514,941.8964539007092,1.436879432624114,2.8,16.3,17.2,0,0.00000,17,0.0,0,77.0,11.666666666666666,10.6,4.39317652729776,2.8,14.0,0.2,1.2,20.0,111,7.0,6.3,22.4,0.1,12,0.0,7,20.81999999999971,,-7
2025,23,Lusail,22,Yuki Tsunoda,Red Bull Racing,16,20,0.789473684210526315789474,0,3,13,7,80.761,100.226,101.54757142857144,20.897173627527902,1.3739999999999952,253.0,290.0,285.0,326.0,2,1,16.333333333333332,15.0,2.689000000000007,22.59932885906039,28.160402684563756,69.04697986577182,1016.0953020134215,1.2510067114093952,2.7,21.6,23.7,0,0.00000,12,0.0,0,77.0,13.333333333333334,11.8,3.5637059362410923,1.2,6.0,0.2,2.8,20.0,112,7.833333333333333,6.9,20.8,0.1,10,1.0,6,28.183999999999287,,-5
2025,24,Yas Island,22,Yuki Tsunoda,Red Bull Racing,10,20,0.473684210526315789473684,1,1,9,11,83.03399999999999,103.39099999999999,97.77145454545453,14.173028881390431,0.8269999999999982,295.0,326.0,222.0,332.0,6,1,18.0,15.6,2.7248000000000046,26.67402597402595,31.0616883116883,60.44155844155844,1016.7279220779227,1.5733766233766233,3.2,25.9,27.5,0,0.00000,10,1.0,0,77.0,13.0,11.4,3.646916505762094,1.4,7.0,0.0,3.6,21.0,113,7.333333333333333,6.6,22.4,0.0,14,0.0,9,26.934000000000196,,18
